o	146568
a	113219
de	110338
e	92078
à	55632
che	49413
da	43430
no	42279
un	42183
in	42182
l'é	39674
pe	30118
se	29996
unna	27273
i	26256
l'à	26169
do	25458
ciù	17308
di	16500
ghe	15657
ma	15392
con	14974
ch'o	14191
inte	13992
seu	13566
a-o	13358
ti	12141
son	11855
me	11589
comme	11470
ò	10920
a-a	10861
l'ea	10699
ch'a	9277
ben	9269
into	9126
mæ	8698
quello	8648
mi	8437
inta	7967
lê	7643
gh'é	7257
fâ	6623
da-o	6125
sciâ	6074
fæto	6004
sciô	5948
tanto	5878
stæto	5796
a-i	5742
dito	5508
coscì	5455
tutto	5446
quande	5420
chi	5328
tutti	5302
ascì	5271
ô	5221
chì	5124
perché	4953
ne	4945
da-a	4905
fin	4901
s'é	4848
an	4833
sensa	4820
l'aiva	4807
mai	4621
cöse	4613
co-o	4525
quella	4504
dòppo	4432
pe-a	4374
co-a	4225
ancon	4165
sò	4156
pe-o	3960
za	3947
sce	3886
apreuvo	3857
solo	3798
te	3780
dî	3778
ninte	3771
peu	3762
zena	3689
sta	3586
doî	3556
anni	3462
delongo	3454
tra	3435
veu	3429
gh'ea	3425
tutte	3341
sto	3269
fa	3227
lì	3220
gh'à	3189
mâ	3166
donde	3150
primma	3106
oua	3081
dæto	3071
manco	3049
torna	3029
feua	2995
quelli	2959
tempo	2955
casa	2879
avanti	2860
a-e	2843
dapeu	2808
parte	2795
semmo	2783
vedde	2716
â	2704
stæta	2598
en	2529
dixe	2472
inti	2459
ve	2451
ëse	2450
prescidente	2422
figgeu	2410
moæ	2389
loensin	2314
giorno	2274
gente	2269
m'à	2255
anâ	2243
doe	2212
contra	2189
emmo	2179
atri	2176
vitta	2174
nisciun	2101
va	2101
beseugna	2089
bon	2074
cà	2068
quæ	2051
mette	2045
teu	2034
mondo	2030
visto	2000
da-i	1993
stâ	1979
co-i	1971
zeneise	1965
passou	1964
pòrta	1955
quarche	1943
giorni	1934
pâ	1928
vòtta	1919
sciù	1918
cheu	1911
travaggio	1908
intanto	1897
co-e	1890
segge	1873
tutta	1870
piggiou	1860
pö	1850
pe-i	1829
saià	1827
momento	1825
megio	1820
avei	1818
testa	1816
misso	1806
mezo	1794
segondo	1792
gh'ò	1775
primmo	1761
vëgne	1750
poia	1746
fiña	1744
vegnuo	1737
vòtte	1726
piggiâ	1722
vegnî	1715
ean	1695
atro	1690
stradda	1684
aloa	1676
persoñe	1673
gio	1664
ni	1654
bello	1653
pê	1649
scì	1634
dònna	1628
verso	1625
anche	1623
man	1618
euggi	1609
giña	1609
quelle	1598
pròpio	1595
î	1592
lengua	1580
scià	1575
gran	1566
cao	1553
t'ê	1552
dâ	1549
anæto	1548
cösa	1543
t'æ	1534
guæi	1529
poæ	1522
çittæ	1522
neutte	1492
dinæ	1474
insemme	1471
figgia	1470
drento	1464
tæra	1459
lô	1451
scî	1427
trei	1414
tròppo	1404
seguo	1401
pe-e	1399
guæra	1395
poeiva	1364
segnô	1363
ancheu	1356
moen	1349
caxo	1328
scê	1328
parlâ	1327
sotta	1326
quante	1308
l'ægua	1302
d'in	1294
governo	1292
bella	1289
uña	1288
passâ	1274
fava	1273
m'é	1269
tante	1269
tanti	1255
da-e	1254
mæximo	1239
derê	1233
diva	1232
fito	1232
commun	1227
n'é	1223
òmmo	1220
sei	1218
san	1215
saieiva	1213
stæti	1209
sa	1206
veuggio	1200
domandou	1196
grande	1194
pòsto	1194
fïse	1186
paise	1186
sentî	1183
voeiva	1182
quarcösa	1173
via	1170
avuo	1168
s'ea	1157
zu	1140
boña	1133
neuva	1131
mainea	1128
persoña	1128
neuvo	1125
famiggia	1121
fræ	1113
pittin	1108
töa	1105
quattro	1104
voxe	1102
fòrte	1097
seia	1095
mangiâ	1094
s'o	1090
mente	1079
pöco	1072
atre	1069
liguria	1063
comensou	1058
stæ	1057
pin	1051
sti	1051
paiva	1048
mattin	1041
moggê	1040
ste	1037
vexin	1033
incangio	1032
poule	1029
mòrto	1023
machina	1016
stati	1013
beseugno	1011
l'ò	1010
letto	1003
pan	995
d'ëse	989
arrivou	987
piaxei	986
luxe	984
fòscia	983
sentio	982
l'atro	977
ministro	977
conto	969
savei	969
ê	969
feugo	968
cian	964
s'a	961
squæxi	956
poei	955
marinetta	953
doman	949
là	946
stà	943
çinque	939
ponto	938
stançia	930
figgio	925
portou	924
arrivâ	922
unn'atra	922
l'atra	919
raxon	917
l'òmmo	914
n'à	913
anæta	909
pòsso	907
tòsto	907
rie	900
saiva	899
sô	899
conseggio	895
træ	884
unii	881
vosciuo	879
comm'a	877
donca	874
vin	874
comm'o	867
mòrti	867
davei	855
coæ	853
passa	852
fan	851
scrito	851
niatri	847
çê	847
sempre	843
aiva	842
piggia	842
arrestou	841
voî	837
ven	831
tempi	828
nomme	825
gh'an	821
l'an	821
fæ	820
lasciou	817
quarchedun	815
averto	813
vista	809
mæxima	805
dà	802
mòrte	800
barba	799
ligure	799
vea	799
meixi	798
paxe	798
oe	797
vive	793
ciæo	786
parlou	786
diggo	784
òmmi	781
mòddo	779
questo	773
fæta	770
veitæ	770
giornâ	767
travaggiâ	767
parla	765
posciuo	764
quand'o	764
bocca	763
peuan	762
fronte	759
assæ	757
meno	755
giusto	753
davanti	748
sciortî	748
inderê	747
vaggo	747
stöia	737
piccin	735
stava	729
gh'aiva	728
guägno	728
zoeno	726
sæ	720
l'anno	715
nòstro	710
amixi	709
barcon	709
settemaña	708
voei	707
portâ	706
scheua	705
domanda	703
poexia	703
graçie	702
piña	701
prexon	701
van	700
fasso	698
nòstra	693
vegniva	693
region	692
maio	688
papê	688
longo	687
vëgnan	686
ea	685
tiou	685
nisciuña	683
perde	683
çimma	683
fâse	682
finio	681
tiâ	679
re	674
muggio	672
d'avei	671
procua	669
saiæ	667
mioin	666
dònne	664
tardi	662
freido	660
porrieiva	660
vento	660
lettia	657
perso	654
vëi	654
sciben	653
d'ægua	650
zeugo	649
fòrsa	646
mego	645
ciassa	644
lezze	642
cado	641
vestî	640
fæti	638
vegnua	637
italia	636
l'äia	633
ruscia	633
d'anâ	632
gexa	629
trovâ	629
can	626
pensâ	625
montâ	624
neuve	622
reisego	622
scrive	619
ei	618
fondo	618
basta	617
partio	614
staçion	613
partî	612
sangue	612
provinsa	606
treno	606
ch'an	604
intrâ	603
l'angeinin	603
cazze	602
lasciâ	598
gusta	593
zeneixi	593
pezo	592
dovuo	590
progetto	590
carte	588
ch'ò	585
sciòrte	584
stæte	584
festa	583
tanta	583
ammassou	582
l'avieiva	582
ammiâ	580
constante	579
maniman	577
ponti	577
pòrto	576
sciortio	575
ciammou	573
libbro	573
còrpo	572
miga	571
drito	569
europea	569
stato	567
dond'o	564
cianze	563
segonda	563
trovou	561
meise	559
credde	558
moro	558
però	557
aivan	555
dormî	555
na	553
vegio	553
arrivæ	552
virginia	552
vegia	551
dâghe	550
dava	549
leze	548
romma	548
grammo	547
menuti	547
sëi	545
conti	540
conosce	539
beive	537
miagia	537
mostra	537
euro	533
maria	533
mòrta	532
drita	531
l'agge	531
serve	530
patron	526
fra	525
palaçio	525
poula	524
çercâ	524
l'anava	523
viægio	523
gazza	522
saña	522
ògni	522
passo	521
figgi	519
moî	517
galante	516
toccou	515
fransa	514
dîghe	513
seguessa	513
comensa	511
ammia	510
contou	510
cös'o	509
dixan	508
prinçipin	504
çerti	504
compagnia	503
importante	503
nasciuo	502
poliçia	502
scito	502
domenega	500
famme	500
lontan	500
respòsto	499
viatri	499
carne	496
sette	496
cappo	495
l'italia	495
annonçiou	494
dexe	492
röba	492
missa	491
amigo	490
muxica	489
attrovou	488
eleçioin	487
figge	487
naçionale	487
l'uspiâ	486
sola	485
cine	483
m'an	483
d'ato	482
cheito	481
pöchi	481
anæti	480
quand'a	480
l'oa	479
tegnî	479
vòstra	478
lengue	477
milan	477
coxiña	476
partia	476
tutt'assemme	473
zoeni	473
giacomiña	469
l'urtimo	469
zugou	469
giustiçia	468
canto	467
resto	467
rosso	467
dio	466
pægio	465
soçietæ	465
pelle	464
costion	463
n'ò	463
pöcassæ	463
cavallo	461
condiçioin	461
serrâ	461
stradde	461
noiatri	459
ponte	459
arrestâ	457
tò	457
bòsco	456
lascia	456
fâghe	455
meitæ	453
mascime	450
ciave	449
politica	449
conosciuo	448
sentiva	448
brasso	447
respòsta	447
paixi	446
cavelli	445
m'ea	443
sento	443
tiatro	443
anemmo	440
cianin	440
libertæ	440
primmi	440
butega	438
cangio	437
scituaçion	437
squaddra	437
veddo	437
cô	435
isræle	434
proverbio	434
questa	434
anno	432
levante	430
çercou	430
italian	429
s'à	429
campo	428
cammin	426
cangiâ	426
finî	426
conta	425
ballon	424
travaggi	424
d'accòrdio	423
pagâ	423
tornâ	423
veddeiva	422
d'ancheu	421
senso	420
sente	419
danni	418
pòsse	418
deçixon	417
capî	416
scuo	415
tia	415
seunno	414
qualitæ	413
tòcco	413
scindico	412
ciammâ	411
l'urtima	411
n'aiva	411
l'æ	409
scignoa	409
diao	407
femmo	407
generale	407
mandou	407
belle	405
poemmo	404
marco	403
memöia	402
serrou	400
ançi	399
deve	399
urtimi	399
cheita	398
fasse	398
gòtto	398
areo	396
mangiou	396
cacciou	395
l'aviæ	395
l'union	395
sacciuo	395
campagna	394
saian	394
accattou	393
pubrico	393
paçiensa	392
còllo	390
sanitæ	389
tocca	389
franchi	387
guardia	387
raxoin	387
staggo	387
pensa	386
fortuña	385
piaxe	385
giardin	384
denti	383
poscibile	382
inandiou	380
arente	379
fâlo	379
gròsso	379
doçe	378
forma	377
çerte	377
longa	376
dovei	374
figgetta	373
contâ	370
ponente	370
santa	369
vanni	368
arvî	367
boñe	367
dan	367
gianco	367
settembre	367
vëgni	367
deçiso	366
bestie	365
stelle	365
introu	364
gambe	363
neigro	363
pensou	363
sedonca	363
l'avesse	362
natua	362
ammassâ	361
spesso	361
arrestæ	360
gruppo	360
franseise	359
nuvie	359
poeta	359
croxe	358
scheña	358
gianca	357
rapalliña	357
secolo	357
american	355
ciamma	355
destin	355
prexo	355
zugâ	355
cafè	354
contento	354
d'inta	354
l'ucraina	354
libbri	354
pai	354
caa	353
carrega	353
presentou	353
vegi	353
attrovâ	352
propòsta	351
verde	351
zugno	351
neuvi	350
n'ea	349
reçevuo	348
doveiva	347
parlava	347
tegniva	347
capisce	346
d'öo	346
recatto	345
veo	345
ah	344
preuva	344
pria	344
repubrica	344
d'agosto	343
erta	343
mazzo	343
scena	343
mæña	342
luggio	341
n'an	341
fermâ	340
provou	340
scappâ	339
corpa	338
gexù	338
l'arresta	338
nòstri	338
grega	337
mainee	337
præ	337
corte	336
faccia	336
regionale	336
carlo	335
l'euröpa	335
marso	335
metri	334
fî	333
grendi	333
l'intra	333
cavo	332
d'arvî	332
novembre	332
scioî	332
veuan	332
zoveno	332
italiaña	331
penso	331
sciato	331
dexembre	330
faià	330
ucraina	330
mandâ	328
speransa	328
dæta	327
pöveo	327
zugoei	327
læte	326
lettiatua	325
pægia	325
sabbo	325
settemañe	325
pensava	324
seggian	324
successo	324
corpio	323
condiçion	322
l'avvocato	322
zenâ	322
domandâ	321
legno	321
versci	321
accòrdio	318
capio	318
sciortia	318
çeña	318
accattâ	317
proçesso	316
scistema	316
coltua	313
giudiçe	313
l'oppoxiçion	313
segno	313
base	312
dô	312
voentea	312
çento	312
ceuve	311
guägna	311
pescio	311
responde	311
tegnuo	311
l'açienda	310
meistra	310
vagghe	310
daggo	308
relaçion	308
violensa	308
zovena	308
fâme	307
metteiva	307
passava	307
voscià	307
accaxonou	306
amô	306
carta	306
commiscion	306
passæ	306
poscibilitæ	306
miage	305
disnâ	304
dötrei	304
servixo	304
naso	303
sciumme	303
sâ	302
vòstro	302
levou	301
palanche	301
brasse	300
ch'ean	300
lalla	300
mettan	300
stacca	300
caccia	299
finia	299
miliardi	299
notiçia	299
missi	298
steumago	298
commentou	297
d'ottobre	297
foïse	297
prinçipâ	297
çentro	297
braghe	296
l'idea	296
peixe	296
l'anima	295
patî	295
çerca	295
adòsso	294
comensâ	294
figua	294
problemi	294
maggioransa	293
mostrou	293
staseia	293
vergheugna	293
belli	292
poexie	292
brutto	291
commento	291
dæti	291
nòstre	291
unn'investigaçion	291
assettou	290
meistro	290
mille	290
monte	290
travaggia	290
cangiou	289
levâ	289
mangia	289
raggia	289
sprescia	289
dæ	288
l'etæ	288
meza	288
presensa	288
problema	288
dimiscioin	287
barca	286
creddo	286
gh'æ	286
nave	286
primme	286
internaçionale	284
numero	284
særa	284
vittime	284
deuviâ	283
frevâ	283
rossa	283
l'arriva	282
televixon	282
terren	282
domande	281
erboi	281
l'avià	281
unn'oa	281
la	280
çerto	280
luña	279
m'ò	279
salla	279
attacco	278
erto	278
façile	278
pöi	278
ræ	278
conoscio	277
mentre	277
camminâ	276
coa	276
inandiâ	276
attaccou	275
chinze	275
favan	275
caxi	274
deciarou	274
fòrse	274
l'amô	274
pasci	274
momenti	273
vëgno	273
azzonto	272
basso	272
gren	272
piccou	272
ægua	272
aggiuttâ	271
cresce	271
saveiva	271
carabinê	270
l'estranxeo	270
mosca	270
picciña	270
spaçio	270
tëgne	270
cascia	269
cös'a	269
nasce	269
dagghe	268
mettise	268
digghe	267
föto	267
gramma	267
pronto	267
scilençio	267
tribunâ	267
scagno	266
vegnià	266
s'en	265
avviou	264
santo	264
d'italia	263
meghi	263
biggetto	262
drin	262
ferii	261
t'ô	261
caxonou	260
dita	260
portava	260
pubricou	260
rotto	260
tradiçion	260
compagni	259
oa	259
prinçipio	259
tornou	259
aspëtâ	258
l'accòrdio	258
pövea	258
locale	257
prinçipe	257
pösa	257
spedia	257
defeisa	256
gatto	256
cappello	255
ministëio	255
pappa	255
scâ	255
tòcchi	255
camixa	254
descorso	254
vixita	254
çercava	254
dixi	253
dovieiva	253
l'ammia	253
sposâ	253
averta	252
biden	252
bòrdo	252
corpo	252
fresco	252
gh'emmo	252
maiciù	252
ponta	252
deuvia	251
tenscion	251
l'investigaçion	250
s'ean	250
ch'aiva	249
dond'a	249
patroña	249
quæxi	249
seiaña	249
trafego	249
veddemmo	249
l'intrâ	248
monta	248
moutia	248
neive	248
piggiæ	248
scarpe	248
terso	248
bellin	247
fia	247
livello	247
scrita	247
scuse	247
matto	246
replica	246
attençion	245
corsa	245
guägnâ	245
presente	245
rincresce	245
sòlito	245
vinti	245
ciæa	244
motivo	244
regno	244
sentê	244
vorrieiva	244
cotello	243
formaggio	243
m'aiva	243
rende	243
cavalli	242
corrente	242
scontro	242
spalle	242
stanni	242
brutta	241
ciaschedun	241
defæti	241
messiavo	241
promisso	241
s'attreuva	241
sordatti	241
famigge	240
taggiâ	240
dua	239
produçion	239
testo	239
particolâ	238
boin	237
contenta	237
deruo	237
professô	237
telefono	237
eutto	236
genitoî	236
porrià	236
quarto	236
òh	236
ciufito	235
intræ	235
releuio	235
spagna	235
studio	235
vallâ	235
vivo	235
gia	234
giâ	234
atto	233
bottiggia	233
cantê	233
corruçion	233
creddeiva	233
grave	233
pòpolo	233
vorriæ	233
parlamento	232
pòrte	232
sorpreisa	232
direttô	231
emo	231
fâla	231
permisso	231
cangia	230
castello	230
meue	230
oege	230
regiña	230
desgraçia	229
riva	229
bassa	228
ch'emmo	228
confin	228
divan	228
l'autô	228
maneuvra	228
voeivan	228
voentæ	228
dâse	227
lago	227
portæ	227
pövei	227
ricco	227
streito	227
ammiou	225
case	225
compagno	225
feugge	225
mesue	225
segretäio	225
sorviatutto	225
freve	224
intende	224
lagrime	224
madonnâ	224
sentensa	224
approvou	223
attacchi	223
bestia	223
fermou	223
neigra	223
nòtta	223
spegio	223
strage	223
territöio	223
die	222
præve	222
responsabilitæ	222
condannou	221
franco	221
m'æ	221
machine	221
ottegnî	221
proteçion	221
segretto	221
taggiou	221
tregua	221
veuo	221
canson	220
driti	220
miggiæa	220
pua	220
ammassamento	219
figgeua	219
gusto	219
patatte	219
porriæ	219
preisa	219
quantitæ	219
replicou	219
chinâ	218
conte	218
crixi	218
faiò	218
gazzo	218
m'ei	218
mesciâ	218
mestê	218
mia	218
vâ	218
exempio	217
piggiava	217
serva	217
stanco	217
veddi	217
çerne	217
germania	216
giudiçi	216
magara	216
stan	216
streita	216
vittima	216
contenti	215
dozze	215
linia	215
trovava	215
zoena	215
carrego	214
confermou	214
poxiçion	214
saxon	214
succao	214
corso	213
giacomin	213
montagna	213
parlo	213
partensa	213
refuou	213
ruscio	213
vittöia	213
beddin	212
forno	212
færo	212
fïsan	212
aggiutto	211
ciante	211
fugassa	211
pasta	211
quaddro	211
serræ	211
conosceiva	210
l'universcitæ	210
pistòlla	210
poeivan	210
primmaveia	210
scentâ	210
tòrto	210
vende	210
mainâ	209
cea	208
cû	208
fermæ	208
nòrd	208
barco	207
batte	207
bellessa	207
biggetti	207
cacciâ	207
conträio	207
fattoriso	207
gh'â	207
graddi	207
l'attacco	207
manciña	207
novitæ	207
tersa	207
accapî	206
arme	206
classe	206
devo	206
etæ	206
politico	206
saiò	206
banca	205
bevuo	205
indagou	205
innamoou	205
travaggiava	205
battaggia	204
besagno	204
dënâ	204
françesco	204
piccâ	204
piggio	204
pægi	204
t'ò	204
accapio	203
cua	203
diffiçile	203
finisce	203
fumme	203
indòsso	203
pubrica	203
rio	203
scheue	203
toccâ	203
çentanæa	203
gramme	202
l'emmo	202
manca	202
mercou	202
ræo	202
zane	202
assettâ	201
attivitæ	201
intençion	201
italien	201
l'	201
l'examme	201
lasciæ	201
maiâ	201
militare	201
peiso	201
reusa	201
villa	201
lou	200
reixe	200
toso	200
communitæ	199
gamba	199
lettie	199
quartê	199
realtæ	199
visti	199
çivile	199
ammiæ	198
distansa	198
regole	198
viva	198
açidente	197
coraggio	197
devi	197
indagæ	197
peto	197
remesciou	197
væ	197
l'erbo	196
sott'a-o	196
studiâ	196
taggia	196
goa	195
pianeta	195
benarda	194
l'exerçito	194
martin	194
migranti	194
rattella	194
carroggio	193
despiaxei	193
euggio	193
fonzi	193
media	193
pòsti	193
cantia	192
largo	192
ligæ	192
movimento	192
ostaggi	192
sarsa	192
scceuppo	192
sciou	192
studenti	192
addeuviâ	191
bongiorno	191
brava	191
capitanio	191
caxon	191
d'äia	191
lista	191
pansa	191
paròlle	191
pollin	191
pöche	191
retræto	191
scæ	191
teito	191
gròssa	190
mesua	190
preuve	190
regallo	190
restâ	190
scusa	190
serie	190
vegnui	190
apeña	189
bleu	189
firmou	189
föe	189
parco	189
spezza	189
l'euggio	188
mamà	188
montou	188
sciòpero	188
segua	188
tio	188
addesciou	187
feliçe	187
prevedde	187
veddan	187
d'inte	186
davan	186
fesse	186
giassa	186
maiezzo	186
parlan	186
peccou	186
popolare	186
testi	186
çitten	186
cappi	185
dex'anni	185
firpo	185
imprende	185
poidisnâ	185
rumenta	185
v'ò	185
candidou	184
commandou	184
döia	184
l'euio	184
politiche	184
scindica	184
d'into	183
fanni	183
incontrou	183
l'amigo	183
l'economia	183
personaggi	183
speise	183
visciuo	183
zöna	183
ascordou	182
comenso	182
fresca	182
piñe	182
vint'anni	182
vorpe	182
abrettio	181
fruta	181
l'intençion	181
neigri	181
urtime	181
vegnivan	181
aviæ	180
contava	180
demoa	180
discorso	180
l'iran	180
scignoro	180
treuva	180
carròssa	179
ciæti	179
conosciua	179
domando	179
duo	179
dîme	179
euve	179
m'ô	179
piggian	179
scin	179
sestri	179
stavan	179
sà	179
dötræ	178
gh'ei	178
lunesdì	178
prie	178
soventi	178
tiava	178
video	178
coî	177
lavâ	177
loenso	177
piggiâse	177
tore	177
verscion	177
apòsta	176
borsa	176
cantâ	176
mæximi	176
soluçion	176
soçiale	176
arresti	175
battestiña	175
fäso	175
l'aivan	175
l'incontro	175
mescia	175
mostrâ	175
museo	175
patio	175
pompê	175
testette	175
arriva	174
compreiso	174
criou	174
descoverto	174
idee	174
liatri	174
difficortæ	173
latin	173
loiatri	173
metti	173
sott'a-i	173
tragedia	173
travaggiou	173
çerta	173
anæ	172
ballou	172
dispoxiçion	172
fermo	172
fæña	172
partii	172
pascion	172
permette	172
speisa	172
tramezo	172
bande	171
papà	171
pesto	171
turin	171
veddro	171
baccan	170
badda	170
core	170
l'autobo	170
prattica	170
striscia	170
ciña	169
contròllo	169
gianchi	169
reforma	169
secoli	169
aveighe	168
borrasca	168
bricchi	168
caitæ	168
coverta	168
l'avvegnî	168
liberaçion	168
masso	168
bagno	167
durante	167
propòsto	167
strâ	167
zeuggia	167
zonta	167
d'euro	166
ferma	166
l'ombra	166
liguri	166
messaggio	166
napoli	166
pænti	166
quell'òmmo	166
saieivan	166
ciavai	165
conseguense	165
ficco	165
idea	165
l'unico	165
parlæ	165
scappou	165
sciortii	165
stagghe	165
temperatue	165
campi	164
ciantila	164
incontro	164
mantegnî	164
paròlla	164
sæximo	164
venardì	164
colaçion	163
l'arve	163
mascimo	163
pagina	163
polemiche	163
premio	163
rotta	163
sciti	163
vacansa	163
assettæ	162
açettou	162
banco	162
leva	162
mion	162
respetto	162
scioa	162
taggio	162
giornæ	161
metto	161
nascion	161
porrieivan	161
propòxito	161
rivea	161
sciätou	161
stemmo	161
unn'euggiâ	161
adio	160
capitou	160
ch'en	160
cianta	160
freida	160
persa	160
porriësci	160
spero	160
stamattin	160
varsciua	160
comensava	159
conseggi	159
cuxî	159
grende	159
lasciava	159
lascio	159
ligou	159
marcou	159
monti	159
segretäia	159
telefonin	159
veddiæ	159
cada	158
domandâghe	158
serio	158
sæa	158
ton	158
voto	158
bravo	157
ciazza	157
eh	157
l'accusa	157
l'america	157
nasciua	157
notiçie	157
pensi	157
pòrtan	157
sciortiva	157
stavòtta	157
trattâ	157
valixe	157
antighi	156
avieivan	156
costi	156
giornalista	156
grixo	156
mòddi	156
s'afferma	156
scciuppâ	156
ascoso	155
barcoin	155
graçia	155
prexonê	155
sandöia	155
sanremmo	155
scignoria	155
vexiña	155
atteiso	154
breiga	154
bruxou	154
conoscensa	154
contræto	154
differensa	154
fô	154
interesse	154
mätesdì	154
protesta	154
röbe	154
st'anno	154
çentro-drita	154
manda	153
mario	153
mettighe	153
t'à	153
autoritæ	152
disegno	152
dâme	152
ferio	152
gh'aivan	152
giou	152
giudiçio	152
l'ipòtexi	152
maròtto	152
pagou	152
saluo	152
succede	152
capitale	151
domandava	151
erti	151
noxe	151
presentâ	151
programma	151
camia	150
euröpa	150
passaggê	150
autoî	149
devan	149
l'autoritæ	149
lengê	149
mancou	149
ministri	149
referendum	149
sposaliçio	149
spâ	149
tifoxi	149
toccava	149
tomate	149
vorrià	149
botto	148
d'amô	148
gaibo	148
lucanda	148
negoçiaçioin	148
scioe	148
scontri	148
sposou	148
stampa	148
torta	148
voti	148
çercan	148
attrovæ	147
bricco	147
denonçia	147
föa	147
intra	147
lascian	147
magistrati	147
menuto	147
pubrichi	147
spantegâ	147
t'é	147
ïsa	147
capiva	146
climma	146
corposo	146
criâ	146
deliña	146
discepoli	146
euio	146
euvie	146
penscion	146
varietæ	146
xeuo	146
çernuo	146
çioule	146
consciensa	145
iran	145
l'ei	145
l'æña	145
lesta	145
osservâ	145
paçiente	145
cammiña	144
chiña	144
desgraçie	144
discuscion	144
doviësci	144
guidda	144
matti	144
numei	144
ròllo	144
spettacolo	144
çervello	144
angoscia	143
bratta	143
casañe	143
informaçioin	143
promissa	143
servî	143
seunni	143
spantegou	143
vettua	143
vòstre	143
chen	142
d'æña	142
descorrî	142
impreiso	142
invitæ	142
l'occaxon	142
pensceo	142
riga	142
sottî	142
veddila	142
cento	141
ciammo	141
consenso	141
desastro	141
direçion	141
dovià	141
l'arte	141
l'isoa	141
l'öo	141
mancansa	141
mëzogiorno	141
nucleare	141
ottegnuo	141
produto	141
comprimenti	140
condanna	140
conferensa	140
conseggê	140
l'assoçiaçion	140
l'indoman	140
mascima	140
michê	140
mondiale	140
nommi	140
passaggio	140
pei	140
riso	140
studiou	140
tëgnan	140
anavan	139
bonesaire	139
ch'ea	139
creddan	139
dexeñe	139
giachê	139
imagine	139
l'aggiutto	139
parsciuo	139
patto	139
popolaçion	139
romanso	139
santi	139
scciuppou	139
verdi	139
arröbou	138
ascordâ	138
banda	138
capiscio	138
l'italian	138
lesto	138
pegoa	138
sätâ	138
carroggi	137
còsta	137
defende	137
duxento	137
dòrme	137
elementi	137
giornale	137
larga	137
lençeu	137
manifestaçion	137
miscili	137
parlâghe	137
polemica	137
poëse	137
senato	137
capaçitæ	136
confiansa	136
cotellæ	136
cuxou	136
percöse	136
posso	136
pregâ	136
pòrtego	136
pöca	136
sentia	136
stançie	136
sätou	136
verdue	136
vestia	136
viçeprescidente	136
zeughi	136
attaccâ	135
butiro	135
ciammava	135
comportâ	135
confronto	135
cäi	135
cæ	135
demmo	135
denonçiou	135
feste	135
franseixi	135
frase	135
giornali	135
imposcibile	135
mandillo	135
misse	135
nemigo	135
nemixi	135
pòsta	135
quaddri	135
schivâ	135
trionfo	135
forme	134
giacomo	134
gòtti	134
isrælian	134
madònna	134
messa	134
miscion	134
previsto	134
quarchidun	134
questi	134
scæn	134
segni	134
sud	134
andâ	133
anscietæ	133
beniscimo	133
carla	133
corpi	133
d'ògni	133
errô	133
feliçitæ	133
leugo	133
operäi	133
pasqua	133
tæramòtto	133
veddendo	133
addeuviou	132
atti	132
autô	132
legia	132
pronta	132
scheuggi	132
òsse	132
amiga	131
amighe	131
antigo	131
açettâ	131
ballo	131
ch'aivan	131
decreto	131
gh'intra	131
l'ammiava	131
mäveggia	131
passan	131
personale	131
pixon	131
segondi	131
sentimenti	131
stramuo	131
bròddo	130
burla	130
camillo	130
fæte	130
l'açidente	130
l'unica	130
pesante	130
repiggiou	130
resato	130
sarvægo	130
servio	130
soli	130
sospeiso	130
sostëgno	130
steva	130
tondi	130
azzonze	129
camminou	129
coverto	129
mäcordì	129
palestineixi	129
parli	129
peña	129
pittua	129
pugnatta	129
remedio	129
so	129
vestio	129
veugge	129
buteghe	128
caxonâ	128
cobbia	128
commandante	128
compascion	128
còrda	128
doppodisnâ	128
fadiga	128
fissou	128
impeatô	128
interessante	128
intravegnuo	128
onde	128
recorso	128
repiggiâ	128
scua	128
stabilio	128
tasce	128
atra	127
aumento	127
bòtta	127
corrî	127
critiche	127
d'euio	127
d'inverno	127
fruti	127
l'andio	127
l'uso	127
mezzi	127
paggia	127
responsabile	127
reçeive	127
rosci	127
variante	127
voemmo	127
ballâ	126
coixitæ	126
daçi	126
fase	126
laddri	126
paga	126
sata	126
tocco	126
çeimònia	126
aggiutti	125
alantô	125
presumî	125
turisti	125
zoveni	125
curto	124
gatti	124
l'ospiâ	124
lion	124
pariggi	124
poxitivo	124
pòrco	124
saivan	124
segui	124
sensci	124
stissa	124
veddilo	124
çittadiña	124
arriëscio	123
asseguou	123
dexidëio	123
doggio	123
duxe	123
figue	123
invitou	123
l'organizzaçion	123
menassou	123
paivan	123
pronti	123
sen	123
serviçi	123
triste	123
vacanse	123
venti	123
bar	122
danno	122
desmuo	122
giusta	122
investio	122
mancâ	122
meie	122
mez'oa	122
regallou	122
sacce	122
scatoa	122
sens'atro	122
staneutte	122
antiga	121
attento	121
avansâ	121
avvegnuo	121
chinou	121
commissäio	121
despæge	121
fabrica	121
gròsse	121
moneghe	121
portafeuggio	121
prescion	121
proteste	121
arriescio	120
avvoxou	120
beu	120
confidensa	120
conosciui	120
desfæta	120
dreitua	120
dîlo	120
europeo	120
gioan	120
pesci	120
sarvâ	120
termine	120
volumme	120
conferma	119
coxin	119
diò	119
incontra	119
lezzuo	119
leçion	119
nescio	119
quell'atro	119
scceuppa	119
sciätâ	119
vege	119
önô	119
aggi	118
anæte	118
açioin	118
dormio	118
gena	118
giöxia	118
importansa	118
impreise	118
l'inverno	118
menestra	118
naçion	118
ou	118
pæge	118
racconto	118
ratti	118
tian	118
anâghe	117
ançien	117
crio	117
discorrî	117
erbo	117
fâne	117
lasciâse	117
moderæ	117
pösou	117
reçerca	117
scimbolo	117
spantegæ	117
stöie	117
teste	117
americhen	116
anâsene	116
bruxa	116
chillòmetri	116
deserto	116
fermâse	116
gorfo	116
mistëio	116
patrimònio	116
sacco	116
sciòrtan	116
seggi	116
sentîse	116
sessuale	116
spedio	116
treni	116
york	116
çinqueçento	116
affermou	115
costo	115
curta	115
damme	115
eben	115
erte	115
l'aggio	115
libero	115
morteuio	115
naçioin	115
nint'atro	115
poeti	115
reguardo	115
struttua	115
uso	115
çenie	115
camminava	114
cantiña	114
commenion	114
cria	114
d'isræle	114
foestê	114
impio	114
indagâ	114
l'incarrego	114
laddro	114
mangian	114
ministra	114
misëia	114
mæxime	114
n'æ	114
palaçi	114
pescou	114
pietæ	114
tondo	114
valô	114
çernia	114
grammi	113
l'insemme	113
lazù	113
louanti	113
periodo	113
picca	113
prævi	113
referensa	113
religion	113
roberto	113
sitto	113
studdi	113
titolo	113
arrivo	112
citti	112
differente	112
dottô	112
gestion	112
gròsci	112
interesci	112
l'erba	112
l'un	112
mancava	112
pittansa	112
quaranta	112
savoneise	112
savô	112
soggeçion	112
somma	112
blòcco	111
bretagna	111
dormiva	111
fäsa	111
gh'ean	111
lavello	111
mainæ	111
modello	111
mòdda	111
paisaggio	111
penscëi	111
revista	111
scriveiva	111
tegnîse	111
trenta	111
vacca	111
äia	111
ciao	110
comitato	110
credduo	110
deçidde	110
dimme	110
fonçioña	110
importanti	110
l'aise	110
l'ase	110
loei	110
monæa	110
mëzaneutte	110
ognidun	110
politichi	110
queste	110
resta	110
retio	110
stabilimento	110
veddiemo	110
campanin	109
galleria	109
lettua	109
marca	109
mettime	109
mori	109
n'ei	109
repiggio	109
rieiva	109
scrivan	109
senti	109
stâghe	109
temperatua	109
vegnisse	109
addormio	108
avvertio	108
cantonê	108
causa	108
ch'ei	108
conseguensa	108
curte	108
duâ	108
ferie	108
fuga	108
l'anià	108
laña	108
lexoin	108
limon	108
longhe	108
porriò	108
roman	108
çentrale	108
aggiuttou	107
asconde	107
aspeta	107
borrasche	107
boñaseia	107
böxie	107
colliña	107
controllâ	107
cristo	107
d'argento	107
diçionäio	107
finansa	107
l'existe	107
menassa	107
mollou	107
onge	107
sccetto	107
stimma	107
tegnivan	107
tære	107
anelli	106
arrivan	106
avvocato	106
bira	106
cadeña	106
cianzeiva	106
delitto	106
dependenti	106
dialetto	106
doviæ	106
genio	106
l'annonçio	106
l'aspeta	106
l'euvia	106
legio	106
maggia	106
magistratua	106
mah	106
penale	106
regola	106
rompî	106
seuxoa	106
accompagnou	105
açeiso	105
bloccou	105
canta	105
commisso	105
dozzeña	105
fede	105
gerusalemme	105
gh'anava	105
giano	105
nessa	105
ombre	105
pittinin	105
privæ	105
scignoe	105
settô	105
sunnâ	105
veua	105
çioula	105
arraggiâ	104
bacco	104
biscambiggia	104
carreghe	104
ciæto	104
critica	104
discorsci	104
dröga	104
fòrti	104
l'avversäio	104
manin	104
massê	104
mettite	104
sordatto	104
stranio	104
taxei	104
töe	104
vivi	104
çetron	104
comba	103
corteise	103
costa	103
droin	103
lanterna	103
meixiña	103
moin	103
pensâghe	103
portià	103
profondo	103
pægua	103
reue	103
reveise	103
sardegna	103
scangio	103
statua	103
unio	103
averti	102
consolaçion	102
despiaxe	102
fruto	102
gragneua	102
l'aveiva	102
occaxon	102
pacco	102
parteçipou	102
poffi	102
presenta	102
ramme	102
refæta	102
scemmo	102
scrittô	102
sott'a-a	102
svissera	102
açidenti	101
biçicletta	101
borgo	101
democraçia	101
demoâse	101
diretta	101
divedde	101
domandan	101
favô	101
legne	101
magazzin	101
mediterraneo	101
menasse	101
negia	101
neigre	101
passaggiâ	101
quand'ea	101
sallon	101
seiçento	101
sostegnî	101
spende	101
veneçia	101
accòrto	100
battuo	100
brutte	100
d'impëia	100
eimo	100
faiæ	100
giana	100
giancaneie	100
giava	100
letteräia	100
lie	100
m'â	100
militari	100
mäveggiosa	100
proçedua	100
treuvo	100
vixon	100
voëse	100
collega	99
compagna	99
d'arrescoso	99
debole	99
eutt'oe	99
fallio	99
londra	99
n'ô	99
palestineise	99
patria	99
procuou	99
profescion	99
t'ëi	99
tegnua	99
tentativo	99
træto	99
violense	99
ægue	99
addesciâ	98
candeia	98
fixica	98
morale	98
quæsesegge	98
reconosciuo	98
vixitou	98
viægi	98
çerco	98
angeo	97
barchi	97
cirolla	97
conversaçion	97
còrpi	97
marmao	97
montava	97
neua	97
nòmina	97
paxo	97
prexi	97
reiseghi	97
scignificato	97
traspòrto	97
unn'idea	97
unn'intervista	97
v'à	97
vapô	97
veddri	97
vivan	97
vixin	97
çexe	97
agenti	96
anima	96
asbriou	96
avvegnî	96
avvocati	96
consciderâ	96
conçerto	96
descoverta	96
dieiva	96
dubbi	96
mòbile	96
patisce	96
paçienti	96
pertuso	96
prou	96
regioin	96
regòrdo	96
restou	96
spussa	96
vivagna	96
affermâ	95
ammassæ	95
balla	95
canònego	95
commando	95
construçion	95
creâ	95
d'assæ	95
denegou	95
diversci	95
esprescioin	95
gruppi	95
l'allarme	95
levâse	95
libano	95
ligâ	95
maròtta	95
montagne	95
operäio	95
pegoe	95
poulo	95
semenäio	95
sfrouxo	95
umaña	95
ësise	95
ascosa	94
avesse	94
boggio	94
canti	94
contan	94
diga	94
fantaxia	94
fonçionäio	94
garantî	94
intrante	94
intrego	94
mangio	94
picciñe	94
piggi	94
profummo	94
tomata	94
tratta	94
travaggian	94
zenogge	94
angei	93
bandea	93
bronzin	93
d'aggiutto	93
dôsci	93
elettorale	93
l'attacca	93
l'exito	93
louâ	93
netto	93
neçessäio	93
revixon	93
revoluçion	93
scciumma	93
sciensa	93
scriti	93
serviva	93
traduçion	93
vendia	93
vixitâ	93
zenoggio	93
çinqu'oe	93
adaxo	92
appello	92
arregòrdo	92
avvoxæ	92
azzonta	92
besorrià	92
contegnuo	92
crimine	92
daià	92
fotografia	92
l'autostradda	92
meu	92
monego	92
occaxoin	92
partie	92
propoñe	92
ramma	92
sccetta	92
speggetti	92
stella	92
tende	92
unico	92
acciantou	91
attentato	91
convinto	91
corpî	91
dedicâ	91
deuviou	91
dâve	91
europee	91
fintanto	91
fonçion	91
graddo	91
invexendo	91
l'arriësce	91
l'aspëtava	91
l'operaçion	91
l'è	91
mesciâse	91
moderna	91
muniçipio	91
regalli	91
reiso	91
saluâ	91
sugo	91
anime	90
benziña	90
contentessa	90
cremma	90
creuve	90
difficoltæ	90
dîne	90
formou	90
guasti	90
l'anello	90
l'anònimo	90
l'argomento	90
lavou	90
limite	90
m'arregòrdo	90
mandava	90
nan	90
nataliçio	90
neuveçento	90
prinçipessa	90
redue	90
resciöo	90
savesse	90
sunnou	90
tradiçioin	90
varri	90
veddise	90
öxelli	90
accaxonæ	89
america	89
andria	89
baxaicò	89
bòtte	89
camio	89
canâ	89
contëgne	89
documenti	89
documento	89
fâve	89
giamin	89
l'agricoltua	89
l'assosto	89
l'attençion	89
l'indaga	89
l'oegia	89
l'önô	89
maròtti	89
montæ	89
piggemmo	89
rescidenti	89
saiemo	89
sciummi	89
scorrio	89
serpente	89
taxe	89
trattou	89
abasta	88
avian	88
avvexinou	88
besagnin	88
candidâ	88
cantante	88
computer	88
corniggen	88
crimini	88
definitiva	88
dubio	88
effetto	88
espòsto	88
festival	88
fondi	88
gh'agge	88
guasto	88
l'interesse	88
maccia	88
mettemmo	88
moiegna	88
n'arriëscio	88
negòçio	88
nettezzâ	88
ordine	88
perdon	88
professoa	88
protagonista	88
remescio	88
retorno	88
secco	88
terroriximo	88
tranquillo	88
té	88
votâ	88
americhe	87
açion	87
bagnou	87
campaña	87
carattere	87
cheuxe	87
ciascheduña	87
comedia	87
d'emergensa	87
desgraçiâ	87
deuviava	87
ebraico	87
finale	87
foresti	87
giulia	87
giöxeppe	87
l'arresto	87
l'assemblea	87
l'istöia	87
meridion	87
meschinetto	87
mesciou	87
mettilo	87
pommello	87
primmäio	87
sarvou	87
supeioa	87
t'eu	87
teia	87
valoî	87
verdua	87
vexiñe	87
baccæ	86
bruxâ	86
colleçion	86
construe	86
coroña	86
effetti	86
europëi	86
gelato	86
gianche	86
l'imprenditô	86
lucandê	86
mangiava	86
mei	86
meschin	86
n'emmo	86
peppin	86
pissi	86
poggiölo	86
quant'o	86
refua	86
riescia	86
riescio	86
scappa	86
scentou	86
scheuggio	86
scicomme	86
sciña	86
sposa	86
struttue	86
tëgno	86
vegnue	86
çercavan	86
anava	85
artifiçiale	85
baleña	85
cicolata	85
ciutòsto	85
cäsci	85
d'euggio	85
deboli	85
definio	85
dite	85
fermi	85
foxe	85
giancaia	85
guägni	85
l'ambiente	85
l'artista	85
lasciâghe	85
lunäio	85
mesccia	85
nio	85
offiçiâ	85
peson	85
pigge	85
prescidensa	85
zeuga	85
çenta	85
alberto	84
asmòrto	84
avvardâ	84
camê	84
carbon	84
ciuvuo	84
colleghi	84
cresciuo	84
d'euröpa	84
despægio	84
destinou	84
diritto	84
formâ	84
guardie	84
l'amministraçion	84
maia	84
miacoo	84
moutie	84
neçescitæ	84
pescâ	84
piaxan	84
quanti	84
raxonâ	84
restorante	84
restæ	84
retardio	84
reunion	84
reuse	84
scinistra	84
semensa	84
serv'assæ	84
servan	84
sposoei	84
tempesta	84
veddeivan	84
ziña	84
avieiva	83
bisà	83
ch'agge	83
chesesegge	83
ciappa	83
collegio	83
conosci	83
convëgno	83
d'interesse	83
depoidisnâ	83
dovieivan	83
dòllari	83
foggetta	83
fâte	83
intervento	83
l'assascin	83
l'attivitæ	83
l'interno	83
l'òrto	83
leçioin	83
mouto	83
perfetto	83
rusci	83
scianco	83
scrite	83
scuggiâ	83
segnâ	83
serviçio	83
spagnòlla	83
tonieta	83
tossa	83
trattative	83
trent'anni	83
unn'äia	83
vidoa	83
zetto	83
zuou	83
acciappou	82
aniemo	82
cappòtto	82
ciammæ	82
comensià	82
concorso	82
conoscian	82
continua	82
crovî	82
cæga	82
faieiva	82
gabinetto	82
grasso	82
l'aeropòrto	82
l'arma	82
l'euttoçento	82
locali	82
naturale	82
neuo	82
oggetti	82
parlemmo	82
pòssan	82
sciortîne	82
scituaçioin	82
sorpreiso	82
speranse	82
stramesuâ	82
stòrica	82
tesciuo	82
tipica	82
tramonto	82
trovâla	82
ventemiggia	82
çigaa	82
americaña	81
argomenti	81
avviso	81
campañe	81
ciantou	81
creddi	81
fallimento	81
freschi	81
gh'ê	81
governatô	81
incontri	81
l'arba	81
l'arrivo	81
mensunâ	81
mortâ	81
paisen	81
pittô	81
poeise	81
previxoin	81
probabilitæ	81
progetti	81
repiggia	81
respettâ	81
ricchi	81
scindichi	81
sostëgne	81
tecnico	81
trovâse	81
velluo	81
volummi	81
votou	81
ammisso	80
bagascia	80
banchiña	80
baxo	80
boggî	80
borse	80
ch'ô	80
cheite	80
cini	80
club	80
comm'ò	80
coxo	80
defendise	80
delegou	80
inçendio	80
l'annonçia	80
marasci	80
mersa	80
miseicòrdia	80
mostrava	80
mòlla	80
originäio	80
poesse	80
poliscia	80
portavoxe	80
proibio	80
pòrti	80
reaçion	80
sarvæghi	80
sciamme	80
seie	80
seunna	80
sostansa	80
vortou	80
vòstri	80
attressi	79
aviò	79
bastava	79
callâ	79
cazzeiva	79
combinaçion	79
condannâ	79
contegnui	79
continuou	79
contròlli	79
cöi	79
d'oiva	79
dian	79
dâte	79
finii	79
garson	79
imaginâ	79
intençioin	79
manega	79
nuvia	79
nòrme	79
penna	79
personaggio	79
pösâ	79
registrou	79
regòrdi	79
relaçioin	79
sciaccou	79
sfòrsci	79
spalla	79
sparou	79
t'aviæ	79
tariffe	79
tradiçionale	79
tëgni	79
viægiatoî	79
accompagnâ	78
aspeto	78
biblioteca	78
bològna	78
boñaneutte	78
caro	78
cassaçion	78
cen	78
ciantâ	78
comensan	78
coppe	78
cäso	78
feria	78
inteiso	78
lattonê	78
lescico	78
lonxi	78
metallo	78
preise	78
prinçipæ	78
queto	78
repentio	78
retardo	78
reçetta	78
s'arve	78
scandalo	78
scindacati	78
sciortie	78
scriven	78
smersa	78
sordo	78
stramesuou	78
studia	78
stòrico	78
urtimo	78
varie	78
ödô	78
accòrta	77
assegnou	77
ciamman	77
d'andâ	77
daieiva	77
daiò	77
desgraçiou	77
diffuxon	77
fondamentale	77
færi	77
galanti	77
ingreise	77
intoppou	77
l'umanitæ	77
louante	77
membri	77
merda	77
metropolitaña	77
moscoli	77
mossa	77
neuv'oe	77
parlavan	77
peo	77
produti	77
promette	77
promê	77
ravaxo	77
reprica	77
s'an	77
s'aspeta	77
sfòrso	77
stilo	77
traspòrti	77
unn'euvia	77
veddei	77
çinquanta	77
allegri	76
assoçiaçioin	76
cansoin	76
cicchiña	76
cöo	76
democratico	76
faiemo	76
innoçente	76
l'autista	76
l'instituto	76
lumme	76
lòtta	76
meschinetta	76
meña	76
petròlio	76
pisciña	76
portofin	76
pregou	76
ricca	76
riunion	76
saluou	76
settentrion	76
sostegnuo	76
spiñe	76
unie	76
veña	76
vira	76
zoenòtto	76
abitanti	75
baleñe	75
cheugge	75
cheutta	75
confessou	75
cotellâ	75
còste	75
deciaraçion	75
demoe	75
dex'oe	75
diæ	75
dîghelo	75
faian	75
gesto	75
guason	75
l'a	75
l'ammassa	75
l'arrivava	75
l'interrogatöio	75
lenguaggio	75
lontaña	75
mezzo	75
n'anava	75
nevo	75
nònna	75
provâ	75
pròscima	75
quattr'oe	75
reisa	75
scappæ	75
sentimento	75
stanca	75
streiti	75
terminou	75
tonnëi	75
tögno	75
vaso	75
zeo	75
artisti	74
averte	74
bastian	74
cadaveo	74
canna	74
casetta	74
communicaçion	74
corpeive	74
crii	74
despægi	74
dispòsto	74
esperiensa	74
fantaxima	74
ferræ	74
fiâ	74
fondatô	74
genere	74
gosso	74
l'agençia	74
l'artâ	74
matta	74
nervoso	74
poela	74
realizzâ	74
regatta	74
s'assetta	74
s'attreuvan	74
scagni	74
scintomi	74
sentan	74
sett'oe	74
soccorso	74
tomba	74
toscaña	74
unica	74
accoegou	73
aldo	73
ancioe	73
armæ	73
bellan	73
böa	73
candidæ	73
cheutto	73
conosceivan	73
contestou	73
conven	73
d'amministraçion	73
d'intrâ	73
desse	73
diti	73
exito	73
formaçion	73
gallo	73
l'arrecuggeita	73
l'astrego	73
l'intervento	73
manifestanti	73
marcâ	73
moiva	73
motô	73
mäveggioso	73
palermo	73
pessa	73
piaggio	73
portogheise	73
preteise	73
representa	73
s'ô	73
saveilo	73
sentivan	73
setteçento	73
seçia	73
speremmo	73
todesco	73
violin	73
allarme	72
argomento	72
ase	72
bandee	72
cadeñe	72
cineise	72
creddighe	72
còmmodo	72
derui	72
despægia	72
diverse	72
fraña	72
giæa	72
l'ammassamento	72
l'autopscia	72
l'açion	72
l'intelligensa	72
mettila	72
oive	72
perfetta	72
poeivi	72
ponçeivia	72
predica	72
recoverou	72
respiâ	72
reversa	72
riesciva	72
rincresceiva	72
s'â	72
sciaccâ	72
sellao	72
speçiâ	72
tornæ	72
trovæ	72
truppe	72
tursci	72
vegniò	72
vorriësci	72
zoentù	72
ae	71
arte	71
beneito	71
brutti	71
cantou	71
chilli	71
consegnâ	71
criava	71
cäsette	71
dedicou	71
defeiso	71
diretto	71
esperti	71
fen	71
fresche	71
gh'arresta	71
giudicâ	71
guære	71
imbriægo	71
l'aggiutta	71
l'armäio	71
l'insciste	71
levâghe	71
manutençion	71
pagamento	71
pagine	71
particolæ	71
pescoei	71
pesso	71
premier	71
promisse	71
pösâse	71
quarant'anni	71
scae	71
scignoi	71
sgobba	71
speiso	71
stâme	71
t'aivi	71
tecnichi	71
temme	71
tiæ	71
traverso	71
v'é	71
aspëtou	70
beivo	70
camoggi	70
ciæi	70
còmico	70
dialogo	70
dignitæ	70
direttoa	70
firense	70
gioanin	70
isoe	70
l'uga	70
lerfe	70
maiou	70
maiâse	70
mangemmo	70
mòbili	70
parchezzo	70
perrucchê	70
porriëscimo	70
prononçia	70
recco	70
respio	70
rian	70
satisfaçion	70
scappin	70
servixi	70
siçilia	70
tremendo	70
venduo	70
viçescindico	70
bombe	69
bordello	69
colisse	69
contorni	69
coverte	69
d'anâsene	69
demoâ	69
descreuve	69
destaccou	69
domandavan	69
dòmmo	69
euvo	69
fonçioin	69
fratte	69
fäse	69
fïsci	69
gian	69
l'influensa	69
lasciù	69
longhi	69
mecanico	69
megioâ	69
metteivan	69
nani	69
numeo	69
oppoxiçioin	69
patimenti	69
peñe	69
piaxuo	69
pontâ	69
presenti	69
propietæ	69
quand'ò	69
retardi	69
sançioin	69
scarpa	69
scciuppon	69
scientifica	69
secca	69
sexio	69
spagnòllo	69
spoæ	69
spægâ	69
suppa	69
taggiæ	69
trasmiscion	69
veddiei	69
appontamento	68
besugnava	68
bolletta	68
ciæe	68
conseggiou	68
corrio	68
dialettale	68
diascoa	68
fenòmeno	68
feuggio	68
fisso	68
foïsan	68
l'abergo	68
lettô	68
levæ	68
megioamento	68
messaggi	68
möto	68
obiettivi	68
pacchetto	68
passià	68
potensa	68
quattroçento	68
reconosce	68
saiei	68
sofà	68
taggi	68
taròcchi	68
trexento	68
viatre	68
viçio	68
çerchia	68
allegro	67
açiende	67
barboa	67
bottigge	67
brignoe	67
cantava	67
carlevâ	67
ciaveuia	67
cointa	67
colliñe	67
contatto	67
corridô	67
cortexia	67
dente	67
detaggi	67
elezzuo	67
foresta	67
frigo	67
glöia	67
l'africa	67
l'aumento	67
l'erboo	67
l'erto	67
l'esprimme	67
l'obiettivo	67
l'ödô	67
lavagna	67
luiggi	67
luscio	67
mantegnuo	67
nervi	67
nòrma	67
pagæ	67
peisa	67
polònia	67
porrian	67
prego	67
promeuve	67
rapallo	67
rattellâ	67
s'aiva	67
sarvo	67
scignoo	67
scimon	67
solenne	67
stadio	67
tròppa	67
çentro-levante	67
barche	66
bolla	66
braggiâ	66
cangi	66
cavaggeo	66
ch'â	66
clascica	66
commanda	66
convinse	66
cuggiâ	66
d'anni	66
dialetti	66
doamia	66
famoso	66
fornâ	66
giromia	66
gomio	66
intrega	66
l'allenatô	66
lento	66
lezo	66
lusciandro	66
materiale	66
milia	66
minimo	66
mäveggiou	66
n'aggi	66
nominou	66
nuvio	66
parlando	66
piggiâme	66
preghee	66
pubricâ	66
rescädamento	66
reçerche	66
ringraçio	66
rosäio	66
sciuscia	66
seçion	66
t'aviësci	66
taggiæn	66
tocchià	66
tremmaxon	66
töo	66
valle	66
viveiva	66
vosciua	66
agricoltoî	65
alantoa	65
autobo	65
avversäi	65
benediçion	65
campion	65
commenta	65
compio	65
comprende	65
deçixoin	65
elegante	65
enrico	65
fasci	65
ferme	65
figgiña	65
finâ	65
fissa	65
fummâ	65
gh'ô	65
gii	65
influensa	65
l'arrembo	65
l'entrotæra	65
lamma	65
larghe	65
lascemmo	65
linguistico	65
meita	65
monega	65
pensan	65
percorso	65
poemo	65
pretende	65
rattelle	65
refuâ	65
remoin	65
s'incallava	65
s'ò	65
secche	65
soggetto	65
strenze	65
studente	65
teuscego	65
tâ	65
unn'occaxon	65
valuâ	65
xatta	65
addescio	64
assunnou	64
attenta	64
banche	64
bloccæ	64
cangian	64
caratteristiche	64
chillo	64
citto	64
contegnî	64
contâghe	64
cuâ	64
d'ammassamento	64
d'origine	64
gh'aviæ	64
giaminâ	64
globale	64
grammatica	64
instituçioin	64
inutile	64
investigatoî	64
ipòtexi	64
l'inferno	64
limöxina	64
mancæ	64
mandan	64
maneghe	64
massa	64
meistri	64
memöie	64
nòtte	64
onesta	64
pensæ	64
porsemmo	64
propòste	64
pugni	64
quell'oa	64
rastello	64
reciammo	64
reconoscimento	64
regimme	64
ròsto	64
s'allarga	64
saviæ	64
sciata	64
segretti	64
speta	64
st'òmmo	64
stisse	64
tendensa	64
terrô	64
tremenda	64
trezze	64
vallæ	64
ësighe	64
aggio	63
allevâ	63
ammio	63
appeiso	63
avertue	63
basci	63
bescheutti	63
bontæ	63
braxî	63
callou	63
carriera	63
casce	63
collaña	63
compî	63
conflitto	63
constituçion	63
despeto	63
diminuçion	63
dria	63
espresso	63
faxeu	63
fondamento	63
fotògrafo	63
fâli	63
gaggia	63
genoçidio	63
incroxæ	63
l'appontamento	63
l'effetto	63
l'imagine	63
l'onda	63
l'òsso	63
letteräio	63
maga	63
mescciua	63
moderno	63
nua	63
perdeiva	63
pesca	63
provedimento	63
ratto	63
reconstruçion	63
reportou	63
salute	63
scenta	63
sciuscianta	63
scrollon	63
scòrsa	63
semenâ	63
seria	63
spediçion	63
spëtâ	63
stabilî	63
termini	63
veie	63
çent'anni	63
abbandonou	62
adattâ	62
arrestan	62
arroinâ	62
aveila	62
aveilo	62
açende	62
baxâ	62
cangiamenti	62
capitan	62
ciumme	62
compoxiçion	62
consegna	62
contavan	62
deruâ	62
destruto	62
finiva	62
gnecco	62
l'avertua	62
l'ostaia	62
liatre	62
lòccia	62
mandæ	62
mosche	62
nasciui	62
netta	62
organizzou	62
parlâne	62
profonditæ	62
quinto	62
repubrican	62
resoluçion	62
rompe	62
supermercou	62
trionfi	62
turno	62
unn'açion	62
unn'esprescion	62
vatican	62
voemo	62
zòrzo	62
zöne	62
agge	61
bollacco	61
cantan	61
carma	61
confittua	61
conoscei	61
coxa	61
depende	61
econòmica	61
finançiamenti	61
fondâ	61
fâle	61
infiâ	61
l'atto	61
l'erco	61
l'ereditæ	61
l'universo	61
landon	61
lesti	61
maxellâ	61
mentalitæ	61
mouxi	61
nuo	61
paisan	61
passi	61
pativa	61
preghea	61
pròscimo	61
pôtroña	61
rettô	61
risponde	61
rosse	61
saläio	61
servo	61
sganzie	61
sospetto	61
spartî	61
succhin	61
tròppi	61
ucraino	61
unz'oe	61
venin	61
virtù	61
voiatri	61
arrembou	60
açeisa	60
basse	60
botte	60
camin	60
cangiamento	60
cançellê	60
caròttoe	60
casamento	60
casciabanca	60
cheugo	60
consegnou	60
delicou	60
descrive	60
dòrmo	60
firma	60
gioso	60
incarrego	60
l'assessô	60
l'unitæ	60
lampo	60
linguistica	60
louava	60
mangiæ	60
mega	60
meito	60
napolion	60
normale	60
passe	60
poliçiòtti	60
pubricæ	60
pòrchi	60
responsabili	60
respòste	60
reua	60
riâ	60
romansi	60
sciòrto	60
sospio	60
spigo	60
spòrt	60
stacche	60
strasson	60
stâte	60
sunetti	60
sviluppo	60
testimoniansa	60
tipico	60
voeilo	60
çittadinansa	60
affrontâ	59
arraggiou	59
cascetta	59
cheiti	59
crava	59
croxea	59
còrsega	59
daggan	59
dimmo	59
euvia	59
fantin	59
firmâ	59
fotografie	59
fotta	59
garançia	59
infiou	59
l'arrivià	59
l'ordine	59
legale	59
libera	59
ligammo	59
localitæ	59
navegâ	59
niatre	59
piggiavan	59
pigneu	59
poetica	59
prega	59
proteze	59
pôso	59
resòlve	59
rionda	59
sagueggia	59
saiësci	59
scöso	59
sentisse	59
sole	59
sorva	59
sostanse	59
staggio	59
tiâla	59
vegnîme	59
vitte	59
xeua	59
çinquant'anni	59
öxello	59
anniversäio	58
aro	58
arregòrdite	58
articoli	58
articolo	58
artista	58
ascistio	58
avvegnua	58
besorriæ	58
böxia	58
cae	58
camallo	58
ciuveiva	58
collâ	58
crovata	58
còdiçe	58
dentista	58
descrovî	58
diäi	58
extravergine	58
fabio	58
faxolin	58
ferrâ	58
inzegnê	58
l'angeo	58
l'ardî	58
l'ötunno	58
lapi	58
liste	58
mantëgne	58
masccio	58
matëia	58
mescciâ	58
mezi	58
negâ	58
paggiasso	58
piaxeiva	58
pittanse	58
pregava	58
preusa	58
pugno	58
pöso	58
rammo	58
razza	58
reflette	58
sagrifiçio	58
sappa	58
scignori	58
sciugâ	58
streite	58
succa	58
t'aggi	58
taxi	58
terrassa	58
terroristi	58
tonno	58
uspiæ	58
versou	58
xambon	58
çittadin	58
bagasce	57
battua	57
camixe	57
ceighe	57
coiosa	57
colturale	57
costreito	57
creddei	57
crimea	57
d'oa	57
descheita	57
desconosciuo	57
destrigâ	57
desturbo	57
dovemmo	57
dæghe	57
festezzâ	57
finançiäia	57
freide	57
gh'avieiva	57
greçia	57
gustava	57
impî	57
independente	57
indicou	57
infermê	57
l'anesse	57
l'arrestià	57
l'ediçion	57
l'energia	57
l'erta	57
l'evangëio	57
l'impegno	57
l'oexin	57
lasciâla	57
miscile	57
mäducou	57
osservou	57
palestiña	57
panê	57
parteçipâ	57
portê	57
preçixon	57
prioritæ	57
pòsci	57
quattr'anni	57
representaçion	57
rieivan	57
romania	57
salui	57
sbiro	57
schillente	57
scindacato	57
sitta	57
spaçi	57
tipo	57
tocchetto	57
virus	57
çinqu'anni	57
allenatô	56
ambiente	56
avendo	56
bomba	56
busalla	56
cornixe	56
creaçion	56
doveivan	56
dâne	56
erbe	56
fädette	56
galliña	56
groppo	56
l'antiga	56
l'apparensa	56
l'articolo	56
menestron	56
panetto	56
passemmo	56
pesta	56
piemonte	56
piggiâlo	56
pontou	56
reduto	56
registro	56
rimma	56
rixi	56
sato	56
sbaliou	56
scaa	56
scene	56
scrivo	56
sentîlo	56
spartii	56
spiegaçion	56
stivæ	56
vinteña	56
viægiâ	56
volontäi	56
çentro-ponente	56
acciantâ	55
amixiçia	55
ammian	55
ançian	55
avvoxâ	55
barconetto	55
becco	55
brixa	55
casaña	55
cianti	55
cogge	55
componenti	55
contadin	55
contesto	55
corpe	55
corriva	55
cresciua	55
deslengua	55
dovesse	55
dæte	55
ebrëi	55
econòmiche	55
ediçion	55
ereditæ	55
fantiña	55
farta	55
fiorenso	55
gondon	55
grafia	55
guägnava	55
imbroggiâ	55
impegno	55
inverno	55
isrælien	55
l'approvaçion	55
l'identitæ	55
l'incontra	55
l'ingleise	55
levava	55
lirica	55
miande	55
mollâ	55
mæn	55
n'aivan	55
natta	55
offerto	55
passando	55
patroin	55
perdia	55
personalitæ	55
portâla	55
puniçion	55
rescistensa	55
scentæ	55
sciria	55
scorrî	55
sesto	55
sponciou	55
squaddre	55
straponta	55
strasse	55
tegnîme	55
treuvan	55
veneto	55
vernixe	55
çetroin	55
accoegâ	54
appensou	54
arresto	54
arröbâ	54
asciddi	54
barma	54
barî	54
ch'aivimo	54
clascico	54
commette	54
condannæ	54
conduta	54
conduto	54
confuxon	54
contròlla	54
còrne	54
daiësci	54
distingue	54
due	54
econòmico	54
gigante	54
imbösa	54
intran	54
l'appello	54
l'architetto	54
l'evento	54
l'existensa	54
liberou	54
mecaniximo	54
mostro	54
noî	54
nòbili	54
nòsse	54
onesto	54
originäia	54
osservaçion	54
parto	54
patente	54
perturbaçion	54
piggiâla	54
pissa	54
poñe	54
provava	54
ravieu	54
repricou	54
resultato	54
s'accapisce	54
sovente	54
spassoia	54
spesse	54
streuppa	54
söi	54
tassa	54
tramandâ	54
trattativa	54
trattava	54
vai	54
vee	54
viste	54
accuggeito	53
ambientale	53
ammiâla	53
arpe	53
arvi	53
assettâse	53
avviâ	53
baobab	53
camalli	53
camea	53
capoâ	53
casassa	53
comedie	53
comportou	53
congresso	53
conserva	53
cotidian	53
crensa	53
d'arrivâ	53
d'ötunno	53
despersci	53
elettrica	53
festezzou	53
flusso	53
giuste	53
giæ	53
graña	53
gödî	53
indovinâ	53
l'inflaçion	53
l'intrava	53
l'invaxon	53
lombardia	53
mancanse	53
manego	53
marciapê	53
mogognava	53
n'ê	53
narrativa	53
numeri	53
nòbile	53
offiçiæ	53
piccinetta	53
pro	53
restava	53
ricchesse	53
risseu	53
s'avvexiña	53
scciappa	53
sposæ	53
stabilitæ	53
staçioin	53
stiâ	53
tasci	53
telecamere	53
telefonâ	53
turchia	53
zugava	53
accaxonâ	52
adattou	52
ammiemmo	52
assascin	52
balletta	52
battue	52
binelli	52
bruxava	52
cartellin	52
ciasse	52
conlaboraçion	52
contravençion	52
convento	52
creou	52
crescian	52
d'atra	52
desteiso	52
destinaçion	52
disegnou	52
feipo	52
fio	52
gambai	52
guanti	52
inghiltæra	52
isoæ	52
l'amministratô	52
l'anscietæ	52
l'azzonze	52
lampa	52
limiti	52
marcheise	52
matematica	52
mostran	52
pagan	52
pòrze	52
reddito	52
rexiste	52
scheuve	52
scialla	52
sencia	52
servia	52
sott'a-e	52
sveçia	52
sòçio	52
trovâghe	52
trovâlo	52
vegnian	52
vestîse	52
violaçion	52
xoâ	52
zenoggion	52
zoene	52
çeixai	52
accòrdi	51
addormia	51
aggiæ	51
aquaron	51
arrecuggeite	51
ascordæ	51
autostradde	51
avventue	51
bagnâ	51
cassa	51
catalan	51
categoria	51
caxonæ	51
chinava	51
commandâ	51
complesso	51
conoscemmo	51
conçentraçion	51
còmica	51
d'atro	51
d'inti	51
daben	51
deciaraçioin	51
destinæ	51
deuvio	51
dovian	51
dîla	51
exammi	51
exempi	51
fessan	51
figgin	51
filosofia	51
frañe	51
fädin	51
gazibba	51
geògrafo	51
gh'ammanca	51
guiddâ	51
ingredienti	51
l'inçendio	51
l'offiçio	51
l'oçeano	51
lampion	51
lascime	51
liberâ	51
mande	51
marcia	51
meitava	51
mescian	51
mesciava	51
metodo	51
meñe	51
miacoi	51
napolitan	51
negativa	51
novanta	51
profonda	51
propietäio	51
rendise	51
replicâ	51
savesci	51
saçerdöti	51
scindicati	51
sciorbî	51
sforsou	51
sospetti	51
stondäio	51
testimonianse	51
træta	51
tròppe	51
volontäio	51
zazzun	51
zero	51
çibbo	51
accotellou	50
allögio	50
andæta	50
andæto	50
antighe	50
approvâ	50
argentiña	50
ascoxi	50
assemme	50
bagna	50
bancâ	50
bloccâ	50
bòccia	50
bòschi	50
combatte	50
commerçio	50
confescion	50
conträi	50
convinçion	50
d'ammiâ	50
demiscioin	50
demoava	50
democratichi	50
descriçion	50
desprexo	50
dinni	50
domenego	50
eventi	50
festezza	50
figuâ	50
galliñe	50
generaçion	50
giornalisti	50
grammiçia	50
impiegou	50
indicâ	50
inçendi	50
l'adexon	50
l'andava	50
l'attreuva	50
l'inteisa	50
lezi	50
marcæ	50
metro	50
nuâ	50
offeise	50
opinion	50
peie	50
pendin	50
pista	50
poeila	50
proverbi	50
pubriche	50
rappòrto	50
razzonze	50
refuo	50
righe	50
s'arregòrda	50
sarvamento	50
savon	50
scassou	50
scatoe	50
sciortivan	50
sponcia	50
staçionäie	50
t'an	50
tabacco	50
templio	50
tenscioin	50
trafeghi	50
vaggan	50
venezuela	50
voeighe	50
abilitæ	49
ammuggiou	49
armou	49
asbriâ	49
beveiva	49
binäio	49
bæ	49
canada	49
cazzeivan	49
ciantâla	49
compoñe	49
concorrensa	49
consummo	49
cotidiaña	49
creatua	49
crestien	49
degna	49
detaggio	49
detegnui	49
differense	49
domandæ	49
esprescion	49
figgette	49
figuou	49
figæto	49
finoua	49
fixico	49
isræliaña	49
l'accaxoña	49
l'ammie	49
l'amâ	49
l'ancoa	49
l'inandia	49
lapri	49
lasci	49
lasciavan	49
lezzeiva	49
lezzendia	49
ligammi	49
luxiva	49
m'ammia	49
m'arrecommando	49
maggiô	49
mariölo	49
montan	49
opinioin	49
parle	49
parteçipaçion	49
passapòrto	49
poscibili	49
proçescion	49
quarta	49
raxonamento	49
regazzificatô	49
remescia	49
resultati	49
s'inandia	49
sbraggi	49
scappava	49
scimpatia	49
secchi	49
sensaçion	49
soin	49
speçiaia	49
spëtava	49
strania	49
sätava	49
testimònio	49
tiâse	49
tranquilla	49
unze	49
veia	49
viægia	49
òsso	49
aggian	48
aggredio	48
ammagonou	48
antologia	48
arve	48
cacciæ	48
capita	48
castigo	48
chinz'anni	48
ciumento	48
cognomme	48
conscideraçion	48
consciderou	48
construto	48
convocou	48
denonçiâ	48
desteisa	48
discutte	48
disponibile	48
distribuçion	48
dixeutto	48
duou	48
dê	48
educaçion	48
emilio	48
feuggi	48
frasche	48
fregogge	48
galantòmmo	48
goerno	48
investigaçion	48
l'alfabeto	48
l'india	48
l'occidente	48
l'òrbo	48
lasciâme	48
lava	48
madrid	48
masche	48
massi	48
mettei	48
mostri	48
negoçiâ	48
ombra	48
partiva	48
pasto	48
perdonâ	48
piano	48
popolari	48
poppa	48
preçipitaçioin	48
privâ	48
pulia	48
representâ	48
reputaçion	48
ristorante	48
riësce	48
s'appensa	48
saveine	48
scangiou	48
sciamma	48
sciòrti	48
score	48
scui	48
speçie	48
stocchefisce	48
stramuâ	48
stuccio	48
t'â	48
tra-i	48
turchin	48
uman	48
veddià	48
viçi	48
çensua	48
çercâse	48
òrbo	48
öi	48
abuxi	47
addentou	47
aggei	47
aivimo	47
allagamenti	47
amaa	47
analogo	47
ansci	47
ascciæio	47
attiva	47
bregante	47
brescia	47
cabirda	47
ciappellette	47
ciassetta	47
coaliçion	47
concluxon	47
confessâ	47
corpia	47
costioin	47
cruo	47
cugnou	47
d'etæ	47
deputou	47
determinâ	47
deuviæ	47
doggia	47
dîte	47
dîve	47
elettrico	47
esprimme	47
eterno	47
fieschi	47
finiscian	47
foresto	47
fortunou	47
futa	47
gh'arrestava	47
giandon	47
gioane	47
giudiçiäia	47
grego	47
imputæ	47
ingannâ	47
invexendou	47
l'ascensô	47
l'emergensa	47
l'iniçiativa	47
l'insciammaçion	47
limitâ	47
malemmo	47
meizañe	47
meta	47
movimenti	47
navegaçion	47
naçionalitæ	47
origine	47
pao	47
passavan	47
peigo	47
perfeçion	47
persci	47
piggiando	47
previxon	47
provocou	47
pëtenâ	47
questua	47
raffega	47
recammâ	47
ritmo	47
ræa	47
röso	47
s'ei	47
sampe	47
scangiâ	47
sessuali	47
soccorsci	47
solidarietæ	47
stiggia	47
stræ	47
sunetto	47
tappeto	47
tegnîla	47
toin	47
tron	47
unn'epoca	47
vendeiva	47
verbo	47
vixite	47
viçenso	47
çentanâ	47
abbandonâ	46
allegria	46
arrembâ	46
arresta	46
artistico	46
asperto	46
attaccæ	46
aveime	46
aviemo	46
bacchi	46
bocciou	46
boriaña	46
bravi	46
braxa	46
caccioei	46
cari	46
catòlica	46
chie	46
cioenda	46
clascifica	46
collou	46
concordou	46
contrasto	46
conçetto	46
costâ	46
dæme	46
eleçion	46
famosa	46
fascia	46
fren	46
fäsci	46
gh'aniò	46
gh'avesse	46
impoñe	46
incontrâ	46
interventi	46
istöia	46
l'avverte	46
liga	46
lonten	46
magnâ	46
meixiñe	46
merse	46
mescciou	46
mesciæ	46
n'avesse	46
obrigou	46
opportunitæ	46
palanca	46
paste	46
pollastro	46
prescioin	46
reflescioin	46
religiosa	46
remonta	46
respondeiva	46
rispetto	46
s'ammia	46
savoî	46
scorrie	46
scuggiou	46
seleçion	46
semense	46
settoî	46
spezzin	46
stabile	46
suo	46
tascia	46
tegnui	46
testimònni	46
turco	46
töin	46
unn'anima	46
uxi	46
veddesse	46
virâ	46
aggaibâ	45
arpin	45
arregordou	45
ascidiâ	45
aspeti	45
bagni	45
bandeta	45
beuilo	45
boggiasco	45
cadello	45
caviggia	45
cazzan	45
consummâ	45
contestaçion	45
coâ	45
cresceiva	45
d'atteisa	45
delicâ	45
denegâ	45
destende	45
fenòmeni	45
fetta	45
fighe	45
finançiamento	45
frequente	45
gusti	45
impëia	45
innamoâ	45
intervegnuo	45
l'appartegniva	45
l'armâ	45
l'arrecheugge	45
l'ascistensa	45
l'umiditæ	45
lasce	45
lentigge	45
lontanansa	45
magon	45
manezzi	45
milaneise	45
monæe	45
mäpró	45
n'ean	45
naçionali	45
nesci	45
operaçioin	45
pago	45
pensemmo	45
pezoamento	45
poliçiòtto	45
prevegnî	45
produe	45
profî	45
raggio	45
ramadan	45
referî	45
ringhea	45
riëscio	45
rottua	45
s'acciamma	45
s'addeuvia	45
salua	45
sampa	45
savoia	45
sciortimmo	45
scormatô	45
sosso	45
spegi	45
stampou	45
temmansa	45
teoria	45
tornava	45
toscan	45
tovaggia	45
tròfie	45
unia	45
vacciña	45
vaze	45
vigna	45
zughemmo	45
100mia	44
affeçion	44
balle	44
belliscima	44
brave	44
cammiñan	44
cannâ	44
carmo	44
cavi	44
cazzi	44
ciammemmo	44
ciongio	44
convinsilo	44
convëgne	44
costummi	44
d'euvei	44
d'äsâ	44
definî	44
descorsci	44
despensa	44
dinamica	44
dòrman	44
dòrmi	44
eive	44
erboo	44
facce	44
fæve	44
garançie	44
gh'en	44
governi	44
grixa	44
impedî	44
impegni	44
intervegnî	44
l'axillo	44
l'imprescion	44
l'insalatta	44
lazzao	44
leste	44
lettin	44
ligneua	44
linie	44
m'aspëtava	44
macce	44
mando	44
meteorològico	44
mettià	44
monto	44
obiettivo	44
occupou	44
organizzâ	44
pavia	44
pegi	44
pentio	44
piggià	44
portâghe	44
portâlo	44
povie	44
pregæ	44
primmäie	44
proa	44
profeta	44
rebella	44
reduçion	44
redòsso	44
reflescion	44
representante	44
repöso	44
reze	44
s'accòrze	44
s'avesse	44
sappelli	44
sarvâse	44
sarvæga	44
scento	44
sciusciou	44
scripixi	44
semenou	44
speçiale	44
sponciâ	44
sponta	44
sposægo	44
stando	44
talento	44
temmi	44
virou	44
vixitatoî	44
çivili	44
americañe	43
amosa	43
anònimo	43
appensâ	43
asbrivou	43
ascose	43
aviei	43
aviëscimo	43
avua	43
açertamenti	43
barchî	43
benvegnuo	43
bollezzumme	43
cavaggëi	43
ch'aggian	43
chitara	43
contræti	43
d'aveighe	43
d'aveilo	43
dafæ	43
depòxiti	43
finià	43
galea	43
giastemme	43
greive	43
guägnâse	43
investigaçioin	43
italiañe	43
l'addeuvia	43
l'incomenso	43
legi	43
maiæ	43
malinconia	43
mandâla	43
marròn	43
mercanti	43
messoia	43
miliardo	43
mocco	43
narraçion	43
ordenäio	43
pestegadda	43
poen	43
pra	43
preuvo	43
remesciâ	43
repubrichen	43
ricche	43
roiña	43
rouso	43
s'affermava	43
scciappâ	43
scompartio	43
sitti	43
soracco	43
sossa	43
sosto	43
stagion	43
stesse	43
stiva	43
strumento	43
studioso	43
säçissa	43
t'aiva	43
terribile	43
tesoie	43
tramontaña	43
trenette	43
tristessa	43
tëgnite	43
unn'ombra	43
veddive	43
vendetta	43
votri	43
zeâ	43
zuo	43
çelebrou	43
çiöto	43
òrbi	43
accatto	42
ammermâ	42
arrangiâ	42
arrecheugge	42
arroinou	42
asbasciou	42
aveine	42
batteiva	42
baxi	42
beuggio	42
boccon	42
bugâ	42
cade	42
cangiæ	42
cappella	42
carregou	42
coltue	42
colònna	42
combe	42
condanne	42
conoscense	42
coton	42
deçisa	42
ducchessa	42
esperto	42
existan	42
exiti	42
feuggia	42
fontañaboña	42
ghirindon	42
giani	42
giæe	42
grassa	42
grillo	42
impegnæ	42
incarregou	42
l'1	42
l'aereo	42
l'aggrescion	42
l'arrestava	42
luxente	42
m'agge	42
m'ammiava	42
m'arresta	42
mandilli	42
massacan	42
mentio	42
mostre	42
nesciaia	42
offeiso	42
pagamenti	42
parmo	42
parrieiva	42
piccava	42
pormoin	42
portavan	42
primmäia	42
privou	42
pövee	42
quaddranti	42
queta	42
raffeghe	42
rattellou	42
respondighe	42
retræti	42
riscia	42
savieiva	42
sci	42
scignoriña	42
sencio	42
servià	42
sgreuzzo	42
spantega	42
staià	42
stanchi	42
studioxi	42
svarso	42
traduto	42
unn'operaçion	42
violaçioin	42
viægiou	42
ädreitua	42
accompagnæ	41
addeuviæ	41
agente	41
agosto	41
amministratoî	41
angosciâ	41
ascidiou	41
assosto	41
avansou	41
barbixi	41
bari	41
bruttou	41
ch'anemmo	41
ciusma	41
compòrta	41
comò	41
contiò	41
cori	41
coverti	41
criavan	41
criminale	41
cugnâ	41
d'anâghe	41
d'önô	41
degno	41
demoan	41
depoî	41
deruou	41
disponibilitæ	41
dispoñe	41
doio	41
enti	41
fontaña	41
fratti	41
frito	41
futo	41
impòrta	41
ingannou	41
introduto	41
l'assascinamento	41
l'assato	41
l'ommetto	41
martello	41
mascci	41
mascæ	41
mescite	41
mesciæve	41
minima	41
negativo	41
oegê	41
perdise	41
piemonteise	41
pilla	41
pilòtto	41
pippa	41
porriemo	41
pösæ	41
regallâ	41
regista	41
registræ	41
renonçiou	41
reo	41
reçente	41
saiëscimo	41
salamme	41
sampedæña	41
scimpatico	41
sciätæ	41
sciòlla	41
smangia	41
soffita	41
staiemo	41
stissin	41
strangoâ	41
sturla	41
taña	41
tematiche	41
tentaçion	41
territöi	41
trovâme	41
vacche	41
veñe	41
zinâ	41
çigaretta	41
çircostansa	41
accattâse	40
acciammou	40
accordou	40
affortunou	40
allegra	40
anello	40
anna	40
antiçipâ	40
appascionou	40
attenti	40
avansi	40
beppe	40
cange	40
carròsse	40
cegâ	40
ciappelletta	40
commenti	40
conosciue	40
constituçionale	40
cortî	40
d'appello	40
deciarâ	40
desdaxo	40
devastou	40
diei	40
difficoltoso	40
dimenscion	40
discipriña	40
documentäio	40
domandemmo	40
favimo	40
finlandia	40
finta	40
frisceu	40
galilea	40
gexe	40
giasciâ	40
grandiscima	40
inteixi	40
l'assascinio	40
l'autonomia	40
l'invexendo	40
lasciâlo	40
legera	40
leme	40
louëio	40
marche	40
merelli	40
moderne	40
mogognâ	40
mäducæ	40
möo	40
paragon	40
parodia	40
piggiâsela	40
portâse	40
prestaçioin	40
promoçion	40
recheite	40
recilla	40
regolamento	40
replicava	40
revoca	40
rexistensa	40
sacro	40
sbraggiou	40
scampi	40
schitta	40
scrittua	40
scòrse	40
soçiali	40
soçialisti	40
sviluppâ	40
telefonou	40
tentativa	40
tesöo	40
tie	40
toccan	40
unn'arma	40
xeui	40
çercio	40
ïsou	40
10mia	39
accuse	39
affermæ	39
aggravou	39
ammassa	39
armäio	39
ascciæî	39
attente	39
attô	39
bellesse	39
berretta	39
bolle	39
bollette	39
bora	39
cannon	39
cava	39
cianua	39
ciaña	39
ciòcca	39
conduttô	39
conseggiâ	39
contæ	39
còlla	39
d'attorno	39
d'erba	39
damasco	39
deprescion	39
desdiccia	39
desmisso	39
despuggiâ	39
deutta	39
dieta	39
dinâ	39
doveivi	39
doviëscimo	39
feughi	39
fissâ	39
fondou	39
furgai	39
gravitæ	39
guastâ	39
gusteive	39
improvista	39
inandio	39
india	39
indignaçion	39
informou	39
instruçioin	39
interessou	39
l'aggressô	39
l'amixiçia	39
l'amê	39
l'antigo	39
l'assegua	39
l'epoca	39
l'euvo	39
m'avieiva	39
marionetti	39
mesuou	39
mie	39
moffa	39
ongaia	39
panorama	39
parchezzâ	39
portemmo	39
poxitiva	39
prevista	39
proei	39
protagonisti	39
quand'an	39
rammâ	39
rapiña	39
regia	39
renascion	39
retiâ	39
s'açende	39
s'incalla	39
s'indaga	39
savendo	39
sciaccæ	39
sciortisse	39
sciòcca	39
sentindo	39
settanta	39
setten	39
spari	39
sperava	39
staggen	39
stiggio	39
særo	39
t'ammii	39
tegnimmo	39
tema	39
ten	39
totale	39
traghetto	39
trattæ	39
tristo	39
tòrti	39
unn'inteisa	39
varsciue	39
vasca	39
veloçitæ	39
vintidoî	39
voeivi	39
çipro	39
abbrasso	38
aeroplen	38
agra	38
ammiando	38
ammiava	38
angoscioso	38
apprexâ	38
arregordâ	38
arröbæ	38
attoî	38
biscia	38
bogge	38
borghexia	38
budapest	38
caratterizza	38
centi	38
ch'anavan	38
cheuio	38
ciòcchi	38
ciòcco	38
colombo	38
comportamento	38
confiou	38
contente	38
continuava	38
continuo	38
coppa	38
corpii	38
costou	38
creatue	38
d'addeuviâ	38
d'arrestâ	38
debiti	38
desconosciua	38
desfia	38
differenti	38
ertixe	38
fonda	38
fondaçion	38
franca	38
gabiña	38
gaitan	38
gatta	38
gestisce	38
giaxo	38
grañe	38
imbroggiou	38
incasciou	38
inscistio	38
inspaximâ	38
l'allegria	38
l'autoa	38
l'intre	38
lammo	38
liberæ	38
linda	38
livelli	38
mandâghe	38
margaita	38
marte	38
merlo	38
mesciavan	38
mesuâ	38
minô	38
mëxiña	38
offerte	38
onestæ	38
palestra	38
paî	38
pessigo	38
piggiâte	38
portogallo	38
poxiçioin	38
primmea	38
prinçipato	38
progresso	38
recanto	38
recheita	38
reciamma	38
rensen	38
reservâ	38
ræe	38
saveivan	38
sbatte	38
scacchi	38
scemmaie	38
scimpatica	38
sciusciant'anni	38
scombatte	38
scuggia	38
seportua	38
serietæ	38
sganzia	38
spartio	38
straggiou	38
tapani	38
teiti	38
tigre	38
titoli	38
tiâghe	38
tornemmo	38
torniò	38
trattamento	38
travaggiavan	38
umido	38
veddili	38
votaçion	38
zimme	38
2mia	37
affari	37
alluvion	37
amelia	37
ammuggiâ	37
anâmene	37
arbenga	37
arriescii	37
assessoî	37
avessan	37
avvegnimenti	37
bastardo	37
bomboa	37
bosticca	37
breganti	37
bullo	37
busto	37
cabarê	37
campania	37
candeie	37
carrossê	37
castelli	37
cattio	37
cavagno	37
caxoin	37
ch'anæ	37
chinæ	37
ciarle	37
cioccâ	37
competensa	37
competense	37
compricâ	37
compòsto	37
contribuio	37
crescente	37
critëi	37
cuggiæn	37
d'atri	37
d'uso	37
daiæ	37
danimarca	37
daçio	37
debolessa	37
delegaçion	37
desbarassou	37
dovua	37
dovue	37
ecceçion	37
faiei	37
façion	37
ferrovie	37
fissua	37
forca	37
frite	37
giulian	37
guaixon	37
indicaçioin	37
inventou	37
l'adresso	37
l'esprescion	37
l'inno	37
l'intende	37
l'invito	37
l'irlanda	37
l'ëse	37
l'òffre	37
mandâlo	37
medaggia	37
meuan	37
n'agge	37
n'arresta	37
netti	37
organizzaçion	37
pacchetti	37
paghe	37
parma	37
particolaritæ	37
pontedeximo	37
porçion	37
presentæ	37
reduta	37
ròcchi	37
savi	37
sbraggia	37
sbraggiava	37
sciacca	37
scordâ	37
sezze	37
sospende	37
sottoscrito	37
spartia	37
sparâ	37
strie	37
stâsene	37
stòrto	37
suiçidio	37
sæxiña	37
tegnindo	37
tegnià	37
terno	37
terrassin	37
texo	37
torno	37
tortua	37
veddime	37
vello	37
vesco	37
vorrieivan	37
çercæ	37
çimme	37
çinsaa	37
abbrassâ	36
abitaçioin	36
addormii	36
aggiuttâlo	36
agostin	36
anando	36
aniò	36
arretiou	36
asmortâ	36
assoiggiou	36
açienda	36
banchi	36
beivan	36
bell'òmmo	36
biliardo	36
bionda	36
braggiava	36
burle	36
buscioa	36
camminavan	36
cangiâse	36
carreuxo	36
casciafòrte	36
ch'arrivan	36
cheuga	36
chinzeña	36
chisesegge	36
comm'en	36
contrastâ	36
cuou	36
cämæ	36
cônâ	36
d'aggio	36
d'amê	36
d'arte	36
david	36
decoraçion	36
definisce	36
depoxitou	36
discuscioin	36
diviña	36
drafin	36
economia	36
fette	36
fiorentin	36
foïsci	36
friti	36
frïtâ	36
fâsene	36
garaxe	36
ia	36
incontræ	36
infançia	36
inluminâ	36
l'ammio	36
l'attô	36
l'oegê	36
lacche	36
lampi	36
lavâse	36
lavæ	36
lente	36
levâme	36
liscia	36
luxî	36
manezzâ	36
mariña	36
mascara	36
menuo	36
modelli	36
monestê	36
moælo	36
n'en	36
perdie	36
perdo	36
piccagge	36
piggesse	36
porpo	36
portelletto	36
potente	36
prefaçion	36
pænte	36
pòpoli	36
quell'òrbo	36
ravatti	36
religioso	36
ricchessa	36
rincresciuo	36
scassi	36
scassâ	36
sciuta	36
scoçeise	36
sentimmo	36
sermon	36
soggettoso	36
solitæ	36
sperâ	36
sposâla	36
spëtavan	36
stanchessa	36
standard	36
strategica	36
stòffa	36
terapia	36
tramandou	36
trentun	36
vestie	36
visciua	36
zerbo	36
zovene	36
ögui	36
200mia	35
abastansa	35
abergo	35
aeroplan	35
aggiuttâte	35
ammiâlo	35
apparense	35
ari	35
arroinæ	35
asci	35
asmòrte	35
attraversâ	35
becciâ	35
beneita	35
bis	35
caccio	35
cannæ	35
confiâ	35
contemporaneo	35
contentâ	35
controllô	35
crestiaña	35
cäçiña	35
d'ammiâla	35
d'arme	35
d'erta	35
d'orgheuggio	35
definiçion	35
delibera	35
delicæ	35
democratica	35
desfâ	35
destacco	35
destinâ	35
determinante	35
dispoxitivi	35
distanse	35
dixineuve	35
dottoa	35
educou	35
erba	35
focciara	35
fonçionâ	35
fornio	35
gh'avià	35
grattou	35
grixella	35
infiæ	35
intelligente	35
intreghe	35
l'allerta	35
l'aradio	35
l'ongaia	35
l'äsâ	35
l'òpera	35
l'öxello	35
leppegoso	35
locciâ	35
m'ê	35
maistæ	35
malemmi	35
menassâ	35
merçe	35
metafora	35
moderni	35
mogogni	35
muxicanti	35
nevi	35
nisseue	35
operaçion	35
pacciugo	35
padron	35
pareiso	35
pasciuo	35
patta	35
peccatoî	35
picco	35
poeilo	35
pontexello	35
portea	35
prattiche	35
presentaçion	35
prevençion	35
preçiso	35
provæ	35
reciammou	35
registrâ	35
regolâ	35
rendeiva	35
rescidente	35
respia	35
restan	35
retiou	35
riescii	35
rissi	35
rotte	35
s'aspëtava	35
sarvâla	35
sarvæghe	35
scappan	35
scignificativo	35
segâ	35
sence	35
senscibile	35
sollevo	35
soluçioin	35
sovranitæ	35
spinasci	35
spito	35
sportivo	35
staiò	35
stæme	35
stæve	35
sudafrica	35
tempio	35
tiemmo	35
toccâghe	35
unn'invaxon	35
vantëi	35
veue	35
virava	35
zinzaña	35
äie	35
ömai	35
aberghi	34
aggrescion	34
amao	34
asciurdo	34
aspëtæ	34
açettæ	34
bandio	34
basou	34
bleuçê	34
bocconâ	34
braggia	34
brugo	34
bösanæo	34
candidatua	34
carregâ	34
catalen	34
categorie	34
ceiga	34
ciaschidun	34
clascichi	34
componente	34
conoscilo	34
continente	34
costumme	34
crea	34
critichi	34
d'euvia	34
debito	34
deluso	34
desgusto	34
dexeña	34
diritti	34
disnou	34
dramma	34
ebraica	34
elettoî	34
erroî	34
fada	34
fassan	34
fatto	34
fermava	34
formale	34
gavi	34
giamiña	34
goâ	34
gustou	34
imbriæghi	34
imprenditô	34
indifferensa	34
interpretâ	34
intrava	34
intravegnî	34
islamico	34
l'amoa	34
l'aro	34
l'asso	34
l'autorizzaçion	34
l'avieivan	34
l'impeatô	34
l'occupaçion	34
laghi	34
lamentâse	34
lavo	34
letteräi	34
luvego	34
m'aivan	34
mangi	34
mercoei	34
millimetri	34
minoritäia	34
mocca	34
mostrâghe	34
mosè	34
moula	34
partigen	34
pascioin	34
patriçi	34
piccan	34
poncin	34
poïsci	34
prononçiâ	34
protettô	34
rigô	34
rive	34
roviña	34
rustego	34
s'attrovava	34
s'avvexinava	34
santuäio	34
sarva	34
scazze	34
scigoelo	34
scinagöga	34
scrittoî	34
scue	34
scòçia	34
scösâ	34
segnalou	34
seuxoo	34
soâ	34
sunnava	34
sòçi	34
tiavan	34
tròsse	34
turiximo	34
unitæ	34
veddiò	34
veste	34
veui	34
vintiçinque	34
zembo	34
abbandon	33
acciappâ	33
ammiavan	33
ammuggiæ	33
andavan	33
ardiciòcche	33
arriescia	33
arrivâghe	33
asbasciâ	33
ascadi	33
asseguâse	33
autorizzou	33
azzonte	33
açertâ	33
badaluffa	33
baròcco	33
bastante	33
belliscimo	33
bevei	33
bollâ	33
bordighea	33
bricchetto	33
brunia	33
caignan	33
campagne	33
cancao	33
cavâ	33
cianzeivan	33
comensæ	33
commandi	33
compagne	33
compagnie	33
consolâ	33
convinta	33
convio	33
costiggeua	33
coxinâ	33
d'òmmo	33
dannezzou	33
dedicæ	33
defensô	33
demònio	33
dimette	33
distributô	33
druo	33
elezzui	33
eterna	33
fatte	33
façilitaçion	33
fâghela	33
gaigo	33
generaçioin	33
genou	33
giöxie	33
gräia	33
imprescion	33
informaçion	33
inlegale	33
interessâ	33
interne	33
inçerto	33
istöie	33
l'importansa	33
l'industria	33
l'introduçion	33
laurea	33
levite	33
licô	33
m'aggiutti	33
m'assetto	33
materiali	33
meditaçion	33
menda	33
mensunou	33
miccia	33
miggia	33
mon	33
möi	33
n'aviæ	33
nega	33
nemiga	33
occupæ	33
offiçiale	33
perle	33
perquixiçioin	33
peste	33
pevioin	33
poessan	33
proibiçion	33
proteçioin	33
proviò	33
pôsi	33
quinta	33
reconoscensa	33
reâ	33
rincrescieiva	33
rumô	33
ruzze	33
sant'andria	33
sbraggiâ	33
scainâ	33
scarso	33
scciappou	33
schersci	33
sciensiæ	33
scistemi	33
sentii	33
sovvëgno	33
squascio	33
st'urtimo	33
stimme	33
straordenäi	33
taxeiva	33
tecnica	33
toccæ	33
tombe	33
tranxito	33
valençia	33
vertadeo	33
vinteutto	33
vivagne	33
voæ	33
zoventù	33
çentri	33
accattæ	32
accòrzise	32
adottou	32
affiou	32
anavimo	32
annonçiâ	32
appetitto	32
appossou	32
arrangiou	32
arregòrdi	32
arvo	32
aspertixe	32
aspëtavan	32
aspëtemmo	32
assoçiaçion	32
avvantaggio	32
avvardou	32
avviæ	32
baccâ	32
balilla	32
bananne	32
bergamo	32
berlin	32
bronzo	32
buteghin	32
bätou	32
cacciâse	32
cagnetto	32
calabria	32
califòrnia	32
cappa	32
casin	32
ch'avieivan	32
ciantæ	32
cobbie	32
combo	32
comm'ea	32
congê	32
conservou	32
conteisa	32
contentâse	32
conveniensa	32
converscion	32
creddua	32
creppo	32
croxee	32
curti	32
còpia	32
d'aveila	32
d'importansa	32
daian	32
dannezzâ	32
definitivo	32
dexidëi	32
differençiâ	32
domandâme	32
dui	32
elia	32
fanæ	32
farisê	32
fascista	32
fermâme	32
finie	32
forçiña	32
gardetto	32
giane	32
giustificâ	32
gustan	32
impan	32
infinia	32
interrogâ	32
l'agro	32
l'appægio	32
l'arriesciva	32
l'aurelia	32
l'averto	32
l'eleçion	32
l'ertessa	32
l'est	32
l'infançia	32
l'instruçion	32
l'òbrigo	32
lansa	32
liberi	32
limoin	32
liquido	32
lontañe	32
lägno	32
mandillâ	32
mappa	32
marciava	32
maxo	32
mediaçion	32
menù	32
mercante	32
mescico	32
mouta	32
muxicale	32
mòtto	32
n'avvarde	32
nettezzou	32
occupâ	32
oppoxiçion	32
ordenäia	32
paradiso	32
parme	32
patiscio	32
penisoa	32
pensavan	32
peregrin	32
pesava	32
piaxeive	32
piemonteixi	32
piggite	32
piggiâghe	32
poeime	32
possa	32
poësan	32
probabile	32
produxe	32
proçedue	32
pösâme	32
quell'atra	32
rappòrti	32
recoverâ	32
refreidô	32
renonçia	32
representan	32
reviste	32
riëscian	32
rosiggiâ	32
rousa	32
rustega	32
ròcco	32
s'assomeggian	32
saccian	32
sappello	32
sccetti	32
sciugou	32
sciuto	32
sciòllo	32
scoran	32
scorrii	32
scurtua	32
sentîme	32
servi	32
soccorritoî	32
sostegnua	32
stabilimenti	32
stria	32
sveuga	32
sviluppou	32
taici	32
tregosa	32
tumô	32
turchi	32
union	32
vantaggio	32
vendan	32
veuggian	32
vinteximo	32
vivemmo	32
vorgâ	32
vorriei	32
zoenòtti	32
zuamento	32
çerche	32
çerchi	32
400mia	31
40mia	31
accatti	31
accaxonamenti	31
album	31
ammermou	31
andæ	31
ançiaña	31
arrembâse	31
ascordâse	31
attastou	31
atteisa	31
attesto	31
autonomia	31
aveiva	31
avvexinâ	31
azzonzi	31
ballava	31
baxou	31
bazzañe	31
bibin	31
bollo	31
borbonâ	31
burgao	31
bòssa	31
capriçi	31
cardinâ	31
cattæña	31
ceive	31
chimico	31
chinemmo	31
combinâ	31
commemoraçion	31
coniggio	31
conoscila	31
contentava	31
continuâ	31
covertiña	31
cös'ei	31
d'offiçio	31
delicatessa	31
dessan	31
diggan	31
dittatô	31
doardo	31
egitto	31
elettrònica	31
esperiense	31
etti	31
feminin	31
ferman	31
frequensa	31
fuso	31
fäscitæ	31
gassa	31
giastemma	31
giganti	31
groenlandia	31
guägnan	31
inquirenti	31
inspaximou	31
interrogou	31
isoa	31
l'alluvion	31
l'appartëgne	31
l'esperiensa	31
l'indifferensa	31
l'instansa	31
l'orrô	31
laddroniçio	31
latiña	31
leituga	31
lin	31
loî	31
mange	31
marseggia	31
mattinâ	31
mazzin	31
mescciâse	31
moassaña	31
mävegge	31
mäveggioxi	31
mäveggiâ	31
mû	31
n'accòrze	31
nottou	31
offerta	31
peccæ	31
penitensa	31
perdoñe	31
pilloe	31
polenta	31
presepio	31
racconti	31
rattellæ	31
raxonava	31
ren	31
resorse	31
reçevua	31
rinforsâ	31
rouxie	31
ræi	31
santitæ	31
scampo	31
scerpa	31
scheito	31
scientifico	31
scimile	31
sciorbe	31
scoläi	31
sovvëgne	31
stracco	31
strafaläia	31
streuppe	31
tantiscime	31
tecnologie	31
timô	31
tornià	31
traitô	31
treppo	31
trovesse	31
træti	31
tutt'a-o	31
umoen	31
unn'isoa	31
uspiâ	31
v'ô	31
vaddo	31
vallou	31
vegnieiva	31
vegnimmo	31
votaçioin	31
çelebrâ	31
òrfana	31
300mia	30
3mia	30
abbarlugæ	30
aggiuttime	30
agui	30
andré	30
angosciou	30
antiçipæ	30
apparensa	30
appeise	30
arbâ	30
asmòrti	30
bagnæ	30
bastardi	30
bele	30
belliscimi	30
bertomê	30
caladda	30
castagna	30
cattuou	30
cause	30
cavello	30
chintaña	30
chinto	30
ciammi	30
communicâ	30
completo	30
compòsta	30
connescion	30
consummou	30
controllou	30
critico	30
d'aggiuttâ	30
d'asmortâ	30
davidde	30
desconosciue	30
destaccâ	30
disse	30
divin	30
domandià	30
dîse	30
ex	30
exerçiçio	30
façilitæ	30
finiscio	30
fonçionäi	30
frontea	30
galla	30
generâ	30
gh'arriva	30
gh'eimo	30
gh'intrava	30
greghi	30
grixi	30
gustâ	30
identificou	30
inandiæ	30
informæ	30
iniçiative	30
inteisa	30
intorno	30
invaso	30
investia	30
l'attentato	30
l'avvarda	30
l'impe	30
l'incomensa	30
l'independensa	30
l'inmigraçion	30
l'offerta	30
lamme	30
letti	30
lumassa	30
m'avesse	30
macciou	30
manezza	30
mantegnua	30
massachen	30
meistre	30
membro	30
mercansia	30
mettesse	30
mondiali	30
negoçiaçion	30
nettezza	30
nicolò	30
normativa	30
offeisa	30
parliemo	30
pastô	30
perdemmo	30
pertocca	30
peuixo	30
pilato	30
poeighe	30
predicatô	30
profescionisti	30
pòscito	30
pòste	30
pöse	30
rave	30
rebellou	30
reconoscimenti	30
reconoscio	30
redeno	30
regni	30
replico	30
resciuscitou	30
reservou	30
reçitâ	30
rimazzô	30
riondo	30
rostio	30
s'assumeggia	30
sant'orçeise	30
satan	30
scampâ	30
scipäio	30
sciusciâ	30
scompassou	30
scrosce	30
seggei	30
semeggeive	30
senatô	30
serrâse	30
spiegou	30
sponciava	30
staiæ	30
stipendio	30
stramesuæ	30
streppon	30
sud-òvest	30
supeioî	30
t'arregòrdi	30
tentou	30
torne	30
tranxiçion	30
universale	30
unn'analixi	30
vestii	30
vixoin	30
zeou	30
çemetëio	30
çentomia	30
çerchiò	30
çipresci	30
öo	30
30mia	29
abbattuo	29
accapitou	29
adattæ	29
affare	29
allonghio	29
allontanou	29
analixi	29
annonçio	29
arasce	29
arneixi	29
arrembo	29
arrivian	29
ascädâ	29
attivo	29
attrovemmo	29
autobi	29
automatico	29
avanso	29
bagatto	29
barbi	29
barbon	29
bastou	29
basâ	29
benvegnui	29
bollæ	29
bruxæ	29
bäziña	29
cabanne	29
calle	29
castagne	29
chimica	29
chisà	29
ciammâte	29
compisce	29
comprenscion	29
confuso	29
conquista	29
construçioin	29
coppetta	29
coran	29
corrivan	29
costreiti	29
crave	29
crestian	29
croccante	29
còrde	29
definia	29
demoæ	29
desconosciui	29
desgheugge	29
deslenguâ	29
destrue	29
desturbi	29
desviâ	29
devastante	29
dixeutt'anni	29
ediçioin	29
esponenti	29
evento	29
faiësci	29
fedeltæ	29
figuava	29
figuite	29
fiâse	29
fraçion	29
fæme	29
giöia	29
grasci	29
grattaçê	29
griffo	29
göde	29
identitæ	29
impegnâ	29
inmòbili	29
intenscitæ	29
inventâ	29
l'aggiutte	29
l'ambasciou	29
l'amiga	29
l'asmòrta	29
l'assegnaçion	29
l'axou	29
l'egitto	29
l'exempio	29
lasciando	29
lasciæme	29
leçito	29
liggia	29
luganega	29
lusciandria	29
maneuvre	29
manifestou	29
mattê	29
meditaçioin	29
meiti	29
mentale	29
mettili	29
mettiò	29
meuia	29
moscin	29
mosto	29
motoî	29
mäveggiâse	29
mòllo	29
nette	29
neçessäia	29
organizzatoî	29
paghià	29
patimento	29
penalty	29
permettià	29
pertuxi	29
pessi	29
poetico	29
portian	29
povertæ	29
prescidenti	29
presense	29
prionæ	29
progresci	29
prononçiou	29
proveniensa	29
pubriçitæ	29
quarcheduña	29
rango	29
razzonto	29
retòrica	29
ringraçiou	29
romagna	29
s'arriva	29
sacra	29
scrollâ	29
segue	29
seiañe	29
sequæo	29
servii	29
sescion	29
soddisfaçion	29
soggetti	29
straordenäio	29
strassa	29
stroppiou	29
suppoñe	29
södo	29
tenda	29
tentâ	29
terminâ	29
toccâlo	29
tortaieu	29
traversâ	29
universcitäio	29
vaccinâ	29
vezo	29
villan	29
voeivimo	29
zuâ	29
çerni	29
çigarette	29
çircostanse	29
affiâ	28
aggiuttan	28
ancoassæ	28
anònimi	28
appascionâ	28
apponto	28
arabi	28
arbania	28
arriescî	28
arsoio	28
ascistensa	28
aspëtâse	28
atòmica	28
avvexinâse	28
ballan	28
barconetti	28
battezzo	28
begæ	28
beivi	28
bellicite	28
besavo	28
bevemmo	28
boccin	28
borgheixi	28
brun	28
bruña	28
cacciava	28
campagnata	28
cancaribba	28
cantie	28
canton	28
capiscian	28
capivan	28
carburanti	28
cartelli	28
cattâ	28
cazzesse	28
ciammâlo	28
cocaiña	28
cointou	28
combinou	28
commandæ	28
confermâ	28
confuse	28
conçeçion	28
cös'ò	28
d'euve	28
d'insemme	28
d'uga	28
dafâ	28
defeise	28
delega	28
denonçie	28
descazze	28
desfæto	28
divi	28
divinitæ	28
doggi	28
elemento	28
elettrònico	28
emergensa	28
energetico	28
esteiso	28
fainâ	28
fastidio	28
fea	28
formula	28
frettâ	28
gallerie	28
gestî	28
gh'attreuva	28
gh'emo	28
giamento	28
giosa	28
grattâ	28
gravi	28
groenlandeise	28
ideale	28
imbägiou	28
imböso	28
influensou	28
ingleise	28
innoçensa	28
intrando	28
invexendâ	28
invito	28
invitâ	28
l'arabo	28
l'ascetta	28
l'asconde	28
l'attesto	28
l'azzonta	28
l'equilibrio	28
l'öca	28
lamentâ	28
larghê	28
lesca	28
letteräie	28
lia	28
liberali	28
litro	28
locciava	28
loua	28
magge	28
magheu	28
magnette	28
mandià	28
maratoña	28
maxello	28
meia	28
mettile	28
minoransa	28
monumenti	28
moscitæ	28
mouxo	28
mäveggiæ	28
nasciue	28
negative	28
neie	28
nottâ	28
nui	28
oivê	28
orientale	28
ottanta	28
ottobre	28
panico	28
parlesse	28
parteçipanti	28
peccoei	28
pechin	28
permettei	28
pertusou	28
pesse	28
poeivimo	28
precauçion	28
predicâ	28
preferense	28
preçisa	28
pròspeo	28
pubricaçion	28
quand'emmo	28
quarantetrei	28
quattòrze	28
quell'anno	28
quetâ	28
radio	28
rappa	28
raxonou	28
raxoæle	28
reconoscente	28
regolare	28
relascio	28
religiose	28
remarcou	28
ronco	28
sagrifiçi	28
sarvessa	28
saçerdöte	28
scappe	28
scianchi	28
scöpo	28
sghindou	28
soieu	28
sottopòsto	28
sperso	28
spremmua	28
strafaläio	28
strixella	28
t'avesci	28
tecniche	28
tiando	28
traduçioin	28
trattamenti	28
traversou	28
tremmava	28
trovâte	28
utenti	28
vattene	28
vaxi	28
veddighe	28
veddite	28
voieue	28
vorriëscimo	28
vottaggio	28
zeugan	28
zugavan	28
çegge	28
çentro-scinistra	28
çertidun	28
ëi	28
15mia	27
addescite	27
addeuvian	27
allevou	27
arrecuggeita	27
arrecuggeito	27
ascädâse	27
assascinou	27
assunnâ	27
aveivan	27
azzonzendo	27
balli	27
banchetto	27
bastan	27
baste	27
besagniña	27
bocche	27
brancâ	27
cadavei	27
camoa	27
cheutti	27
ciappoa	27
ciöte	27
coioso	27
combi	27
compreisa	27
compromisso	27
condiggion	27
confidense	27
conservâ	27
contemplâ	27
contentou	27
creativa	27
curva	27
d'accattâ	27
d'amixi	27
d'aspëtâ	27
d'imprende	27
debâ	27
destruçion	27
disegnâ	27
divòrçio	27
dïsette	27
dötriña	27
elicòtteri	27
energia	27
eröe	27
evidente	27
existe	27
existensa	27
fasciâ	27
festin	27
fiscale	27
fonzo	27
foreste	27
fregoso	27
freirigo	27
frescion	27
frusti	27
fumma	27
gh'azzonze	27
giaminava	27
gritta	27
ignorante	27
industriale	27
innamoæ	27
inscrita	27
interessæ	27
intima	27
inventæ	27
investii	27
irònico	27
isoou	27
l'accheugge	27
l'annescion	27
l'anniversäio	27
l'arrive	27
l'educaçion	27
l'emiro	27
l'entitæ	27
l'estremo	27
l'ia	27
l'udiensa	27
l'òspita	27
laboratöio	27
lampioin	27
lasagne	27
lettoî	27
levo	27
ligava	27
limitava	27
liriche	27
lucco	27
luxan	27
manifestaçioin	27
meuo	27
mouti	27
navega	27
ommin	27
pagava	27
paisaña	27
pandoçe	27
panetti	27
parabola	27
parliò	27
particolare	27
patia	27
perdi	27
poie	27
posciua	27
preferensa	27
prefondâ	27
premua	27
programmi	27
protestâ	27
provocâ	27
quanteña	27
rapido	27
reconosciua	27
recuggeita	27
regionali	27
renovâ	27
representava	27
reuo	27
reçitava	27
righi	27
rinfòrso	27
romanin	27
romaña	27
rouxia	27
s'ammassa	27
s'attacca	27
sacci	27
sagrestan	27
saläi	27
sarvia	27
scangiæ	27
schivou	27
scimoña	27
sciute	27
scoaccin	27
scompartia	27
scorriâ	27
segnou	27
sentiei	27
sentià	27
sequestro	27
solitäio	27
sollevaçion	27
spartisce	27
spera	27
spiegaçioin	27
st'idea	27
staggan	27
straordenäia	27
sucido	27
tappo	27
tomaxo	27
tradue	27
trentin	27
umeo	27
variabile	27
venditô	27
villezzo	27
voeise	27
vonze	27
vorchen	27
web	27
zuamenti	27
çerchemmo	27
abberrou	26
accatta	26
accòrze	26
african	26
agguantou	26
alfredo	26
allegre	26
ammassâse	26
amministrative	26
amministratô	26
appeisa	26
appensiteghe	26
arregordemmo	26
arretiâ	26
assascinamento	26
atlantico	26
bacalà	26
baccaña	26
bagnâse	26
ballin	26
barbê	26
beseugni	26
bieloruscia	26
biçiclette	26
boccadase	26
bordo	26
breighe	26
bricòcali	26
britannico	26
böxarda	26
camminæ	26
caratteri	26
caratteristica	26
carca	26
castelletto	26
catalògna	26
chiffo	26
chiño	26
cioccou	26
ciuvaschi	26
cliente	26
cometa	26
comm'emmo	26
compiaxensa	26
comportâse	26
compoxitô	26
comprendan	26
compòrto	26
confesso	26
convegniva	26
conçetti	26
coppusso	26
corresponde	26
creddendo	26
credito	26
d'ascia	26
d'esprescion	26
d'imagine	26
desbarcou	26
descorrindo	26
desperse	26
deçiddià	26
diffiçili	26
dozzen	26
dron	26
elezzua	26
evidensa	26
exigense	26
fasce	26
fattua	26
finançiou	26
finançiâ	26
giapon	26
grebano	26
græ	26
guiddou	26
gælo	26
imperiale	26
impostâ	26
indien	26
infermee	26
influense	26
inscio	26
inspiaçion	26
inspiæ	26
instrumenti	26
interna	26
intro	26
investimenti	26
l'abòrdo	26
l'aggiuttava	26
l'agoggia	26
l'allea	26
l'arregòrda	26
l'assegno	26
l'attasto	26
l'avaa	26
l'avvardo	26
l'erlia	26
l'inganno	26
l'onestæ	26
lenta	26
levre	26
lisboña	26
lombarda	26
lòccio	26
maiçioso	26
manchià	26
masca	26
menua	26
mesccio	26
mescio	26
mesciña	26
mettian	26
meuio	26
meze	26
moscio	26
mossarella	26
mostasci	26
moçion	26
n'anæ	26
neçessäie	26
nissa	26
oggetto	26
orgheuggio	26
ormezzâ	26
paden	26
paggi	26
paghi	26
pandemia	26
parlâse	26
patiscian	26
patti	26
penscioin	26
piggiò	26
pittoa	26
pittue	26
pittuâ	26
poeive	26
pontaieu	26
porpetton	26
portiò	26
porton	26
portâme	26
premmi	26
professoî	26
progrescista	26
prononçiæ	26
providensa	26
pròfughi	26
rattellâse	26
raxoña	26
reciammâ	26
redditi	26
registraçioin	26
resurreçion	26
riescî	26
s'accoega	26
salle	26
scciappæ	26
scentan	26
sciortià	26
scrivighe	26
scrolloin	26
scroscî	26
scròlla	26
seccou	26
sesta	26
setti	26
seunnan	26
sghindâ	26
sgreuxo	26
sorvelevâ	26
sponcion	26
stacchette	26
statue	26
taxan	26
tegnîne	26
teresa	26
todesca	26
tonalitæ	26
traciantou	26
tremmâ	26
tribunæ	26
turca	26
unn'oegia	26
v'asseguo	26
veddian	26
verificâ	26
versa	26
veuggi	26
vidoo	26
violentâ	26
vittöie	26
voesse	26
vortâ	26
vuâ	26
çenâ	26
çircolaçion	26
çiviltæ	26
òspiti	26
500mia	25
abbarlugâ	25
accaxonando	25
aereo	25
affeçionâ	25
aggiustâ	25
armâ	25
arrivavan	25
arröban	25
asmòrta	25
atleti	25
aviësci	25
avvisâ	25
açetto	25
barçeloña	25
basa	25
battagge	25
boccoin	25
boggia	25
brenno	25
calla	25
camoou	25
campagnate	25
cantavan	25
ch'aggei	25
ciammime	25
ciazze	25
cicchetta	25
colònia	25
comitati	25
competiçion	25
concorsci	25
conquistâ	25
corea	25
corpisce	25
corria	25
corrieu	25
croviva	25
crua	25
cuxiva	25
d'autô	25
d'aveime	25
d'identitæ	25
debitô	25
decorâ	25
desvellou	25
detegnuo	25
deuvian	25
diretti	25
discorriva	25
disegni	25
dominio	25
donaçion	25
equilibrio	25
ereditou	25
esponente	25
euggiæ	25
fascisti	25
finîla	25
firme	25
fornitua	25
frenâ	25
frequentâ	25
fòssa	25
ganasceuia	25
garantio	25
gattin	25
gh'appensa	25
giöie	25
graçiosa	25
impreisa	25
imprexonæ	25
incarregâ	25
inscistan	25
inscrito	25
insòlita	25
interrotto	25
inversou	25
l'abbou	25
l'addenta	25
l'agguanta	25
l'agrecco	25
l'analixi	25
l'appreuva	25
l'arrivesse	25
l'assoluçion	25
l'avvocata	25
l'esperimento	25
l'exerçiçio	25
l'imbatto	25
l'inandio	25
l'incòmmodo	25
l'inzegnê	25
l'uña	25
lardo	25
larghessa	25
larghi	25
lavava	25
levan	25
liscio	25
lombardo	25
m'aviæ	25
magagne	25
maggion	25
mangiavan	25
mantegniva	25
matëie	25
meschiña	25
mesciâme	25
metrica	25
mister	25
montemmo	25
mäpezo	25
mäveggiose	25
n'anemmo	25
nue	25
obrigâ	25
ospitâ	25
pacciughi	25
parpaggia	25
partindo	25
parödi	25
passaggiava	25
passâghe	25
patriçio	25
peixi	25
pensià	25
perdan	25
petene	25
piccinetto	25
pigheuggio	25
pilloin	25
pollâ	25
pontæ	25
porriei	25
prescrito	25
presentià	25
prinçipi	25
promòsso	25
propietäi	25
prògnoxi	25
quaddretti	25
quand'ean	25
ragge	25
raggi	25
repete	25
reserva	25
reservæ	25
reverso	25
ræna	25
s'addescia	25
s'asconde	25
s'assette	25
sarvæ	25
saviò	25
scciasso	25
scignoriñe	25
scimulaçion	25
sciorbetto	25
scontou	25
scontâ	25
scusæ	25
seggiæ	25
seue	25
sexia	25
sexii	25
sfummatue	25
sorvevive	25
spegia	25
st'oa	25
stagghi	25
stalla	25
stampo	25
straddale	25
tappâ	25
taxuo	25
teiso	25
temmeiva	25
tiâlo	25
tognin	25
tondin	25
tramonti	25
trategnî	25
travaggemmo	25
trinca	25
trovavan	25
tutt'in	25
universcitæ	25
unn'organizzaçion	25
vaga	25
validitæ	25
veddriña	25
vie	25
vixibile	25
çeia	25
çercâlo	25
çinquanteña	25
çipria	25
ësilo	25
abbarlugou	24
abbatte	24
abbattua	24
acciammâ	24
accoegæ	24
accommoddâ	24
affiæ	24
ambienti	24
angæzo	24
appartoio	24
appontou	24
apprexou	24
ardio	24
arrecommandou	24
arresegou	24
avversäio	24
badia	24
bagnasco	24
batto	24
beuggi	24
breve	24
bugaixe	24
cappussin	24
capriçio	24
catran	24
cavou	24
chimichi	24
ciamme	24
ciarlaxia	24
ciassâ	24
competente	24
complessa	24
conseggiæ	24
consente	24
cortivâ	24
d'allerta	24
d'ase	24
d'educaçion	24
d'orno	24
d'òmmi	24
decorou	24
demostrâ	24
depòxito	24
descrito	24
desligæ	24
dià	24
diësci	24
epoca	24
festezzamenti	24
figgeue	24
filòsofi	24
foæ	24
ganasce	24
garbo	24
gh'aivimo	24
gh'anæ	24
giascia	24
gipponetto	24
granon	24
grasciua	24
grinte	24
guägnæ	24
imaginou	24
incallæ	24
infermea	24
inganno	24
ingiarmâ	24
inguggeito	24
iniçiativa	24
insalatta	24
insciâ	24
instruttô	24
intenso	24
internaçionali	24
inverso	24
invexendæ	24
l'aggueita	24
l'alcol	24
l'ambasciâ	24
l'ambito	24
l'american	24
l'ammiavan	24
l'aviò	24
l'editô	24
l'ente	24
l'impoñe	24
l'indica	24
l'ingreise	24
l'oräio	24
lagno	24
lavapiati	24
licche	24
linguisti	24
lioin	24
litri	24
longhixe	24
longâ	24
maii	24
mandiò	24
melanconia	24
meschinetti	24
messe	24
micce	24
mocònexi	24
monegasco	24
mostrâse	24
motivi	24
muxicalitæ	24
n'aggian	24
neiva	24
obrigatöio	24
obrigaçioin	24
offiçiou	24
originale	24
partan	24
partimmo	24
partisse	24
pascivo	24
peigoso	24
pellicola	24
pende	24
persego	24
pisa	24
pisse	24
pollastri	24
porpette	24
prediche	24
previsti	24
proclammou	24
proçesci	24
pròscimi	24
realizzaçion	24
regolâse	24
repiggiava	24
reportæ	24
respiaçion	24
retia	24
reçitou	24
rinfòrsi	24
s'agge	24
s'arraggia	24
s'arriësce	24
sacchetto	24
sacchi	24
saluæ	24
scampa	24
scandali	24
scciassa	24
scentava	24
sciallo	24
scimbòlico	24
sciòcco	24
scompartii	24
scrollou	24
serpenti	24
sezzen	24
sgobbe	24
sgreuzza	24
spoioso	24
sponciavan	24
spuou	24
spuâ	24
spòrta	24
strafaläi	24
strategia	24
sätæ	24
sòlita	24
taggian	24
tenta	24
tento	24
teodöo	24
texas	24
tolleransa	24
tracce	24
trapan	24
trenteña	24
unn'esperiensa	24
unn'opinion	24
vagghi	24
veddeivimo	24
veddriñe	24
vegnîve	24
vei	24
verifiche	24
vexima	24
vexinansa	24
vintiquattr'oe	24
vittöio	24
zuava	24
æ	24
çelle	24
çernui	24
çertessa	24
çexa	24
çeñe	24
çinsae	24
20mia	23
abitaçion	23
addormî	23
adobbo	23
affortunæ	23
aisan	23
allevo	23
ammâ	23
appascionæ	23
applicaçioin	23
appægio	23
arrestâghe	23
arrivando	23
artexen	23
asperta	23
aspetan	23
asquæxi	23
assettite	23
astreito	23
attacca	23
attribuio	23
avansæ	23
avvardâse	23
açeixi	23
bagia	23
balestrê	23
bambin	23
bava	23
belgio	23
benexî	23
boccaneigra	23
boggiva	23
bollâse	23
bonellan	23
brao	23
bæghe	23
böxardo	23
cairi	23
canne	23
capitolo	23
carcolo	23
cartello	23
cattivëia	23
caxonando	23
cegou	23
ciammâme	23
ciatta	23
ciumma	23
combattuo	23
combinaçioin	23
comensavan	23
comm'an	23
condiçionâ	23
conquistou	23
conservatô	23
contesta	23
contâme	23
convegnuo	23
conversaçioin	23
costummansa	23
crövo	23
cuggeita	23
cuxeuia	23
d'ammassâse	23
d'attençion	23
d'attrovâ	23
d'ebano	23
d'erboi	23
d'oua	23
dando	23
dannezza	23
dedica	23
deluxon	23
dentâ	23
descheito	23
descoverte	23
descoverti	23
desgraçiæ	23
desmette	23
desteise	23
dond'anæ	23
duata	23
espòste	23
espòsti	23
etto	23
faieivan	23
feuxan	23
fiava	23
fotografica	23
framboase	23
freidi	23
frigorifero	23
frizze	23
furbo	23
fòddra	23
ganasceuie	23
garsonin	23
gh'accapiscio	23
giudicou	23
giuria	23
gödîse	23
impastâ	23
impegnou	23
incallou	23
indaga	23
informatico	23
informâ	23
inleçito	23
inspaximæ	23
intensa	23
inviou	23
istanbul	23
l'accompagnava	23
l'anâ	23
l'argento	23
l'arrembaggia	23
l'arviva	23
l'asia	23
l'avversäia	23
l'açendeiva	23
l'e	23
l'entella	23
l'eternitæ	23
l'impëio	23
l'intendeiva	23
l'intervista	23
l'investimento	23
l'inzegno	23
l'opinion	23
lascilo	23
lasso	23
levâla	23
liçensa	23
louavan	23
lustro	23
magistrato	23
magra	23
marciâ	23
martire	23
maròcco	23
matte	23
meridionale	23
mesccian	23
metodi	23
minime	23
mio	23
musa	23
mëzaluña	23
n'avieiva	23
neçessäi	23
ninin	23
operâ	23
oraçioin	23
ottave	23
parlià	23
partià	23
paròchia	23
pasqualiña	23
passime	23
pesanti	23
piggiemo	23
piggiâne	23
portello	23
prattichi	23
preoccupou	23
presentava	23
presentâse	23
prexoin	23
privacy	23
produttoî	23
prometteiva	23
prometto	23
provixon	23
quant'a	23
quell'äia	23
quell'ægua	23
rebasso	23
rebellava	23
redaçion	23
refletteiva	23
rendighe	23
repiggiâse	23
rexistio	23
rexistî	23
rezzente	23
roe	23
rolle	23
rotaçion	23
rotti	23
ròlli	23
s'arrampiña	23
s'assettava	23
scampæ	23
scciappeuia	23
scciummasso	23
scemmi	23
scorlussoa	23
scöxî	23
segna	23
semeña	23
sempiterna	23
sensaçioin	23
sfeugo	23
smangiaxon	23
sofferto	23
soffrî	23
sospetta	23
spægou	23
staian	23
stamme	23
stampæ	23
stavimo	23
stuffo	23
suggestion	23
säçisse	23
tacchi	23
tascio	23
tegniò	23
tempeste	23
tempiou	23
tentativi	23
tenze	23
tigullio	23
todeschi	23
tornan	23
trategnuo	23
trattoî	23
troviei	23
tròtto	23
unichi	23
unn'offeisa	23
unn'ægua	23
vegnissan	23
vigô	23
ville	23
villezzatua	23
viveivan	23
vota	23
çelebraçion	23
çipri	23
ësime	23
òpie	23
50mia	22
5mia	22
abbandonæ	22
abbrassou	22
accòrti	22
addormîse	22
aeropòrto	22
aggrescioin	22
agogge	22
ahimemì	22
alimentare	22
alloou	22
ammassâlo	22
ammiâse	22
ammoutio	22
applicâ	22
arabo	22
ardia	22
arrancou	22
arresegâ	22
ascädou	22
aspresciâ	22
asso	22
bacilli	22
bastâ	22
battise	22
battoso	22
bavai	22
bertelle	22
biscion	22
bollitigo	22
bombezzou	22
bonellaña	22
borgheise	22
boñaman	22
brusco	22
bruxan	22
cadi	22
capitesse	22
carmâ	22
carnesâ	22
catòlichi	22
chiñan	22
ciastra	22
cicchetton	22
cicolatê	22
ciuvaña	22
combattimenti	22
compatte	22
comportamenti	22
comprimento	22
condia	22
conoscendo	22
conscideræ	22
contatti	22
contestâ	22
contëgnan	22
corridoî	22
costiggeue	22
costrenze	22
covertua	22
credensa	22
cröo	22
cuattâ	22
cuggiæ	22
còcina	22
còpie	22
d'arbisseua	22
d'arzillo	22
d'atre	22
d'inghiltæra	22
d'intervegnî	22
dependensa	22
deruæ	22
desbarassâ	22
descadenou	22
despa	22
dirizze	22
distræto	22
diçionäi	22
domandighelo	22
dond'ea	22
dossa	22
dôsua	22
economie	22
energie	22
erco	22
esploratô	22
euggiâ	22
euttoçento	22
existençiale	22
fabriche	22
facoltæ	22
fasciou	22
feminiña	22
fidê	22
figgioame	22
finessa	22
fonçioñan	22
fortiscimo	22
foul	22
fravego	22
friuli	22
furmine	22
gazibbe	22
gh'ammancava	22
gh'anesse	22
giusterna	22
grilletto	22
grinta	22
impromisso	22
incarreghi	22
indifferente	22
inscia	22
instigaçion	22
intreghi	22
inzenoggiâ	22
l'abbonamento	22
l'accatta	22
l'appetitto	22
l'asbrio	22
l'ascidio	22
l'atteisa	22
l'avansa	22
l'açende	22
l'eutto	22
l'impiva	22
l'infermea	22
lagnanse	22
leader	22
legnetto	22
lezan	22
linguistiche	22
lusci	22
luvega	22
luxivan	22
m'appenso	22
magnifica	22
magro	22
malincònico	22
mancavan	22
mantegnià	22
mare	22
meite	22
mogogno	22
mogognou	22
n'anavan	22
nativi	22
oneste	22
originäi	22
ostaie	22
passetto	22
passian	22
passiësci	22
peivie	22
percorrî	22
persecuçion	22
personalizzâ	22
pesâ	22
pommelli	22
postin	22
preparâ	22
preveddeiva	22
profescionale	22
pscicòlogo	22
pugnatte	22
pòrteghi	22
pòrtime	22
ralla	22
rammetta	22
registra	22
registraçion	22
reisegoso	22
resciste	22
restoranti	22
reçevue	22
rogne	22
rosiggio	22
rumentâ	22
s'intende	22
s'invexenda	22
saveivi	22
scacco	22
scindrome	22
sciuscio	22
scoverto	22
scöxiscian	22
segnalaçioin	22
segretta	22
separaçion	22
seppie	22
servîse	22
sguaro	22
sospeisa	22
sostituçion	22
spande	22
sperde	22
stòrichi	22
sua	22
supermercoei	22
sussâ	22
særan	22
tegnue	22
tentative	22
tettin	22
tii	22
tipiche	22
tracianto	22
traversa	22
tremende	22
trentedoî	22
tumao	22
umô	22
unn'aggrescion	22
unn'açienda	22
v'emmo	22
veneçien	22
vettue	22
vexinægo	22
violento	22
xoou	22
zovi	22
çeiâ	22
çigae	22
òrto	22
academico	21
accabannou	21
accheugge	21
aggiuttâme	21
allenamento	21
ammagonâ	21
ammassamenti	21
ammassan	21
ammette	21
appixonou	21
appontamenti	21
arrampinou	21
arrivi	21
ascidio	21
autoa	21
avventua	21
azzonzighe	21
baia	21
baifardo	21
balloin	21
battista	21
beutta	21
bistecche	21
bollou	21
brindixi	21
brustolio	21
bòtto	21
camoe	21
campionato	21
canaggia	21
cangiava	21
cartapesta	21
cattou	21
cego	21
ch'eimo	21
ciammià	21
coe	21
coffe	21
colònne	21
commandava	21
conlaborou	21
conoscime	21
conseggea	21
consulensa	21
continuaçion	21
correze	21
corteixi	21
cristòffa	21
cäsetta	21
cöso	21
d'ammiscion	21
d'arbenga	21
d'arresto	21
daiei	21
debolesse	21
deciaræ	21
deportaçion	21
deputâ	21
deriva	21
desaxi	21
desbarcæ	21
descäso	21
despeæ	21
destruta	21
determinaçion	21
divixoin	21
drite	21
elettrichi	21
elicòttero	21
episòdio	21
espòsta	21
fallisce	21
façili	21
façionê	21
fian	21
finto	21
formaggi	21
formigoa	21
fralegua	21
françesca	21
frexetto	21
fòsci	21
gaibado	21
galantòmmi	21
galuscio	21
garantià	21
generoxitæ	21
geografia	21
gh'appenso	21
ghiggermo	21
giasso	21
giustificaçion	21
grixe	21
identificæ	21
imbarcâse	21
imitâ	21
impromissa	21
infeliçe	21
inferno	21
infinio	21
ingiustiçie	21
inluxoin	21
inondaçioin	21
insce	21
instituçion	21
instruçion	21
interessanti	21
intimo	21
investimento	21
inçerta	21
ipòcrita	21
l'aeroplan	21
l'aggueitava	21
l'amao	21
l'ammian	21
l'arreste	21
l'asseguaçion	21
l'asseguo	21
l'avao	21
l'elemento	21
l'importante	21
l'incroxo	21
l'ingròsso	21
l'instituçion	21
laberinto	21
lasciâli	21
lebeccio	21
lestixe	21
m'ammian	21
m'ascordiò	21
maggetta	21
mascâ	21
maxellou	21
menego	21
messiavi	21
mettieiva	21
miliçien	21
miscio	21
mollâghe	21
mê	21
nasceiva	21
negoçiante	21
neue	21
nuou	21
ommetto	21
oräio	21
paa	21
pacchi	21
paghian	21
parmæa	21
parpelle	21
pensamentoso	21
pentia	21
ponze	21
portieiva	21
porzuo	21
possi	21
preçioso	21
primmäi	21
profummou	21
progrescisti	21
progrescivo	21
promettighe	21
prospettiva	21
provâghe	21
quattorzen	21
quattr'euggi	21
quattromia	21
quæle	21
realizzou	21
reciammi	21
recompensa	21
reneuvo	21
resata	21
respondo	21
rispòsta	21
rivee	21
riæ	21
rostie	21
s'aspëtavan	21
s'asseunna	21
s'astimma	21
s'avansa	21
s'emo	21
sabaudo	21
sacramenti	21
saivi	21
savià	21
savöia	21
sbigge	21
scappo	21
scassa	21
sccettessa	21
scciao	21
scherso	21
scilençiosa	21
scistemaçion	21
sciuscian	21
scoläia	21
scropoli	21
scuggea	21
sentiæ	21
serrava	21
sostegnitoî	21
sostegnui	21
spedî	21
spegassin	21
spettatoî	21
spiegâ	21
storbia	21
straggia	21
stramuou	21
strazzetto	21
streppa	21
strumenti	21
studiava	21
stâlo	21
stòffe	21
succai	21
succâ	21
tecnologia	21
tegnîli	21
tegnîlo	21
temi	21
teneo	21
tesciui	21
torneo	21
tranquillitæ	21
trasformou	21
trippa	21
tristi	21
tutt'oe	21
unn'avaia	21
uscê	21
v'agge	21
valorizzaçion	21
vascellæa	21
veggia	21
vegniei	21
vergine	21
vergognoso	21
versâ	21
viovetta	21
vortandose	21
zagante	21
zoagi	21
zua	21
æghe	21
çercâla	21
çinquemia	21
òffran	21
abbrassæ	20
accattâme	20
accotellâ	20
adorno	20
affogâ	20
africa	20
allon	20
alternative	20
animalisti	20
antiçipo	20
appeixi	20
appensæ	20
armonia	20
arraggiæ	20
arroinâse	20
arvime	20
arçelle	20
asciste	20
assensa	20
assessô	20
attesti	20
autònoma	20
avertua	20
avvegnui	20
açeise	20
bacere	20
bansa	20
battezzâ	20
berzezzi	20
bestiete	20
beviaggio	20
bevua	20
biscöchiña	20
boffa	20
brillante	20
bruxeuie	20
butegâ	20
butegæ	20
bæxin	20
caccian	20
caliçe	20
camilla	20
cannella	20
capisci	20
caratteristico	20
catalaña	20
cattuæ	20
cazzo	20
ch'aggimo	20
ch'arrive	20
ciammesse	20
ciantan	20
cianzendo	20
ciappaieu	20
cicchetto	20
cogheuo	20
commentâ	20
confessâse	20
confiña	20
confusa	20
conoscesse	20
conservatoî	20
constreito	20
cornaggin	20
cotelli	20
coxinou	20
coxiñe	20
criticou	20
d'accapî	20
d'assato	20
d'esperiensa	20
d'estæ	20
d'idea	20
demoou	20
deputæ	20
descarregâ	20
deseuvio	20
desperso	20
destrute	20
diffonde	20
dimenscioin	20
direttamente	20
disci	20
disco	20
discorrivan	20
divixon	20
domeneghe	20
domestego	20
domestegou	20
dröghe	20
duià	20
dîmelo	20
econòmichi	20
educâ	20
elettriche	20
elevæ	20
episòddi	20
escludde	20
facciâ	20
fallia	20
fantaxie	20
fanâ	20
fascio	20
fattoî	20
figa	20
formigoe	20
fornisce	20
fruste	20
fuxon	20
fâghelo	20
gagge	20
garbuggio	20
gelatâ	20
geneâ	20
gesti	20
gh'appensiò	20
giusti	20
granaieu	20
guardian	20
guerniçion	20
imbottiggiâ	20
imbägiâ	20
impeccabile	20
impedio	20
imprescionante	20
inluminou	20
inregolari	20
inresponsabile	20
inricchî	20
insou	20
inspiâ	20
instabile	20
installou	20
intaggiâ	20
intendo	20
interçettou	20
intrâghe	20
istòrico	20
jihadisti	20
l'aa	20
l'agente	20
l'ambiçioso	20
l'ambulansa	20
l'antiçiclon	20
l'attentatô	20
l'avvertimento	20
l'evoluçion	20
l'ex	20
l'in	20
l'inauguraçion	20
l'infinio	20
l'inscriçion	20
l'interessa	20
l'italiaña	20
l'offensciva	20
l'ottëgne	20
l'æguaverde	20
lamenti	20
lasciâve	20
levanto	20
loasso	20
lözo	20
m'avià	20
m'interessa	20
mandesse	20
mantegnîla	20
mantegnîse	20
martellæ	20
marçello	20
mascare	20
mascoin	20
mecaniche	20
mesuaçion	20
meui	20
mill'anni	20
miæ	20
mobilitæ	20
modella	20
moscoin	20
mëxiñe	20
mòlle	20
n'aggiæ	20
naixe	20
negou	20
nescia	20
nevetti	20
oppòsta	20
orgoggioso	20
pansöti	20
parabole	20
parchezzou	20
parente	20
pedemonte	20
pedoin	20
peio	20
perseghe	20
piggiâve	20
pittoî	20
poiegno	20
pontin	20
porcaia	20
porpa	20
portöia	20
porzeiva	20
porçioin	20
possedo	20
preparou	20
prescide	20
profitto	20
pronte	20
quell'affare	20
querno	20
quest'anno	20
rampa	20
rappe	20
rappo	20
raxonamenti	20
realistica	20
reneuva	20
renovou	20
repiggiæ	20
resolua	20
reçenscion	20
reçercatoî	20
rianetto	20
romansa	20
romoen	20
s'afferman	20
s'aivan	20
s'allontaña	20
s'arræiva	20
s'assumeggian	20
sarzaña	20
satisfæto	20
savessan	20
scampou	20
scavâ	20
scciancou	20
sccioisce	20
schitto	20
scignificativa	20
scimboli	20
scimbòlica	20
sciollaie	20
scommisse	20
scrovî	20
separæ	20
servivan	20
sestê	20
sguari	20
soffito	20
sovietica	20
sozzeia	20
spallea	20
st'erbo	20
stampâ	20
statuto	20
stia	20
stiletto	20
strategico	20
strazzetti	20
strinche	20
stâse	20
suou	20
södi	20
tantiscimo	20
terme	20
testamento	20
tocchetti	20
trascuâ	20
treuggio	20
treuvi	20
trezzen	20
urgensa	20
urtima	20
valido	20
variabili	20
veddiselo	20
vegniæ	20
vienna	20
xeuan	20
zeugge	20
zuê	20
çernue	20
çibbla	20
öxellin	20
a12	19
accapita	19
addeuvia	19
affogou	19
aggravâ	19
allerta	19
allòn	19
ambasciou	19
ambo	19
andâsene	19
anâla	19
appiccâ	19
appösâ	19
architetti	19
arcoa	19
aristocratico	19
aspëtâlo	19
assegnâ	19
ata	19
autònomo	19
avvexinæ	19
baggio	19
ballæ	19
baracca	19
barme	19
batteria	19
battezzou	19
bisce	19
blòcca	19
bollettin	19
bonifaçio	19
bormia	19
braxe	19
burlâ	19
cacciavan	19
camminesse	19
campioin	19
capitava	19
cartelle	19
castigâ	19
cattie	19
ciammavan	19
coioxi	19
complòtto	19
compoñan	19
compreixi	19
compâ	19
concreti	19
condominio	19
confessô	19
confronta	19
consentî	19
console	19
contegnua	19
contesse	19
convinti	19
conçerti	19
coou	19
cornabuggia	19
corpie	19
corscia	19
costan	19
costruçion	19
creppatua	19
crestallo	19
criminalitæ	19
critëio	19
crònaca	19
cëghetto	19
d'aeroplen	19
d'anscietæ	19
d'asbrio	19
d'axillo	19
d'energia	19
d'oe	19
damæn	19
deciara	19
degni	19
demoo	19
denega	19
depeiso	19
derua	19
desaxo	19
descarrego	19
descriti	19
deserti	19
desviluppo	19
dexemia	19
dirette	19
dixendoghe	19
domandiò	19
dondesesegge	19
doppoguæra	19
dugaña	19
elsa	19
eröde	19
estremo	19
federaçion	19
fesci	19
fiavan	19
file	19
foestea	19
follano	19
fonçionou	19
fornitoî	19
fornæ	19
fou	19
franchessa	19
frusta	19
fræin	19
fummaieu	19
galee	19
gh'andava	19
ghio	19
giando	19
giandonâ	19
giaponeise	19
giavan	19
giffre	19
governâ	19
gravia	19
guarî	19
guasta	19
guerrezzê	19
impiego	19
impiegæ	19
inandiâse	19
incomensou	19
indiscreçioin	19
indoæ	19
insciste	19
inspiou	19
intelligensa	19
invençion	19
irlanda	19
l'8	19
l'85	19
l'ammanca	19
l'angonia	19
l'asmia	19
l'ean	19
l'espoñe	19
l'evaxon	19
l'interruçion	19
lampadiña	19
latiñe	19
laureou	19
lavi	19
leve	19
limitou	19
luçia	19
m'accòrzo	19
m'aivi	19
m'ammio	19
m'impòrta	19
maiâme	19
mampâ	19
marasciallo	19
marse	19
maschera	19
mediterranea	19
menta	19
meridionali	19
mescemmo	19
meuian	19
misëie	19
modalitæ	19
mogogna	19
moinetti	19
mortiou	19
mäducâ	19
möa	19
niccio	19
onda	19
onesti	19
orrô	19
ospitæ	19
oçeani	19
parasciti	19
parenti	19
paxa	19
pensando	19
perdonou	19
perdoña	19
periòdico	19
permissi	19
perrucchea	19
personali	19
pevionetto	19
pia	19
pixonanti	19
pormonite	19
portugâ	19
porçellaña	19
posse	19
prattico	19
preuvan	19
prevëgno	19
pròscime	19
päçenie	19
pòrtite	19
pösava	19
quæla	19
raso	19
rebellâ	19
regii	19
remescello	19
remme	19
remontâ	19
repòrta	19
requixiti	19
resegondâ	19
rico	19
roberta	19
rubrica	19
s'ammian	19
s'assumeggiava	19
s'emmo	19
sarvià	19
satirico	19
satisfâ	19
saveise	19
sbaliâ	19
sbiascio	19
scciappe	19
scciuppæ	19
scemmellan	19
sciammo	19
scigoâ	19
sciorbipua	19
sciuga	19
sciätâse	19
scommisso	19
scöxio	19
scöxivan	19
segnalaçion	19
semafero	19
sentîla	19
servian	19
servie	19
smisso	19
spaximo	19
spiña	19
st'angæzo	19
stea	19
superstiçion	19
sære	19
sòliti	19
t'attreuvi	19
tariffa	19
tegnisse	19
teivia	19
tenti	19
tenô	19
terse	19
trallalero	19
tröno	19
ultras	19
unn'arbanella	19
unn'arrecuggeita	19
unn'ipòtexi	19
varia	19
veicoli	19
venditoî	19
verificou	19
verme	19
vintun	19
violenta	19
violenti	19
vocaçion	19
voësci	19
vëgnime	19
zambia	19
çercando	19
çiöti	19
òrba	19
abbaccioccou	18
abbellinou	18
acciantæ	18
acconsentio	18
addentâ	18
addeuvio	18
affrontou	18
agio	18
ammiime	18
amministraçion	18
ansermo	18
arregordæve	18
arrestavan	18
arvîla	18
arvîse	18
aspëtava	18
assato	18
asseguâ	18
astræto	18
attivi	18
attoa	18
autisti	18
açertou	18
babòlli	18
ballavan	18
banchetti	18
baròcca	18
battesto	18
beccamòrti	18
besugnià	18
binda	18
bisacca	18
bombezzi	18
bordonâ	18
brasca	18
burlâse	18
busta	18
cabanna	18
cammi	18
camminemmo	18
carcolâ	18
catalogna	18
cattia	18
cattua	18
catòlico	18
cegæ	18
ch'anava	18
chimiche	18
ciammâla	18
cianello	18
cianto	18
cianzi	18
ciaveuie	18
cile	18
cineixi	18
ciöi	18
ciöso	18
coerente	18
cointan	18
compensâ	18
complesse	18
completa	18
compòrtan	18
compòste	18
confiava	18
confrontâse	18
conlaboratoî	18
conscidera	18
conseggetto	18
contando	18
contegnue	18
continuan	18
contorno	18
contribuî	18
convertia	18
convia	18
conçentrâse	18
corpoxi	18
corretta	18
costreita	18
covercio	18
coxi	18
cresta	18
cretin	18
crian	18
criando	18
croaçia	18
cucco	18
cägòllo	18
cämâ	18
d'amandoe	18
d'antigo	18
d'anâla	18
d'attaccâ	18
d'avanso	18
d'aveili	18
d'aveine	18
d'euggi	18
d'ôtramâ	18
delinquente	18
demostraçion	18
dependente	18
desandio	18
desastri	18
deschinâ	18
desentegâ	18
devimo	18
diamante	18
difetto	18
discriminaçion	18
discusso	18
dixineuv'anni	18
documentâ	18
domandi	18
dormivan	18
dozz'anni	18
duasso	18
elettriçitæ	18
eliminâ	18
esagerou	18
esprimmise	18
estaxi	18
eugenio	18
examme	18
fabriçio	18
fadigosa	18
fasciximo	18
favoî	18
fee	18
festezzan	18
figuo	18
finze	18
focciare	18
fogoâ	18
francamente	18
frazzo	18
fòsse	18
ganascia	18
garantisce	18
garibaldin	18
gestio	18
gh'è	18
giaminou	18
giappâ	18
giardinê	18
gioxi	18
giòstra	18
gnisca	18
gomie	18
gomma	18
grandiscimo	18
grascia	18
guao	18
imprestâ	18
indiaña	18
informemmo	18
inguggeita	18
intemelia	18
interpretaçion	18
intressæ	18
intri	18
istòrica	18
l'agosto	18
l'allögio	18
l'aragan	18
l'argentiña	18
l'arreze	18
l'aveto	18
l'azzonzeiva	18
l'impreisa	18
l'infia	18
l'inghiltæra	18
l'interaçion	18
l'offeisa	18
l'osservatöio	18
l'ê	18
lasciâte	18
leccaia	18
legummi	18
lezzua	18
libere	18
lombardi	18
m'aggian	18
m'ammanca	18
m'incallo	18
machinista	18
maie	18
maiçia	18
maleito	18
malexio	18
manuale	18
mariagio	18
mastrussi	18
mattaie	18
mauriçio	18
meitou	18
mento	18
merello	18
mettendo	18
micca	18
miggiâ	18
misteioso	18
mormoâ	18
mortöio	18
mosci	18
musëi	18
muxicante	18
mäfiansa	18
mæñe	18
n'aivimo	18
nanni	18
negòçi	18
nostargia	18
nöi	18
occore	18
ondâ	18
operou	18
operäia	18
organizzaçioin	18
ospitou	18
padroin	18
parteçipava	18
pastorin	18
pensesse	18
permettan	18
perturbou	18
pescan	18
piaxensa	18
piccæ	18
pigoggioso	18
pio	18
pittuou	18
pixoin	18
policlinico	18
portesse	18
potenti	18
pregan	18
preoccupâ	18
profummæ	18
progettaçion	18
promettan	18
propietäia	18
protetta	18
provixoin	18
quattòrz'anni	18
rebelli	18
rebighi	18
recangio	18
recillou	18
recoveo	18
redene	18
registran	18
regnava	18
regòrda	18
rendime	18
resacca	18
restià	18
resulta	18
reçenscioin	18
rieu	18
rinforsou	18
ringraçiâ	18
rispettâ	18
rondaniñe	18
roscigneu	18
rosâ	18
rosäi	18
s'accorzesse	18
s'addesciava	18
s'ammiavan	18
s'arretia	18
s'asbrian	18
s'assomeggia	18
sanitäio	18
sarvi	18
satellite	18
scarsa	18
sccette	18
scernio	18
schittou	18
scignifica	18
scignificati	18
scigoi	18
scigoo	18
scimie	18
scingolare	18
sciorbîme	18
sciusciava	18
scompartisce	18
scondilô	18
senci	18
sentindose	18
sexî	18
sezz'anni	18
sossi	18
sostëgnan	18
sottomissa	18
spagnòlli	18
spedii	18
spessa	18
spinoin	18
sponciæ	18
spontâ	18
sporzeiva	18
spægava	18
stabilîse	18
stoccâ	18
stracoâ	18
stranscio	18
sucche	18
sud-america	18
sunaggin	18
supeiô	18
sæxin	18
sòlite	18
t'ammio	18
targa	18
tedeschi	18
televixivo	18
teologia	18
terraggia	18
tirabuscion	18
trebbia	18
trenteneuve	18
trieua	18
umanitäi	18
umanitäia	18
unn'amiga	18
unn'ondâ	18
veddræ	18
vegnieivan	18
vegniemo	18
verbale	18
vestîme	18
viaxo	18
vintiquattro	18
vintisëi	18
vivessa	18
vocaboläio	18
yogurt	18
zenne	18
zordan	18
çernua	18
çesare	18
çittadiñe	18
è	18
4mia	17
abbrascou	17
accoegâse	17
acconsâ	17
aggite	17
agrecco	17
ammassâli	17
amoso	17
ancio	17
andeua	17
anian	17
appende	17
argento	17
arrecampâ	17
arreiso	17
arremba	17
arremediâ	17
arrivemmo	17
asbasciæ	17
asseguaçioin	17
audio	17
autorizzæ	17
bacchezza	17
bambaxo	17
banchiñe	17
banchê	17
baçî	17
becciou	17
bellinoin	17
bibbia	17
binella	17
bizaro	17
boggie	17
bombezzâ	17
bonasseua	17
bonn'oa	17
botti	17
braxilian	17
bregadda	17
bruttô	17
bruxo	17
bruxô	17
bòcce	17
böna	17
cadastro	17
camerin	17
camminando	17
campanetta	17
campâ	17
canadà	17
cappelli	17
caratterizzou	17
carcoli	17
carmou	17
carreghi	17
carton	17
castagneua	17
castagno	17
ch'avesse	17
ch'aviæ	17
ch'emo	17
cheuscia	17
ciattaforme	17
cicche	17
cichê	17
ciæbella	17
ciöo	17
coerensa	17
cogorno	17
coiose	17
colònie	17
commerçi	17
commerçiale	17
commòsso	17
condue	17
confronti	17
coniggi	17
consegnâse	17
contemporanea	17
contâlo	17
cooperaçion	17
corpose	17
corrimmo	17
cortivou	17
costava	17
creansa	17
cuxia	17
d'affeçion	17
d'arbâ	17
d'asciste	17
d'aspeto	17
d'attacchi	17
d'imbarasso	17
d'indagâ	17
d'influense	17
d'occaxon	17
d'ombra	17
dandoghe	17
decheutto	17
delegaçioin	17
desandiâ	17
descarrega	17
descarregou	17
descore	17
despiaxeiva	17
desturbou	17
devastaçion	17
difende	17
diplomatichi	17
direttoî	17
direçioin	17
dividde	17
divöto	17
dixesse	17
domandesse	17
domandâve	17
dorso	17
dôçeo	17
egiçian	17
eleze	17
enorme	17
esteise	17
estranxee	17
exerçiçi	17
famoxi	17
fasciæ	17
fedele	17
feo	17
ferrovia	17
figgettiña	17
filòsofo	17
finalitæ	17
finanse	17
finte	17
fiou	17
fornia	17
fretta	17
frettâse	17
fummou	17
fòscili	17
galòppo	17
gh'importava	17
gh'interessa	17
giastemmâ	17
graveggia	17
grilli	17
guägne	17
gòffo	17
gödiva	17
imbarcou	17
imbriæga	17
imbriægâ	17
impe	17
impiegâse	17
impremuou	17
imprescionou	17
impòsto	17
inandia	17
inciastri	17
indignou	17
individui	17
inluminæ	17
inscistî	17
inspiraçion	17
instrumento	17
interrompî	17
inveddræ	17
inverdugâ	17
irlandeise	17
irregolare	17
isræliañe	17
ivo	17
jeans	17
l'acciamma	17
l'aggian	17
l'alludde	17
l'appartamento	17
l'architettua	17
l'asbria	17
l'assazzo	17
l'assessoa	17
l'atleta	17
l'espeiensa	17
l'espoxiçion	17
l'impedisce	17
l'installaçion	17
l'investe	17
l'invidia	17
l'oggetto	17
l'uscê	17
l'òvest	17
leppego	17
leua	17
levemmo	17
lisabetta	17
liçensiou	17
lumasse	17
lummi	17
luxernâ	17
luxio	17
m'addesciava	17
m'attreuvo	17
maddæña	17
maiezzi	17
malediçion	17
malincònica	17
mancin	17
mandâme	17
mastrussâ	17
mazzi	17
mecanica	17
medio	17
meigranâ	17
mescciæ	17
misteiosa	17
mocchi	17
modernitæ	17
moralitæ	17
moriagio	17
moscia	17
mostresse	17
mäpiggiâ	17
mòtti	17
n'ammiava	17
nascian	17
nevea	17
nisseua	17
nominâ	17
normative	17
nostrâ	17
numeroxi	17
obrigæ	17
occidentale	17
ordinæ	17
oräi	17
osservando	17
paio	17
panissa	17
paradòsso	17
parchezzæ	17
pareco	17
parsciua	17
passaggi	17
patriòttico	17
pense	17
perdeivan	17
personalizzou	17
pesoin	17
piggiâle	17
pissetti	17
possede	17
poxitive	17
preparaçion	17
prexonea	17
preçiosa	17
profummâ	17
proibisce	17
provemmo	17
pruxa	17
pròpia	17
pugnattin	17
päpeto	17
quaddretto	17
quarantesette	17
quest'oa	17
rattellan	17
ravatto	17
recheugge	17
refuava	17
remediâ	17
remiscion	17
rendan	17
rendià	17
rexistente	17
reçevui	17
rigoî	17
rito	17
rivale	17
roieu	17
röca	17
s'accorzeiva	17
s'alleva	17
s'ammiava	17
saino	17
saluâme	17
sanitäia	17
sardo	17
sarzan	17
sazzi	17
scagge	17
scangia	17
scciavi	17
sccioî	17
schillenti	17
sciaccælo	17
sciense	17
scinfonia	17
scintomo	17
sciortindo	17
sciòcche	17
scoläio	17
scommissa	17
seggimo	17
segnalâ	17
segnæ	17
sentîghe	17
seppia	17
sesso	17
sforsâ	17
soffriva	17
solennitæ	17
sostegniva	17
sottoscriçion	17
spago	17
spara	17
sposâse	17
spòrze	17
st'argomento	17
stagna	17
stipendi	17
stoccou	17
straggiâ	17
stâla	17
stâmene	17
stòrte	17
taggiava	17
taretto	17
tascì	17
taxo	17
tegnîve	17
telefona	17
tendan	17
tenea	17
tesce	17
test	17
texi	17
toian	17
tornâsene	17
torriggia	17
torte	17
traghetti	17
tragica	17
tranvai	17
trasformâ	17
tritollâ	17
trovemmo	17
umea	17
unn'agençia	17
unn'antologia	17
unn'atmosfera	17
unn'esperta	17
unn'imprescion	17
unn'infeçion	17
unn'ostaia	17
unî	17
vaiva	17
valutaçion	17
veddine	17
veddisela	17
vendua	17
ventoela	17
vestite	17
videozeugo	17
visciui	17
vonto	17
zänello	17
çellule	17
9mia	16
accapîghe	16
accapîse	16
adattâse	16
addesciæ	16
agricolo	16
aguo	16
alluvioin	16
ambiçioso	16
andreiña	16
anieiva	16
antighitæ	16
antònio	16
anâvene	16
appægi	16
aradio	16
arma	16
armelle	16
arriviemo	16
artexanâ	16
artiste	16
artistica	16
ascordâte	16
asperti	16
assòlto	16
attorniou	16
austria	16
aveili	16
avià	16
axi	16
axillo	16
açendo	16
ballonetto	16
barchette	16
bastià	16
baxilica	16
beigua	16
benexio	16
benstâ	16
bergamasco	16
bersaggio	16
bestenta	16
besugnieiva	16
boffava	16
bollon	16
bombardamenti	16
borchi	16
bruxe	16
bruxi	16
bòrzoi	16
cabirde	16
cacciâghe	16
cadenetta	16
calabreise	16
cangiavan	16
cantemmola	16
canäie	16
canònega	16
cappon	16
cappotreno	16
caraibi	16
carcagno	16
carregon	16
cartella	16
carçê	16
casciña	16
caserma	16
ch'accattemmo	16
ciammâne	16
ciammæme	16
ciappi	16
ciattaforma	16
collocou	16
comiçio	16
commòssa	16
compiva	16
completou	16
compromette	16
consciste	16
conseggia	16
consentio	16
constansa	16
consumma	16
contemplou	16
conträie	16
conçentrâ	16
corridoa	16
corsæ	16
costià	16
cotidiañe	16
creña	16
crosta	16
culto	16
còrno	16
cös'an	16
d'affermâ	16
d'amixiçia	16
d'anâse	16
d'armellin	16
d'arregordâ	16
d'ascondise	16
d'inscistî	16
d'inspiaçion	16
damerin	16
damma	16
daneise	16
demoâme	16
derivou	16
desgranâ	16
deslenguou	16
despëtenâ	16
didattica	16
dimmoghe	16
discreçion	16
distinte	16
dottriña	16
doveise	16
doviò	16
duan	16
dâghelo	16
dì	16
elefanti	16
emoscioin	16
erlia	16
esprimman	16
essençiale	16
exerçitaçioin	16
farçio	16
fattue	16
favi	16
femina	16
fermâla	16
fermâlo	16
fie	16
fissi	16
fonetico	16
formava	16
fottifigue	16
foïscimo	16
freidessa	16
frouxo	16
fummava	16
gh'aggian	16
gh'arriëscio	16
gh'aveiva	16
gh'avian	16
gh'intran	16
gnagnoa	16
governatoî	16
grandessa	16
grigoa	16
guersa	16
guägnemmo	16
gòtica	16
gòtico	16
gödio	16
imaginâme	16
imbrumme	16
impëio	16
inaugurou	16
incarregæ	16
independensa	16
infiâse	16
inmòbile	16
insegnou	16
intaffoou	16
internet	16
interrotta	16
inversa	16
inversâ	16
investigâ	16
investî	16
inzenoggiou	16
l'academia	16
l'accaseua	16
l'afferma	16
l'alimenta	16
l'ambiçion	16
l'annasto	16
l'assetta	16
l'attreuvo	16
l'aviditæ	16
l'entuxasmo	16
l'execuçion	16
l'ignoransa	16
l'illuxon	16
l'imbarasso	16
l'imitaçion	16
l'indicaçion	16
l'intrià	16
l'olandeise	16
l'ombrissallo	16
l'ottegnià	16
l'òrgano	16
l'ötöio	16
lagasso	16
lampe	16
laçio	16
lealtæ	16
leitâ	16
levâlo	16
leza	16
lisci	16
m'en	16
magica	16
magnifico	16
mago	16
maiava	16
mancomâ	16
maneggia	16
manezzou	16
mangiemo	16
marmellâ	16
marta	16
medica	16
mediche	16
megioou	16
metteive	16
mettiemo	16
mettiæ	16
milaneixi	16
modesta	16
monegia	16
montavan	16
mostrieiva	16
mouma	16
mutti	16
n'aggei	16
n'impòrta	16
n'interessa	16
negaçion	16
nesciô	16
nevâ	16
normalitæ	16
norvegia	16
noven	16
noçioin	16
nòmine	16
obedî	16
occorrî	16
occupaçioin	16
offende	16
olandeise	16
ordenäi	16
pappi	16
paragonâ	16
parlâte	16
parrià	16
passanti	16
patanuo	16
pattezzou	16
paçifico	16
pecöse	16
pensamentosa	16
pensavi	16
periòdichi	16
permettise	16
persciste	16
perseguitæ	16
peâ	16
piosa	16
planeti	16
pontefiçe	16
pontua	16
popolaritæ	16
pregâlo	16
preoccupaçion	16
prestiti	16
preveddan	16
preçiose	16
programmou	16
proiettili	16
prolongâ	16
pruxe	16
pscicològico	16
puo	16
randa	16
reagio	16
recammou	16
recorrî	16
recoveræ	16
recòvero	16
refesso	16
refuæ	16
relascia	16
remansiña	16
repicca	16
represcion	16
resoluo	16
respondià	16
resti	16
rianello	16
riendo	16
riescie	16
rimme	16
riondi	16
rispòsto	16
risòtto	16
ronfa	16
ruzzenente	16
rägnava	16
ròcca	16
s'ammerma	16
s'ammuggian	16
s'anava	16
s'appensan	16
s'ascada	16
s'ascòrda	16
s'asseunnan	16
s'avvanta	16
s'erze	16
saou	16
sarvatô	16
sarvâlo	16
scarmo	16
scassæ	16
scceuppi	16
scciavo	16
scciuppava	16
scemma	16
schermo	16
sciarræ	16
scigoe	16
scompartî	16
scorriatta	16
semenæ	16
serenitæ	16
serrâme	16
servitoî	16
severo	16
seviggia	16
seçioin	16
seña	16
sgreuxi	16
sostegnitô	16
sottoliniâ	16
sovercio	16
spaghetti	16
sparmou	16
spiddo	16
spontâla	16
spose	16
sposâme	16
spotorno	16
spæga	16
stemma	16
stivâ	16
strafaläie	16
straordenäie	16
strenzeiva	16
stress	16
strinou	16
stæne	16
suprico	16
sussa	16
sätavan	16
t'aspeta	16
telecommando	16
tetta	16
teuscega	16
tiggio	16
tin	16
tornavan	16
torniemo	16
tornâghe	16
traduttô	16
travaggiæ	16
tremmelleuio	16
trexöi	16
trippe	16
troviemo	16
trovâve	16
turni	16
umañe	16
unn'andania	16
unn'escurscion	16
vagoin	16
val	16
vegnîghe	16
vernassa	16
viægian	16
zazzunâ	16
zudea	16
zugheuia	16
zugâse	16
çibbi	16
çigni	16
çinquantetrei	16
çitaçion	16
ïsâ	16
120mia	15
150mia	15
a10	15
abondante	15
abuxivo	15
accostou	15
accostâ	15
addesciæve	15
aggaibou	15
aggiustou	15
aggueitâ	15
alimentari	15
allargâ	15
alleæ	15
allonghî	15
allögiou	15
ammassâla	15
anâtene	15
anævene	15
appossâ	15
approfondimenti	15
appösou	15
aristocratica	15
arrembæ	15
arrestian	15
arrive	15
arrubattou	15
ascordâme	15
asia	15
aspetime	15
aspio	15
aspresciou	15
assascinâ	15
assettâme	15
assuefæta	15
astegnui	15
astimmou	15
astimmâ	15
attappou	15
attaxentou	15
attorniâ	15
attrovâlo	15
attræto	15
aumentâ	15
austriachi	15
avaou	15
ave	15
aviditæ	15
axou	15
azzonti	15
bacchetta	15
baiâ	15
barbottâ	15
barbòtta	15
barchin	15
battæximo	15
baxæ	15
beivime	15
bellinata	15
benvegnua	15
bescheutto	15
betòrdo	15
biondi	15
braggiou	15
bregadê	15
brigneio	15
briscola	15
bòn	15
bòrdi	15
camallou	15
camixetta	15
caneva	15
cantiñe	15
canäi	15
canæ	15
cappoin	15
castiggion	15
cattive	15
ch'avessan	15
ch'avian	15
ciaciare	15
ciantæla	15
ciarbottâ	15
ciarlatan	15
ciavâ	15
ciavæn	15
cioende	15
clascificou	15
coccio	15
cointâ	15
colorâ	15
comm'aiva	15
commisse	15
concreto	15
conflitti	15
conforme	15
conligâ	15
consegnâghe	15
consentan	15
contegniva	15
contesti	15
contròllan	15
contæme	15
convençion	15
convurscioin	15
conçentra	15
corpeivi	15
cortivaçion	15
cristian	15
criticâ	15
croscê	15
crovivan	15
cuscin	15
cuxe	15
cädua	15
còdixe	15
còmichi	15
d'ançianitæ	15
d'asseguaçion	15
d'attacco	15
d'autoritæ	15
d'avöio	15
d'incontri	15
d'italien	15
d'opinion	15
dansa	15
delinquenti	15
desfiguâ	15
desponta	15
destacca	15
detesto	15
deurto	15
diagnoxi	15
dillo	15
discreta	15
diverscitæ	15
divisa	15
divixibile	15
domandâte	15
domesteghe	15
dond'ean	15
doppodoman	15
dose	15
dozz'oe	15
ducca	15
dâghela	15
dâlo	15
dïsett'anni	15
dòllai	15
ebraiche	15
elementare	15
elezan	15
emiscioin	15
enrica	15
erede	15
fangòtto	15
fantastico	15
feliçi	15
feliçitaçioin	15
finisse	15
foetto	15
fonde	15
forman	15
freccia	15
frenou	15
frequentou	15
fæne	15
garsonetto	15
giassou	15
giustifica	15
glöie	15
gorzente	15
grattanuvie	15
gronda	15
guiddava	15
guägnesse	15
imbarassâ	15
impia	15
incantou	15
incantâ	15
indemoniæ	15
indian	15
industriali	15
ingoou	15
ingreixi	15
inregolaritæ	15
inricchia	15
intervegnua	15
intervegnui	15
intoppâ	15
invençioin	15
invidia	15
ipocrexia	15
ipotizzou	15
iranian	15
isoâ	15
istòriche	15
l'accapisce	15
l'accompagna	15
l'aggiornamento	15
l'antologia	15
l'ançiaña	15
l'aquila	15
l'ardimento	15
l'area	15
l'arpon	15
l'ascella	15
l'aspeto	15
l'avviso	15
l'açetta	15
l'elettriçitæ	15
l'emoscion	15
l'impià	15
l'imposcibilitæ	15
l'improvista	15
l'induià	15
l'infermê	15
l'inondaçion	15
l'invita	15
l'orgheuggio	15
l'òsserva	15
laddra	15
laddroniçi	15
lagrima	15
lanterne	15
lascesse	15
lasciò	15
lastrego	15
lenguistica	15
leppegosa	15
liamme	15
libbraia	15
lirico	15
locciou	15
locutoî	15
luâ	15
m'affermo	15
m'ammiavan	15
macaia	15
machinette	15
magnæ	15
mandi	15
mangiavimo	15
manifesta	15
marcava	15
marmellin	15
mascarson	15
massacrou	15
mattô	15
mettine	15
minoritäie	15
miscioin	15
miti	15
miägetta	15
moderou	15
moivan	15
monterosso	15
morta	15
mortificâ	15
muggi	15
mutto	15
mòrscia	15
n'aise	15
neghe	15
nesce	15
nessetta	15
neui	15
numerose	15
onnipotente	15
ordini	15
organizzæ	15
passaliçio	15
passiemo	15
passiò	15
patriçie	15
pavon	15
peia	15
permetteiva	15
piati	15
piccaggetta	15
piccaggette	15
piggiâsene	15
pigou	15
pontava	15
pontezzo	15
porcaie	15
posate	15
poscitoëse	15
poxitivi	15
predicava	15
pregâla	15
presentâte	15
proiettile	15
proponeiva	15
protetto	15
pëtenæa	15
pöri	15
quand'emo	15
quand'en	15
quaranteneuve	15
quest'atra	15
rammi	15
rassegnâ	15
raxonâghe	15
reciòcco	15
reforme	15
refuâse	15
regiava	15
regoliçia	15
reixi	15
representou	15
resciuscitâ	15
restauro	15
resveggin	15
resòlto	15
retardou	15
retiemo	15
reçitaçion	15
righinaggia	15
rompi	15
ronsa	15
ròcche	15
s'accatta	15
s'accommòdde	15
s'eimo	15
savoneixi	15
savonetta	15
saxoin	15
sbandeta	15
scappemmo	15
scciattapormoin	15
schiffî	15
sciaccæla	15
sciatan	15
scinçea	15
sciorbio	15
sciorbiva	15
sciuti	15
sciätava	15
sciöco	15
sciöpo	15
scoo	15
scoverta	15
screivia	15
scòrta	15
sella	15
senatoa	15
separâ	15
sermoin	15
servîlo	15
sett'anni	15
setteña	15
seua	15
sfera	15
sforsava	15
smerse	15
soffrito	15
soggettosa	15
solare	15
solitäi	15
sopportâ	15
sorpreixi	15
sorvenaturale	15
sosse	15
sosta	15
spedie	15
speixi	15
spellâ	15
spiega	15
sposo	15
st'assemblea	15
stallo	15
stramortio	15
stramuæ	15
strategiche	15
streit'euggi	15
stuccia	15
suava	15
succedan	15
sucida	15
sæta	15
sòffro	15
sòlido	15
tambui	15
tarlucco	15
tecciava	15
terni	15
tiatri	15
tiime	15
tiâle	15
tombâ	15
tornesse	15
traciantâ	15
trafegâ	15
tratëgne	15
tresse	15
tropicale	15
turchiña	15
turista	15
umei	15
unn'agogia	15
unn'influensa	15
unn'istöia	15
vaise	15
valla	15
variaçion	15
veddile	15
veggiæ	15
vegnivi	15
veicolo	15
veuga	15
viaxe	15
vietou	15
vigne	15
virâse	15
vorriò	15
zeneise-italian	15
zeæ	15
ziardoa	15
çeppi	15
çerchesse	15
çinse	15
ïsava	15
òrgano	15
òvest	15
önoî	15
60mia	14
abrexê	14
abrusso	14
accompagnâla	14
acconseggiou	14
acconsou	14
addescia	14
addeuviavan	14
adottâ	14
adresso	14
affermativa	14
affermâse	14
affeçionou	14
affogæ	14
aggaibæ	14
aggiuttæ	14
aivi	14
allagou	14
alleitacogge	14
allugou	14
ambascioei	14
ambulanse	14
ammagonæ	14
ammanca	14
ammancou	14
amministraçioin	14
ammiò	14
andemmo	14
animæ	14
antiçipou	14
antoa	14
antònia	14
anâse	14
appartamento	14
appixonâ	14
ardî	14
aree	14
argentin	14
arpoin	14
arpon	14
arriesciva	14
asbriæ	14
ascetta	14
ascistente	14
ascistî	14
asciurde	14
asmortæ	14
aspëtâla	14
aspëtæme	14
asseguaçion	14
asseguâme	14
assotterrâ	14
assuefæto	14
ato	14
attentatoî	14
attençioin	14
attiâ	14
attraversou	14
aurelia	14
austriaco	14
autostradda	14
avansâse	14
avvertî	14
azzonzo	14
açendi	14
ballæn	14
barlugon	14
barsellette	14
besorrieiva	14
bestieta	14
besugo	14
biblioteche	14
bixo	14
blòcchi	14
bologneise	14
bombezzo	14
borbonou	14
borgoratti	14
braxea	14
brusca	14
bruttixe	14
bruttâ	14
bäsigo	14
bòtti	14
caccilo	14
callâne	14
cammiño	14
cannoin	14
cantæ	14
canäio	14
cascionetto	14
cavæ	14
cheutte	14
ciammiò	14
cianzinònna	14
ciappe	14
cioña	14
ciuvià	14
collettiva	14
comense	14
comm'anemmo	14
commissäi	14
commoditæ	14
commoçion	14
compito	14
complescitæ	14
completâ	14
comportæ	14
comprenscibile	14
compricou	14
comprixe	14
comæ	14
conca	14
condannâla	14
conduxe	14
conferense	14
conferman	14
confermæ	14
confescionäio	14
confittue	14
conosceivimo	14
conscistensa	14
conservaçion	14
constituisce	14
consulta	14
continenti	14
contrastou	14
contratto	14
controllæ	14
convivensa	14
conviæ	14
correspondensa	14
correçioin	14
coxiño	14
cresciansa	14
crestianeximo	14
crue	14
còrso	14
d'abbandonâ	14
d'allevâ	14
d'axima	14
d'açettâ	14
d'açidenti	14
d'ertixe	14
d'etixia	14
d'euvo	14
d'interesci	14
d'investigaçion	14
d'oppoxiçion	14
d'urgensa	14
d'æguavitta	14
d'òpera	14
dagghi	14
dannæ	14
decoraçioin	14
dediçion	14
dependià	14
depuratô	14
desarmâ	14
desdicciou	14
deslenguâse	14
desmontou	14
despersa	14
destendi	14
destruti	14
determina	14
deue	14
deuviavan	14
dexiderou	14
dexidiæ	14
difficoltosa	14
difficoltose	14
dindanava	14
dixendo	14
dovui	14
drammi	14
drue	14
dâla	14
dëdê	14
dòmina	14
elegansa	14
elettrònichi	14
eröi	14
espoñe	14
est	14
evoluçion	14
examinâ	14
execuçion	14
exerçito	14
eçellente	14
fabricaçion	14
fantasticâ	14
femmose	14
figo	14
figuemmose	14
film	14
finisci	14
finivan	14
fiñe	14
fondæ	14
forche	14
franzon	14
frequenti	14
frexe	14
fughetto	14
fäsou	14
fòsso	14
galli	14
gallinæa	14
genava	14
gh'arve	14
gh'aviësci	14
gh'aviò	14
gh'ëi	14
ghinno	14
ghisa	14
giasciava	14
giassæ	14
giustinian	14
gossa	14
governa	14
gravie	14
grixelle	14
gustià	14
guägnià	14
imaginâse	14
imitaçion	14
impadronîse	14
imprenditoî	14
improvisto	14
imputou	14
inandiava	14
incanto	14
indirissæ	14
infeçioin	14
iniçiale	14
inscriti	14
insemmi	14
instabilitæ	14
instituto	14
intendemmose	14
intendise	14
intervista	14
intravegnua	14
invaxoin	14
iraniaña	14
l'abbasta	14
l'abitaçion	14
l'abuso	14
l'accapiva	14
l'alleansa	14
l'allenamento	14
l'ammii	14
l'arabia	14
l'arröbava	14
l'aspete	14
l'attrovava	14
l'avventua	14
l'exibiçion	14
l'imaginaçion	14
l'ingiustiçia	14
l'intestin	14
l'ondâ	14
l'orbetto	14
l'oscigeno	14
l'osservaçion	14
lammetta	14
lanse	14
lege	14
legere	14
lenguistico	14
lettue	14
liberâse	14
limöxine	14
lògico	14
löde	14
m'arriva	14
m'ascidiava	14
m'assunnava	14
m'avvarde	14
macciæ	14
mandâli	14
mangiâse	14
mantëgnan	14
manutençioin	14
marciavan	14
marçî	14
mascimi	14
massiscio	14
menton	14
migno	14
mincion	14
misci	14
moiemo	14
molise	14
monarca	14
moneghetta	14
montian	14
mormoan	14
mottin	14
moæla	14
muagia	14
mòlli	14
n'accapiva	14
negava	14
negæ	14
nesciaie	14
nevou	14
nisciunn'atra	14
norvegin	14
nostargie	14
nòrd-òvest	14
ogniduña	14
omaggio	14
ottimista	14
oâ	14
paganin	14
pagge	14
pagâlo	14
panno	14
paragoña	14
parchi	14
parlâme	14
parpella	14
parrieivan	14
parti	14
pasqueta	14
passante	14
passâse	14
pasti	14
pediatra	14
pendeiva	14
perdonæ	14
perquixio	14
perseghi	14
pestâ	14
pevionetti	14
pianeti	14
piaxua	14
picchi	14
pigheuggi	14
pigna	14
pisaggiâ	14
piscia	14
piscio	14
pistòlle	14
poffo	14
preoccupaçioin	14
prestito	14
prinçippi	14
profondi	14
profummi	14
progettâ	14
propenscion	14
prostitute	14
protestanti	14
pubricaçioin	14
pätan	14
pò	14
pòrca	14
quanta	14
quarantesëi	14
quell'erbo	14
rafigua	14
rattaieu	14
rava	14
reale	14
rebellan	14
reciòcchi	14
reconstruçioin	14
recuggeito	14
regolarmente	14
relichia	14
remeddi	14
remenava	14
remesciava	14
repertöio	14
respondi	14
reste	14
restreito	14
resòlvime	14
rettoa	14
reçercatô	14
roiñe	14
romantica	14
roscetto	14
rove	14
rusce	14
s'afferme	14
s'allamenta	14
s'ammuggiavan	14
s'arremba	14
s'ascidiava	14
s'assettan	14
s'impe	14
s'oppoñan	14
saivimo	14
saluâla	14
sanitäi	14
sançion	14
sappe	14
sascio	14
sati	14
satisfa	14
sbiri	14
sbratto	14
scangiava	14
scappavan	14
scaveña	14
scavo	14
schissâ	14
schissæ	14
sciaccava	14
sciarbella	14
scintexi	14
scioio	14
scioisce	14
scioiscian	14
sciollaia	14
sciornia	14
scirvan	14
scoa	14
scrivi	14
scuaia	14
scòrte	14
sempiterno	14
serrià	14
servitô	14
servîsene	14
sfortuña	14
sfrütou	14
sguarrou	14
sguasso	14
slerfa	14
smette	14
sorchi	14
sospii	14
sovven	14
speçifica	14
spion	14
sportiva	14
sposâlo	14
spëtou	14
squæo	14
st'imagine	14
stampante	14
stancou	14
stereòtipi	14
storbio	14
straluxe	14
strangoou	14
stroppa	14
stua	14
stuffa	14
stæghe	14
sud-est	14
sud-ponentin	14
sunaggi	14
superfiçie	14
suâ	14
svaiâ	14
t'emmo	14
tanardi	14
tantiscimi	14
tappi	14
tedesco	14
tegnîghe	14
tempia	14
terminava	14
terrorista	14
testimoniâ	14
tinetto	14
toccavan	14
tormenta	14
tornando	14
tragico	14
tramandan	14
trattavan	14
traversava	14
tribollâ	14
turche	14
tägnâ	14
unn'alluvion	14
unn'alternativa	14
unn'attoa	14
unn'erta	14
unn'impreisa	14
v'aiva	14
v'an	14
vadde	14
valentixe	14
vantâme	14
veddessan	14
vegnindo	14
vendila	14
venexa	14
ventraggi	14
vermi	14
vintineuve	14
vintitrei	14
vintiçinqu'anni	14
vinçitoa	14
violou	14
xatte	14
zenzao	14
zerbin	14
zinzanava	14
zovenòtto	14
zovo	14
zugando	14
çelebraçioin	14
çentimetri	14
çereali	14
önoâ	14
abuso	13
accordæ	13
accostummou	13
affermæve	13
affortunâ	13
aggiutta	13
aggiuttâla	13
alfabeti	13
ambito	13
amministrâ	13
amoxi	13
analizzâ	13
andæti	13
annastou	13
anæghe	13
appelli	13
appensâseghe	13
appontâ	13
arrampinâse	13
arrecoviou	13
arrecuggeiti	13
arrivava	13
arröba	13
arvan	13
arvimmo	13
arvindo	13
ascondan	13
asgreiâ	13
aspëtâme	13
assazzou	13
assoluçion	13
astallâ	13
asteròide	13
atlantica	13
atmosferiche	13
atterrâ	13
attressatue	13
atòmico	13
augusto	13
avansa	13
aveivimo	13
avvantaggi	13
avvardite	13
avvisou	13
açendeivan	13
açettieiva	13
baifarda	13
balanso	13
ballette	13
ballòttoa	13
bardacchin	13
battaggio	13
beato	13
benefiçi	13
besiggio	13
bisacche	13
bomboe	13
borghetto	13
bottezzando	13
bottin	13
braggi	13
bricca	13
bricchetti	13
brignoin	13
brilla	13
budego	13
burlavan	13
bätâ	13
caccezzâ	13
cacciâla	13
cagâ	13
calunnia	13
camionista	13
camoâ	13
candidià	13
candê	13
cannie	13
cantautô	13
carburante	13
carcagne	13
carcassa	13
carcolæ	13
carmæve	13
carnasse	13
carregatua	13
carregâse	13
casænga	13
cattedrale	13
cavagnin	13
cee	13
ch'aggiuttan	13
cheughi	13
ciammando	13
ciappâ	13
ciocca	13
ciömâ	13
clienti	13
collaboratoî	13
collòquio	13
comban	13
combiña	13
comensemmo	13
commandamenti	13
commiscioin	13
comprixi	13
compromissa	13
confonde	13
consapeive	13
conservæ	13
constituio	13
consulense	13
contaminaçion	13
contanti	13
contestaçioin	13
conträia	13
contâve	13
convertî	13
cortivan	13
costavan	13
coxinava	13
creativitæ	13
creativo	13
creddime	13
creddiæ	13
crescentin	13
cresciui	13
creñe	13
cue	13
cuggen	13
cuxitua	13
cæze	13
còrni	13
cös'aiva	13
d'aggrescion	13
d'ascistensa	13
d'axou	13
d'i	13
d'inandiâ	13
d'inteisa	13
d'intenscitæ	13
d'unitæ	13
d'öfeuggio	13
daddo	13
deciarava	13
defonto	13
deruan	13
desdîse	13
desfasciou	13
destornaçion	13
desturbâ	13
detegnua	13
dirizzeiva	13
dirizzenti	13
distinçion	13
distribuî	13
divoçion	13
divöti	13
domandighe	13
domandâlo	13
domandâse	13
dominou	13
dond'anemmo	13
dottoî	13
dugo	13
dâghene	13
emoscionou	13
esplorâ	13
espressa	13
esterno	13
exerçiti	13
existio	13
fattorixi	13
finançiäi	13
fixiche	13
fiâte	13
folcloriximo	13
fortiscima	13
fotògrafa	13
framua	13
frattue	13
frequenta	13
frixon	13
furlaña	13
fâselo	13
galetta	13
gallisòppo	13
generi	13
gh'assomeggiava	13
gh'avieivan	13
gieumo	13
giffra	13
gorrin	13
gradio	13
grifoin	13
grottesco	13
guario	13
guastou	13
guastâse	13
guäi	13
gösciæ	13
ignoransa	13
imbägiæ	13
impremuâ	13
imprexonâ	13
inatteiso	13
incadenæ	13
incappussæ	13
incredibile	13
incredulitæ	13
indeçiso	13
indiscreta	13
infame	13
infeliçi	13
influensâ	13
integraçion	13
intellettuali	13
interno	13
intervistæ	13
intonou	13
intoppæ	13
intravan	13
intravegnue	13
introdue	13
iranien	13
l'adoçion	13
l'aggi	13
l'alluminio	13
l'ambo	13
l'antiçipa	13
l'arbania	13
l'arraggia	13
l'arregòrdo	13
l'attoa	13
l'attraversa	13
l'avvoxou	13
l'avvoxâ	13
l'açettava	13
l'ediliçia	13
l'eröe	13
l'esploratô	13
l'existià	13
l'infeçion	13
l'invexenda	13
l'oeña	13
l'orchesta	13
l'öroa	13
lalle	13
lascemmola	13
lebecciadda	13
lenguista	13
lerxi	13
lunetta	13
lòtte	13
lödou	13
m'allecca	13
m'arraggio	13
m'arriësci	13
m'impe	13
m'incallava	13
magnæra	13
mandavan	13
mangite	13
mangiâne	13
mara	13
marciou	13
martiri	13
meitan	13
mensunâghe	13
mensuña	13
menui	13
mesce	13
messaggê	13
metteivimo	13
mettessan	13
meuie	13
moinâ	13
mondi	13
monteuggio	13
mosse	13
mossulman	13
mostrâme	13
moæle	13
mäveggiava	13
mëgâ	13
n'ammancava	13
n'ammia	13
n'aniò	13
n'arrecovia	13
n'attreuva	13
n'â	13
napolitaña	13
narraçioin	13
nettixe	13
offenscivo	13
oivi	13
orgoggiosa	13
ostaggio	13
padova	13
paghiò	13
paradda	13
paralixia	13
pastoî	13
pavimento	13
pensieiva	13
pensiæ	13
pensiò	13
perdighe	13
perfette	13
periòdica	13
piccapria	13
piggioei	13
piggiâtela	13
pinse	13
pisan	13
platònico	13
poelette	13
portafortuña	13
portando	13
portâsela	13
potense	13
preghemmo	13
premisse	13
preteiso	13
pretendeivan	13
promontöio	13
proponimento	13
qualificou	13
quand'eimo	13
quaranteutto	13
quetou	13
radun	13
raieu	13
rangognava	13
rasô	13
razziximo	13
reconoscian	13
reconoscià	13
reconstrue	13
regiâ	13
regna	13
regolaritæ	13
relento	13
remenou	13
remissa	13
renonçiâ	13
repicco	13
replican	13
representanti	13
restriçioin	13
resultou	13
retian	13
revocâ	13
reçita	13
rinvegnî	13
riveasca	13
roggia	13
romanse	13
rosiggiava	13
s'addeuvian	13
s'arrivava	13
s'arrösan	13
s'arvià	13
s'assettemmo	13
s'avessan	13
s'inandian	13
s'inandiava	13
s'infiava	13
sabbi	13
sacciua	13
saluâlo	13
sangui	13
sanguinoso	13
sanremmasco	13
sarpou	13
satira	13
sañe	13
sbraggio	13
scampan	13
scartâ	13
scciuppettæ	13
scernia	13
scheletro	13
scie	13
scignificativi	13
scigoou	13
scimili	13
scinedrio	13
scinçeo	13
sciorbîse	13
sciuscianteneuve	13
sciuscianteutto	13
scordæ	13
scurtue	13
scusæme	13
scòssa	13
senapa	13
serrâlo	13
settentrionale	13
sfortuñe	13
sfrouxi	13
sghinda	13
siçilian	13
sollevou	13
somme	13
sordi	13
sospia	13
sottoriva	13
sovvegnuo	13
spantegava	13
spartiçion	13
spartîse	13
spersa	13
spessi	13
sponcioin	13
sportivi	13
st'itineräio	13
st'occaxon	13
stagno	13
stagnon	13
stigge	13
stoccæsa	13
stondäia	13
straggio	13
strionezzo	13
studiæ	13
stuffou	13
stâtene	13
sudamerichen	13
svaiæ	13
sënitæ	13
sòbrio	13
söda	13
t'addesci	13
t'ammasso	13
t'aspeti	13
tappa	13
tenee	13
tersi	13
testarda	13
testea	13
thailandia	13
tocche	13
tramandæ	13
transmette	13
trascuou	13
trasmette	13
trattandose	13
trattesse	13
trattoria	13
trezz'anni	13
tòrta	13
ucraini	13
umanitäie	13
umbria	13
umida	13
uniche	13
unn'avertua	13
unn'ecceçion	13
unn'emergensa	13
unn'instruçion	13
unn'oraçion	13
v'avesse	13
vaccinou	13
valuou	13
vasto	13
vegnisci	13
vegnivimo	13
vegniësci	13
vegnîse	13
vendicâse	13
vendilo	13
vergheugni	13
vertadea	13
vessan	13
veteran	13
vixitæ	13
voessan	13
waterpölo	13
zemin	13
çeivia	13
çenou	13
çertificou	13
çirillico	13
çitteña	13
ïso	13
ïsâse	13
öchin	13
12mia	12
accaparrante	12
accaxonâlo	12
acciappæ	12
affermaçion	12
affoso	12
affummou	12
affummâ	12
aggiuttæme	12
aggravæ	12
alleccou	12
allontanâse	12
alloâ	12
alludde	12
alternativo	12
alê	12
ambientou	12
ammancâ	12
anemmosene	12
aniei	12
animo	12
annonçi	12
annonçian	12
annonçiæ	12
anæve	12
aostin	12
appanæ	12
appontâse	12
appossæ	12
approvæ	12
archivio	12
arneise	12
aromatico	12
arrampinâ	12
arrangiæ	12
arrescoso	12
arreste	12
arriescivan	12
arvîghe	12
asbriâse	12
ascensoî	12
ascurtî	12
assasciña	12
assazzâ	12
assotterrou	12
assumme	12
astegnua	12
attresso	12
atòmiche	12
aveivi	12
avescimo	12
bacchen	12
bagio	12
bagnæa	12
baleuistrâ	12
bara	12
bastarda	12
benardo	12
benefiçio	12
benvegnue	12
beuttan	12
bocchetta	12
boffo	12
boicottâ	12
bosticcâ	12
bottezzavan	12
bozzo	12
braghette	12
brigne	12
bruttoî	12
bugatta	12
buscagge	12
buxo	12
caccalloe	12
cacciâme	12
cafarnao	12
caistia	12
calô	12
camalletta	12
camalletto	12
camminavimo	12
campezzo	12
campomon	12
camposanto	12
candida	12
cannetta	12
cantegoa	12
cartiña	12
casella	12
castitæ	12
cattæ	12
cauçion	12
caxoña	12
ceighi	12
ch'a-o	12
ch'aggiæ	12
ch'aspëtava	12
cheuxan	12
chigheumao	12
ciammata	12
ciantava	12
ciappelle	12
ciappoin	12
ciatto	12
ciuvasco	12
ciæbelle	12
ciæebelle	12
ciöma	12
cointi	12
comm'ean	12
compagnou	12
compete	12
complesci	12
comportava	12
compromisci	12
concordâ	12
condiçioña	12
condiçioñan	12
confeçion	12
conscideremmo	12
conscistio	12
consolou	12
constatâ	12
conveniente	12
coro	12
corposa	12
correçion	12
creddeivan	12
cresciue	12
creusa	12
cricca	12
croste	12
cucchi	12
cös'emmo	12
cösci	12
d'accattâla	12
d'allevâse	12
d'anâmene	12
d'architettua	12
d'argomento	12
d'arraggiâ	12
d'artâ	12
d'assettâ	12
d'avventua	12
d'informaçion	12
d'ingannâ	12
d'invaxon	12
d'investimenti	12
dannezzæ	12
decreti	12
demoâte	12
desarmou	12
desbarcâ	12
desgagginâ	12
desgaibâ	12
desguggeito	12
desligâ	12
deuviâlo	12
devastanti	12
dexen	12
dexidiava	12
dexidiou	12
dimostra	12
diplomatico	12
diviso	12
divurgaçion	12
dixinoven	12
domandieiva	12
dond'emmo	12
dormia	12
doviemo	12
drago	12
drissa	12
duava	12
dòrmia	12
educativo	12
elio	12
espanscion	12
esportaçioin	12
estranxea	12
estræto	12
exitâ	12
falampi	12
fantiñe	12
fascismo	12
ferramenta	12
fescimo	12
figheugna	12
figui	12
finançiäie	12
finian	12
firmæ	12
fisse	12
fondamentali	12
fondamenti	12
fondea	12
fontañe	12
fornie	12
fottuo	12
franzan	12
fraçioin	12
fregoggia	12
fïscimo	12
gaggiardo	12
galiöti	12
gandolli	12
ganeufani	12
generali	12
gentilòmmo	12
genæ	12
gh'accapisce	12
gh'assomeggia	12
giallo	12
gianchetti	12
giandonou	12
gimichia	12
giustificou	12
gomme	12
governou	12
granfignâ	12
grattacû	12
grattâse	12
graçiose	12
greivi	12
grimado	12
gròmolo	12
guägnâghe	12
imbarasso	12
imbarcâ	12
impaçiensa	12
impiegâ	12
impii	12
impivan	12
inandian	12
indefinia	12
indiscreto	12
indiçi	12
indiçio	12
indoâ	12
infranchia	12
inlustraçioin	12
inorbio	12
inricchio	12
instituio	12
intensci	12
inveninæ	12
invidioso	12
inzegnâ	12
ipotizzâ	12
italianiximi	12
l'accaxonamento	12
l'acconsente	12
l'addeuvio	12
l'aggettivo	12
l'aggiuttià	12
l'agrua	12
l'albergo	12
l'algeria	12
l'amixitæ	12
l'ammasso	12
l'ammette	12
l'anieiva	12
l'anscia	12
l'antighitæ	12
l'antropòlogo	12
l'arfê	12
l'arreuscia	12
l'asilo	12
l'aspertixe	12
l'attaccamento	12
l'attualitæ	12
l'austria	12
l'avesci	12
l'ebano	12
l'elenco	12
l'eliminaçion	12
l'errô	12
l'impiegâ	12
l'instabilitæ	12
l'intissa	12
l'inventäio	12
l'offiçia	12
l'offiçiâ	12
l'orientamento	12
l'utilizzaçion	12
l'òpia	12
lagheu	12
lamento	12
lascito	12
lascià	12
lastime	12
lavite	12
lavâli	12
lavâte	12
lecca	12
leccâse	12
legnetti	12
leudo	12
levâsene	12
levâte	12
lezzendie	12
libaneixi	12
ligge	12
limitæ	12
loiatre	12
louou	12
lunäi	12
luñe	12
m'ingannesse	12
magia	12
magron	12
manaeua	12
mandemmo	12
manente	12
manezzo	12
marmai	12
mascon	12
massacro	12
maxinâ	12
meisia	12
melodie	12
merlâ	12
mescciava	12
mescemmose	12
metropolitañe	12
mettive	12
mincioña	12
miödiña	12
montagnin	12
mostrâne	12
muæ	12
n'ammanca	12
n'aspeta	12
n'attreuvo	12
n'aviò	12
negativi	12
nemighe	12
nevadde	12
nevetto	12
norvegiña	12
obieçioin	12
occupâse	12
offrî	12
offrîghe	12
omosessuale	12
ordinou	12
ostaia	12
otri	12
ottant'anni	12
pae	12
pagâve	12
paralitico	12
parallele	12
parentexi	12
parpellâ	12
paròcchia	12
pateca	12
patrie	12
pentimento	12
percorsci	12
permanente	12
pescimiximo	12
pestellava	12
pestou	12
petteu	12
pevion	12
pevê	12
piggiâli	12
piggiæve	12
pilloa	12
pinessa	12
pisaggia	12
pistacci	12
poeili	12
polemico	12
pompa	12
pontan	12
ponzeiva	12
porpi	12
portessan	12
portogheixi	12
portâli	12
portæla	12
poxitivitæ	12
premia	12
premiou	12
prenottâ	12
preoccupâse	12
prescinseua	12
prestigio	12
produçioin	12
profeçia	12
profittâ	12
proieçion	12
promòssa	12
pscicològica	12
quand'aivan	12
quarantequattro	12
quelli-de-dòppo	12
radiccion	12
raixe	12
rattopennugo	12
reagî	12
recheutto	12
reduti	12
regio	12
reisegosa	12
relativi	12
relevou	12
repiggemmo	12
resegondæ	12
retiava	12
revellou	12
reçiproca	12
ripetuo	12
romantiçiximo	12
rompîse	12
ronfâ	12
s'arrembava	12
s'incontran	12
s'ipotizza	12
sabotaxe	12
saluan	12
saluava	12
salummi	12
sarçî	12
saturaçion	12
savoio	12
sbattuo	12
scacchea	12
scaffo	12
scciavitù	12
schersâ	12
scia	12
sciugacavelli	12
sciugan	12
sciugâse	12
scompartiva	12
scordâme	12
scorrîlo	12
scorsaieu	12
screuve	12
scrivila	12
scuggiava	12
scuggiæla	12
scuggiæle	12
scusou	12
seccâ	12
segnale	12
sentie	12
sentiemo	12
serroei	12
sestriña	12
setto	12
severa	12
sitte	12
sospettâ	12
spanteghesse	12
spartie	12
speroin	12
speçializzâ	12
speçiæ	12
spieghe	12
spighi	12
spirituale	12
spuo	12
st'atra	12
stabilii	12
stancâse	12
steumaghi	12
stoccæ	12
strisce	12
stòriche	12
supricou	12
t'aggiuttemmo	12
tant'ægua	12
tecnico-fonçionale	12
tegnîle	12
teorie	12
testetta	12
testimoniou	12
testimònia	12
tesöi	12
tiesse	12
tipichi	12
tiro	12
tocchesse	12
tornua	12
trabacche	12
tracciou	12
tracciâ	12
tradiçionali	12
trasmisso	12
travagge	12
trenteutto	12
trenteçinque	12
treppa	12
tromba	12
troviò	12
unii-iran	12
unn'apparensa	12
unn'armâ	12
unn'attivitæ	12
unn'imagine	12
unn'intrâ	12
unn'orchesta	12
usanse	12
vallecreusa	12
vapoî	12
vasta	12
vegetaçion	12
vellui	12
velê	12
vendegna	12
vendie	12
vermentin	12
veroneise	12
vianda	12
vixiña	12
viçescindica	12
voæa	12
væa	12
zimma	12
zinzanou	12
æguou	12
çenteximo	12
çeppa	12
çeppo	12
çertificato	12
çertificaçion	12
òrgani	12
òsci	12
ôtramâ	12
130mia	11
13mia	11
16mia	11
abbigoelou	11
abbrassi	11
accattan	11
accommoddou	11
accompagnan	11
accostæ	11
accuggeita	11
adatta	11
addormiggiou	11
addrissâ	11
adexon	11
adoçion	11
affiâse	11
aggettivo	11
aggiuttâne	11
allevâme	11
allevâse	11
ambreuxo	11
amegia	11
ammasso	11
ammiâme	11
analizzan	11
andæte	11
angosciâse	11
angosciæ	11
animaçion	11
anià	11
annonçiando	11
anònima	11
appresentou	11
approfondimento	11
approscimativa	11
apòstoli	11
apòstolo	11
araddi	11
arbisseua	11
arcaico	11
armando	11
arraggiâse	11
arrancâ	11
arrappou	11
arrecampou	11
arreixâ	11
arrembi	11
arrestâmene	11
arrigou	11
arrivià	11
arröbâghe	11
arvivan	11
aspëtæve	11
assazzo	11
assemenou	11
assettâte	11
attaccan	11
attive	11
attrae	11
attreuvo	11
attrovâseghe	11
avvantou	11
avvantâse	11
baggeu	11
baiava	11
balloei	11
baraccon	11
barile	11
basæ	11
battello	11
battui	11
baxâlo	11
beati	11
beutti	11
bizara	11
boffua	11
bombardamento	11
bonægia	11
brigna	11
briña	11
bruxâse	11
bulla	11
burlou	11
bæga	11
caccemmo	11
cacci	11
cacciando	11
caligo	11
cangiâme	11
cantando	11
cante	11
cançellaia	11
capieiva	11
capitanni	11
carboniggia	11
carbònica	11
carbònio	11
cardinale	11
carlofòrte	11
cartâ	11
carògna	11
casco	11
casòtto	11
cavarcâ	11
ch'aspeto	11
ch'aviò	11
cheullia	11
chiñe	11
cianzistëi	11
ciödi	11
ciötæ	11
clero	11
climmi	11
cointava	11
colleçioin	11
combatteiva	11
combaxan	11
combustibili	11
commandesse	11
communicou	11
communista	11
compagnâla	11
compiti	11
complimento	11
comportâve	11
compoxiçioin	11
condiçionou	11
conduti	11
confederaçion	11
confia	11
conforteive	11
conlaboratô	11
conligou	11
conosciei	11
consegnæ	11
consolâme	11
construan	11
construià	11
construti	11
contadiña	11
contemporanei	11
continuæ	11
contracangiâ	11
contribuçioin	11
controffensciva	11
controllava	11
controversa	11
contâla	11
conçentrâme	11
coordinou	11
coppette	11
cordon	11
cornixon	11
corretto	11
corrê	11
corsci	11
coteletta	11
crean	11
creddesse	11
creddian	11
creddue	11
creuvan	11
cubbo	11
curriculum	11
cæña	11
còdixi	11
còmiche	11
còmmodi	11
cös'avieivan	11
d'affari	11
d'aggiutti	11
d'ammassâ	11
d'appaxentâ	11
d'arrangiâ	11
d'attualitæ	11
d'avertua	11
d'avvexinâse	11
d'açion	11
d'estradiçion	11
d'operaçion	11
d'un	11
d'öca	11
damixaña	11
dannosa	11
danse	11
decöo	11
denonçian	11
descrivan	11
desfie	11
desfâse	11
desgustou	11
desprexou	11
desprexâ	11
despuggiâse	11
destendime	11
determinou	11
diarrea	11
dibattito	11
didascalie	11
digghi	11
diplomatica	11
disegnime	11
dispòsta	11
distinguili	11
dittatua	11
dixessan	11
domandâghelo	11
dramatica	11
drogou	11
duxi	11
dîle	11
dòse	11
eleganti	11
emisso	11
espoxiçion	11
esteisa	11
estenscion	11
estinti	11
eugenia	11
euiou	11
exibiçion	11
exitou	11
fadigoso	11
fascinante	11
fattoria	11
faxeiva	11
fermià	11
filtro	11
finiò	11
fiæ	11
flusci	11
formæ	11
fornitue	11
fornæa	11
fornî	11
franco-provensâ	11
frascio	11
freno	11
frettava	11
fretto	11
frexetti	11
freña	11
frita	11
futua	11
fâmela	11
gambao	11
gattorna	11
gazzi	11
generalizzæ	11
generiche	11
genâ	11
gexuiti	11
gh'anemmo	11
gh'impedisce	11
gh'intro	11
giascio	11
giäsemin	11
gratta	11
grillasse	11
groppi	11
grua	11
guste	11
guägniemo	11
identificâ	11
imbeviou	11
imbottia	11
imbroggiæ	11
imbròggi	11
impianti	11
impianto	11
impîse	11
inari	11
incallâme	11
includde	11
indoou	11
indovinou	11
infia	11
ingannâme	11
ingarbuggiou	11
ingiarmæ	11
insalatte	11
intaffoâ	11
interpretaçioin	11
interpretou	11
intravëgne	11
intremmo	11
invio	11
islamica	11
l'abilitæ	11
l'acciappa	11
l'affion	11
l'ammassan	11
l'anchizze	11
l'angoscian	11
l'antoa	11
l'appartoisce	11
l'archivio	11
l'armatô	11
l'arranca	11
l'arrecommanda	11
l'arretiava	11
l'asse	11
l'asteròide	11
l'attreuvi	11
l'attrovesse	11
l'avessan	11
l'espòsto	11
l'estræto	11
l'indicava	11
l'inguento	11
l'inlumina	11
l'inspiaçion	11
l'interpreta	11
l'ironia	11
l'oratô	11
l'origine	11
l'usansa	11
l'ænin	11
lampadäio	11
lasciandoghe	11
lascila	11
lascili	11
lasciâle	11
lasciësci	11
lavelli	11
lemmo	11
lerfoin	11
lettea	11
libbraie	11
licoî	11
luccoi	11
lummin	11
luxinghe	11
m'allamentava	11
m'ammii	11
m'arve	11
m'aspeta	11
m'aspëtavi	11
maddre	11
magnetta	11
magroin	11
mancan	11
manezzava	11
mangiò	11
margine	11
maxinou	11
medio-erte	11
memorabile	11
menissa	11
merlusso	11
mescicaña	11
messê	11
mettiseli	11
miödin	11
modificou	11
monòtono	11
mortificou	11
mua	11
multipla	11
muniçippi	11
mäpaga	11
n'andava	11
n'avessan	11
navegatô	11
nazisti	11
nervo	11
nervoxi	11
nisse	11
nommiagio	11
nostræ	11
nottoaña	11
nòrd-est	11
obedisce	11
offiçi	11
offside	11
opçioin	11
orizzontale	11
orme	11
ottegnui	11
ottimisti	11
paggiassi	11
parcheggio	11
parlime	11
pasciua	11
passin	11
patatta	11
patriçia	11
pellicole	11
pellissa	11
penetrante	11
pensatô	11
pensavimo	11
perdieiva	11
permettiemo	11
perturbaçioin	11
pestellâ	11
pezoou	11
pezoâ	11
piaxi	11
piggiæme	11
pirati	11
pisciâ	11
plurale	11
polegriña	11
ponson	11
porpoa	11
portixeu	11
preteisa	11
pretendo	11
produttô	11
programmæ	11
proibie	11
proponimenti	11
protezise	11
provesse	11
proviste	11
provâlo	11
pubriçitäio	11
päsô	11
pòrtighe	11
pösâte	11
quell'occaxon	11
rafiguou	11
rallenta	11
rastelli	11
ravattava	11
raçionale	11
realizza	11
reaçioin	11
rebecucco	11
rebellion	11
regaggio	11
regiou	11
reincarnaçion	11
remontou	11
repentiña	11
replicavan	11
restesse	11
retiâse	11
revixonou	11
ridicolo	11
rispondi	11
riti	11
rocchetta	11
romantichi	11
romañe	11
rompan	11
ronfò	11
rosciggion	11
rostî	11
rudego	11
rurale	11
ruxentâ	11
s'accompagna	11
s'andava	11
s'apponta	11
s'arregordava	11
s'arreze	11
s'arviva	11
s'assomeggiava	11
s'assomeggiavan	11
s'avesci	11
s'avescimo	11
sagrestia	11
salammi	11
sappin	11
sarmoia	11
sarse	11
satirica	11
savia	11
saviemo	11
savio	11
scamorrou	11
scappâghe	11
scava	11
scavou	11
scemmaia	11
scemme	11
scenti	11
schincapê	11
sciaccavan	11
scignificative	11
scilençi	11
scilençioso	11
scinistro	11
scintasci	11
scioei	11
sciornie	11
scireñe	11
sciugacheu	11
sciätâte	11
scoi	11
sconti	11
scorpio	11
scorriattæ	11
scricchî	11
scrollava	11
scusime	11
scusâ	11
scöxîla	11
sentiò	11
sentîne	11
servixosa	11
settentrionali	11
sfrütâ	11
sfummatua	11
sfòrsa	11
sgarbellou	11
sguandriña	11
sguara	11
sguassi	11
smettila	11
sommo	11
sorpreise	11
sorvevisciuo	11
sotterraneo	11
sottomarin	11
sovvegniva	11
soæ	11
spalancou	11
spegian	11
spesci	11
speti	11
spiegæve	11
spirto	11
spontanea	11
sportive	11
squarso	11
st'ostaia	11
stannighe	11
stimmo	11
stiou	11
stranessa	11
strenzi	11
strillæn	11
strinæ	11
superbia	11
surrealista	11
sòbria	11
sòtta	11
t'accapisci	11
t'affermi	11
t'arrivi	11
t'aspëtavi	11
t'imprendi	11
tacchigna	11
tacchigne	11
taggiasche	11
taggioei	11
tambuo	11
tappolli	11
tartai	11
tedesca	11
televixiva	11
tenei	11
terragge	11
teusceghe	11
tifoso	11
tipi	11
tipologie	11
titolare	11
toccâse	11
tornoei	11
tradî	11
tranquilli	11
trattan	11
tremma	11
trentetrei	11
trezzeña	11
trimestre	11
trionfâ	11
trista	11
trovieiva	11
troña	11
træmia	11
töi	11
umiliâ	11
uniforme	11
unitäio	11
unn'agoggia	11
unn'ascetta	11
unn'entitæ	11
unn'ertixe	11
unn'onda	11
uxuräi	11
valixea	11
vanilia	11
vannighe	11
vegetale	11
vegiaia	11
vendui	11
verbi	11
vestiäio	11
vestîla	11
vestîte	11
viagio	11
vibraçion	11
vosciui	11
voësan	11
xattou	11
xattâ	11
xoava	11
zea	11
zenzie	11
zin	11
zugæ	11
çelebra	11
çerchiemo	11
çernie	11
çeuixa	11
çinquantesëi	11
çittou	11
òrti	11
òspite	11
90mia	10
abimmâ	10
accapia	10
accapîlo	10
acciantæla	10
accoegâme	10
accostummâse	10
accòrzisene	10
acquixio	10
addeuviemmo	10
adolescente	10
affronto	10
africhen	10
aggiuttâse	10
aggradio	10
agiografichi	10
agricoli	10
alimenti	10
allagæ	10
allarmi	10
alleitâ	10
alleva	10
allontanæ	10
alternativa	10
alternou	10
alternâ	10
ambiçion	10
ambiçioxi	10
ammermâse	10
ammetto	10
ammiemo	10
ammo	10
ammòrti	10
anie	10
anscietoso	10
anâme	10
anòmalo	10
appixonæ	10
apponti	10
aquarelli	10
arba	10
arbanelle	10
arrecommandâ	10
arreisa	10
arrensenio	10
arrezzuo	10
arrollou	10
arröbâlo	10
artexanæ	10
ascado	10
ascidiâme	10
ascidiæ	10
ascistenti	10
ascistiemo	10
ascondise	10
asmòrtan	10
aspëtâli	10
assoluta	10
astreghi	10
attastâ	10
attivou	10
attreuva	10
aurelio	10
avvardæve	10
avveneuie	10
avvenou	10
avvenâ	10
avversäia	10
avvixinou	10
açettiemo	10
ballæña	10
bambordî	10
barabba	10
baron	10
bastieiva	10
bell'e	10
bernissou	10
berrette	10
berta	10
bertoeli	10
besava	10
besiggiava	10
bestentou	10
biliardi	10
binelle	10
biològico	10
bolsan	10
borghi	10
britannica	10
buffa	10
buffon	10
burgaia	10
burlan	10
buttâ	10
böxardi	10
cabannoin	10
cafettea	10
cagna	10
caistiosa	10
caize	10
calummou	10
camamilla	10
camixeua	10
canaieu	10
candidâse	10
canetto	10
cangiaxo	10
cannoezzo	10
capitali	10
capitâ	10
capiæ	10
cappe	10
capîla	10
caratterizzâ	10
caratterizzæ	10
carretta	10
carræ	10
cassoule	10
catta	10
cavalla	10
ch'ammian	10
ch'ammie	10
ch'arrivesse	10
ch'aspetan	10
cheuggian	10
cheusce	10
chiggia	10
chinzen	10
chinzeximo	10
ciaghe	10
ciambrette	10
ciammâghe	10
cianzo	10
ciattella	10
ciavou	10
cicchette	10
ciummin	10
ciætezzâ	10
collettivo	10
colletto	10
collocâ	10
combattemmo	10
commandamento	10
compimento	10
comportâte	10
compromissi	10
compòrtite	10
condiçionæ	10
confio	10
confrontâ	10
confòrto	10
congo	10
conosciemo	10
consciente	10
conseggieiva	10
consensci	10
consolâse	10
consulenti	10
contestatoî	10
contime	10
continuià	10
contraman	10
contribuia	10
contâne	10
contëgno	10
convalidou	10
conzonta	10
corniggia	10
corpiva	10
correspondente	10
correzze	10
corrii	10
corrià	10
costrue	10
creddemmo	10
creddieiva	10
cresceivan	10
creuvite	10
crui	10
cubbi	10
cuxii	10
cæghe	10
cæzo	10
d'abbæn	10
d'acciammâ	10
d'america	10
d'annonçiâ	10
d'arasce	10
d'arraggiou	10
d'avvardâ	10
d'avvexinamento	10
d'effetto	10
d'espoñe	10
d'inciòstro	10
d'informaçioin	10
d'instruçioin	10
d'introduçion	10
d'invitâ	10
d'uña	10
d'æxia	10
d'òsso	10
danne	10
darsena	10
debitoa	10
defendila	10
defendime	10
demmoghe	10
departamento	10
derea	10
derlengua	10
desdî	10
deserta	10
desfiguâlo	10
desfondoâ	10
desfortunou	10
desligou	10
desmascarâ	10
desossæ	10
destendise	10
desumañe	10
desviluppi	10
detalli	10
dex'euro	10
dexidieiva	10
dialettali	10
difetti	10
discorrio	10
disegnæ	10
disnæ	10
distraçioin	10
divimo	10
divoçioin	10
diâ	10
domestega	10
domestegâ	10
dosa	10
dozzeñe	10
dragoña	10
dâtela	10
dæve	10
dòccia	10
edifiçio	10
egiçien	10
egoista	10
emigrou	10
emoscionâ	10
entitæ	10
eo	10
erchi	10
escrementi	10
espeiensa	10
esploratoî	10
essendo	10
estrema	10
etiope	10
euh	10
eui	10
facciæ	10
farisea	10
façilitâ	10
feminista	10
fermæve	10
fiaccon	10
fighi	10
finiæ	10
finlandeise	10
fiorentiña	10
fissan	10
fiâseghe	10
follo	10
fondatoa	10
fonetica	10
fossælo	10
fotte	10
freschixe	10
frontee	10
fummi	10
furgao	10
furioso	10
fute	10
futue	10
fädetta	10
færomòrto	10
gallaia	10
gallezza	10
gallezzâ	10
gene	10
generico	10
geografica	10
gerarchia	10
gestii	10
gestiva	10
gestivan	10
gh'accapita	10
gh'accapiva	10
gh'appreuvo	10
gh'arrivan	10
gh'arrivi	10
giose	10
giudica	10
giustiçie	10
grandestiña	10
grandioso	10
grattava	10
grigoe	10
grondaña	10
gròtta	10
guastan	10
guaste	10
guiddemmo	10
gustâme	10
gösciâ	10
idrica	10
imaginaçion	10
imbarlugou	10
imbriægâse	10
impascibile	10
impenetrabile	10
importaçioin	10
impostou	10
imprendan	10
imputaçioin	10
impîme	10
impòsta	10
inaspëtâ	10
incomensa	10
incomprenscioin	10
indefinibile	10
indicaçion	10
individuo	10
indovinæ	10
infinie	10
ingleixi	10
inguggeiti	10
inlassâ	10
inspeçionou	10
interruçion	10
interçettæ	10
intestâ	10
intre	10
invasa	10
invitâla	10
inviæ	10
inzegno	10
inçerti	10
isoamento	10
istòrichi	10
italian-zeneise	10
l'abbæra	10
l'accaxoñan	10
l'accianta	10
l'accuggeita	10
l'adatta	10
l'addrisso	10
l'alternativa	10
l'ambasciatoa	10
l'ambientaçion	10
l'anvelòppe	10
l'armon	10
l'arrange	10
l'arremba	10
l'arröba	10
l'artexanou	10
l'arze	10
l'asciste	10
l'ascondeiva	10
l'atmosfera	10
l'avvegnià	10
l'avvoxa	10
l'açento	10
l'elegansa	10
l'elicòttero	10
l'esportaçion	10
l'imbròggio	10
l'imbösa	10
l'impoxiçion	10
l'inandiava	10
l'incontrava	10
l'indua	10
l'insegna	10
l'insegnava	10
l'ordenäio	10
l'organiximo	10
l'òspite	10
lasciemo	10
lassa	10
leitughe	10
leitæa	10
lemi	10
lenti	10
leughi	10
levandose	10
levâle	10
lexon	10
ligavan	10
limita	10
lirichi	10
lituania	10
livio	10
lucchetto	10
lusciandra	10
lustri	10
luxenti	10
lözi	10
m'accapita	10
m'ascondo	10
m'ascòrdo	10
m'avanso	10
maccaroin	10
macciò	10
maiâla	10
mammiferi	10
manchieiva	10
manenti	10
manessen	10
mangiâme	10
manifestante	10
manifesto	10
mappe	10
marcoei	10
marçenâ	10
maròtte	10
mascolin	10
mastrusso	10
mattëie	10
maxea	10
maxella	10
meitavan	10
meitieiva	10
menassavan	10
mendæga	10
merellin	10
mescci	10
meschiñe	10
mesuâme	10
metirde	10
minerale	10
minerali	10
miscionäi	10
miseo	10
moinæa	10
moià	10
mollià	10
montatua	10
mosaichi	10
mostrandome	10
moute	10
muande	10
muniçioin	10
muxiche	10
muxico	10
mätratta	10
n'accapita	10
n'accatta	10
n'accorzesse	10
n'ammian	10
n'aniemo	10
n'imbelliño	10
natale	10
nege	10
neo	10
nervosa	10
nottoañe	10
nucleari	10
offenscive	10
oggettiva	10
opçion	10
originäie	10
osservaçioin	10
ottantun	10
paghiæ	10
pagâse	10
pansâ	10
pantomiña	10
paritæ	10
parlâlo	10
parlâve	10
parpaggeua	10
partense	10
parteçipæ	10
partiemo	10
pastetta	10
pastissê	10
paternòstri	10
patie	10
patriòtta	10
patriòtti	10
peccatô	10
pediña	10
pediñe	10
peigosa	10
pensiemo	10
pentîse	10
percorrio	10
perdili	10
perdià	10
permetteime	10
permissa	10
personâ	10
pesti	10
pestummo	10
pezoa	10
pianofòrte	10
piato	10
piccinin	10
piccâghe	10
pigiama	10
pisciava	10
pitto	10
planeta	10
poeite	10
poete	10
pontedasce	10
popolâ	10
poxiçionou	10
poñise	10
prepoxiçioin	10
prescrive	10
prexonee	10
preçise	10
preòccupa	10
priamâ	10
prionâ	10
priña	10
procuiò	10
profittâne	10
programmâ	10
proibî	10
prolongou	10
promotoa	10
promotoî	10
propoñan	10
protezzuo	10
provedimenti	10
provisöio	10
provocâghe	10
päsoî	10
pòlliçi	10
pöchiscimo	10
pösite	10
quant'aiva	10
quant'emmo	10
quant'ò	10
quarantedoî	10
quaranteçinque	10
quell'angoscioso	10
quell'attô	10
quell'idea	10
quell'inverno	10
quest'occaxon	10
quest'urtimo	10
raspa	10
rassegnou	10
ravanetti	10
ravanetto	10
ravecca	10
raxonavan	10
raxoñan	10
rebasci	10
reciamman	10
recillâ	10
redimme	10
refresca	10
refrescâse	10
regallava	10
regallæ	10
reguardi	10
relativa	10
relatoa	10
religioxitæ	10
remarca	10
remarcâ	10
repubricaña	10
resche	10
reserve	10
respettan	10
respiava	10
respondan	10
respondime	10
restemmo	10
restrenze	10
retornâ	10
revocou	10
reçion	10
righetta	10
rii	10
rinvegnuo	10
ripete	10
rispettou	10
ritmi	10
rivista	10
roggi	10
roggio	10
romanica	10
rosiggia	10
rostia	10
rusteghi	10
rägna	10
s'abbasta	10
s'accorzià	10
s'accòrzan	10
s'addescian	10
s'allamentava	10
s'allevava	10
s'alleve	10
s'anemmo	10
s'arrecommandava	10
s'arrecovià	10
s'ascordava	10
s'ascordemmo	10
s'asmòrta	10
s'avian	10
s'aviæ	10
s'azzonze	10
s'imaginava	10
s'incroxan	10
s'intendan	10
s'oppoñe	10
s'ottëgne	10
sacchezzâ	10
sagra	10
saguegge	10
saive	10
sançionâ	10
sarpâ	10
satirichi	10
saveime	10
savignon	10
saviësci	10
sbattaggia	10
sbattan	10
scarto	10
scartou	10
scassan	10
scavissou	10
scciattapansa	10
sccioia	10
scheñe	10
sciaffeur	10
sciammenghi	10
scigoa	10
scimia	10
scindicato	10
scingole	10
sciorbia	10
sciortîghe	10
sciugata	10
sciuscianteçinqu'anni	10
scompartîse	10
scontræ	10
scoâ	10
scriveivan	10
scrivime	10
scriviò	10
scroscîghe	10
scòrda	10
seggemmo	10
segnalæ	10
seimia	10
sentense	10
sentivimo	10
sentîli	10
sereua	10
serreuia	10
servîve	10
settantedoî	10
seunne	10
sfumma	10
sgranfignou	10
sgreuzze	10
sguaroin	10
singao	10
slovacchia	10
soiña	10
solitäia	10
somministraçion	10
sopportou	10
sospette	10
sott'euggio	10
sovietico	10
spantegan	10
spassoietta	10
spassou	10
spellinsegon	10
spendeiva	10
sperando	10
sperimentale	10
spionezzæ	10
spoioxi	10
sponcio	10
spontou	10
sportiggeua	10
sposesse	10
spòrto	10
spòrzuo	10
standardizzâ	10
stavi	10
stilettâ	10
stissava	10
straggi	10
strangoggion	10
strassoin	10
succesci	10
succescion	10
suggerio	10
sumeggeive	10
svaiou	10
svedeise	10
sviluppâse	10
særi	10
t'ammanca	10
t'arriësci	10
taggiâlo	10
tasse	10
tegnivimo	10
tendense	10
tente	10
termòmetro	10
tessera	10
tiâme	10
tiña	10
toccando	10
tocchemmo	10
tocchieivan	10
toccâla	10
tovaggeu	10
toâ	10
traduttoî	10
tramanda	10
tramezi	10
trapassâ	10
treisette	10
treuvite	10
trombettê	10
tronco	10
trovâghelo	10
tumoî	10
tòrçio	10
universcitäi	10
universo	10
unn'allegria	10
unn'antiga	10
unn'assoçiaçion	10
unn'attroveuia	10
unn'avventua	10
unn'ediçion	10
unn'imboscadda	10
unn'impronta	10
unn'inlustre	10
unn'intensa	10
unn'interruçion	10
unn'invençion	10
unn'ongia	10
unz'anni	10
v'arrecommando	10
varrià	10
vascello	10
vendi	10
vendicâ	10
vendise	10
vergognose	10
versæ	10
verticale	10
vestiva	10
vexinato	10
vidoe	10
visciue	10
voeive	10
volante	10
vorriemo	10
vuou	10
xoavan	10
zeneixitæ	10
zinzanâ	10
zitta	10
zugavimo	10
zugâsela	10
çelebritæ	10
çentovinti	10
çentrâ	10
çernan	10
çerno	10
çianexi	10
çinquantequattro	10
çinquanteçinque	10
çivilizzou	10
ötunno	10
35mia	9
70mia	9
abbonou	9
abbötia	9
abrogâ	9
academie	9
accapiscian	9
accattâne	9
accheuggian	9
accompagnamento	9
acconsæ	9
accuggeite	9
accuggeiti	9
accusou	9
acquixî	9
addescime	9
addesciâse	9
adurtëio	9
afferman	9
affermativo	9
aggimo	9
aggiuttâve	9
aggresciva	9
aggueitou	9
alcòlichi	9
alfabeto	9
algerin	9
allenâ	9
allonghime	9
allontanâ	9
amatoî	9
ammaiçiâ	9
ammassando	9
amministrativa	9
amministrativi	9
amâ	9
analizzou	9
andio	9
anessan	9
angela	9
angiou	9
anglicaña	9
animalista	9
appartamenti	9
appascionante	9
appensâveghe	9
appensæveghe	9
appontellæ	9
appresentæ	9
appægiâ	9
aragan	9
architettua	9
arfê	9
argenti	9
arquâ	9
arrancæ	9
arrecommandâse	9
arregòrdan	9
arsoie	9
artæ	9
asbascia	9
ascidiosa	9
ascistan	9
asciurda	9
ascoacciou	9
assegnæ	9
assessoa	9
assoiggiâ	9
assoçiou	9
assunnâse	9
astrenze	9
atleta	9
attaccanti	9
attestaçion	9
attiou	9
attreuvi	9
attrovava	9
attrovâse	9
austriaca	9
avansite	9
avao	9
aveighela	9
aveile	9
aveive	9
avie	9
avvantâ	9
avvardan	9
avvardæ	9
avvexinâme	9
avvexinâseghe	9
avvistou	9
azöto	9
açidentæ	9
bacögi	9
bagaggio	9
baggi	9
baiou	9
balletti	9
bavao	9
beatificaçion	9
beivise	9
bell'öxellin	9
bellandi	9
bellinon	9
bergamasca	9
bernissâ	9
bertella	9
bestasso	9
bestento	9
besughi	9
bevesse	9
biascia	9
bicarbonou	9
bolivia	9
bollan	9
boniscime	9
brassalletto	9
brassallo	9
bregâ	9
brescian	9
brigneu	9
brille	9
britanniche	9
brusche	9
bullata	9
burattin	9
burò	9
bus	9
buttou	9
bägiâ	9
bæxiña	9
cabannon	9
cacavao	9
caggiai	9
cagnetta	9
cammiñi	9
campioña	9
camporosso	9
campou	9
canadeise	9
candidatue	9
cannabinòidi	9
canniou	9
cannocciâ	9
cantanti	9
cantettâ	9
capimmo	9
cappòtti	9
cartoin	9
catoliçeximo	9
cavarca	9
cave	9
caxoñan	9
cazzighe	9
cecoslovacchia	9
cegâse	9
ceigan	9
ch'aivi	9
ch'ammiessan	9
ch'anesse	9
cheuxi	9
chigheumai	9
chinzemia	9
chinòlle	9
ciaciarâ	9
ciammessan	9
cionâ	9
ciuvesse	9
ciöson	9
clasciche	9
clascifiche	9
coffa	9
cointo	9
collæ	9
combiñan	9
comensi	9
commandâghe	9
commerçiali	9
compia	9
compreise	9
comprensciva	9
conduxeiva	9
confessavan	9
conosceivi	9
consciderevole	9
conscistente	9
conseggemmo	9
conseggiava	9
conseggiâme	9
constreiti	9
contandoghe	9
contante	9
contattâne	9
contegnivan	9
contemmo	9
contestæ	9
continuatoî	9
contratempo	9
contâle	9
converte	9
coraggioxi	9
correlaçion	9
correspondan	9
correspòsto	9
corruçioin	9
cosciensa	9
costruto	9
creddeivi	9
creddeivimo	9
creddià	9
cremmosa	9
croccanti	9
cuxi	9
cuæ	9
còcco	9
d'acanto	9
d'adattâse	9
d'ancioa	9
d'ancioe	9
d'anello	9
d'arrampinâ	9
d'assoluçion	9
d'attraversâ	9
d'autorizzaçion	9
d'azzonze	9
d'açioin	9
d'aòsta	9
d'euggiao	9
d'exempio	9
d'impoñe	9
d'impreisa	9
d'oive	9
d'osservaçion	9
d'ottegnî	9
d'universcitæ	9
d'òsse	9
d'öxelli	9
daggæso	9
dechiña	9
deciarâla	9
decoræ	9
dedicâse	9
defenscivo	9
definii	9
delegâ	9
delitti	9
dependan	9
deree	9
derenou	9
desbarco	9
descazzan	9
descorriva	9
descriçioin	9
desdicciâ	9
deserte	9
desfa	9
desfava	9
desfiou	9
desgusta	9
despeâ	9
despëtenou	9
destanâ	9
destrigæ	9
desturbâve	9
desvalixou	9
desvalixâ	9
deuvi	9
deuviando	9
diemo	9
difeiso	9
dipende	9
discoran	9
discori	9
disnavan	9
dispoxiçioin	9
dispòsti	9
distribuisce	9
diverscificâ	9
divixi	9
documentaçion	9
documentäia	9
doia	9
domandessan	9
domandæghelo	9
doso	9
dæne	9
dòcce	9
dòllaro	9
dôsaiga	9
ebrea	9
ediliçia	9
ediliçio	9
elisabetta	9
emoscionante	9
epica	9
esatta	9
escluso	9
esperimento	9
eu	9
eutt'anni	9
exigente	9
exòrdio	9
fabricâ	9
famose	9
fattô	9
fenoggetti	9
fermavimo	9
fermâli	9
fermâve	9
figgioami	9
figueta	9
fintonaie	9
finçion	9
fissava	9
fissue	9
fiâme	9
foddrâ	9
fonçionale	9
fonçionali	9
fonçionalitæ	9
fonçionava	9
fonçioñe	9
fornimenti	9
forselluo	9
forçiñe	9
fottui	9
fotògrafi	9
fracassâ	9
franze	9
frettâte	9
frizzeiva	9
frusto	9
fuccai	9
fuccao	9
furlan	9
fïferretto	9
fòscile	9
garcia	9
genan	9
generalizzâ	9
genitô	9
gentilòmmi	9
gh'andavan	9
gh'andiò	9
gh'anià	9
gh'arrivemmo	9
gh'arriësce	9
gh'asseguava	9
gh'intremmo	9
giassâ	9
giudicæ	9
giudiçiäio	9
giustifican	9
grandestin	9
granie	9
grottesca	9
guerniçioin	9
guerso	9
gustæ	9
guägnâme	9
icònico	9
identitäio	9
illuxoin	9
imbarassou	9
imbarassæ	9
imbottiggiou	9
imbragâ	9
impie	9
implicou	9
importæ	9
impreixi	9
impròpia	9
impòsti	9
inandiemmo	9
inatteisa	9
incallâ	9
inciòstro	9
indagan	9
indennizzâ	9
indiañe	9
inflescioin	9
informatica	9
ingambou	9
ingarbuggiâ	9
ingerense	9
ingheuggite	9
ingianchio	9
ingianchî	9
inleçita	9
inlustri	9
inlustrou	9
inmigræ	9
innoçenti	9
inregolare	9
inscinuâ	9
insciâse	9
instruie	9
insâ	9
integritæ	9
inteise	9
intellettuale	9
intense	9
interrou	9
intestou	9
intortignæ	9
intrategnî	9
intressi	9
invaxon	9
inzenoggiâse	9
ironia	9
isoverde	9
isterico	9
l'11	9
l'aboliçion	9
l'accatto	9
l'accaxonavan	9
l'acquixiçion	9
l'aggiuttavan	9
l'agisce	9
l'allecca	9
l'ammiscion	9
l'anarchico	9
l'appensa	9
l'aquäio	9
l'arrecommando	9
l'arrestesse	9
l'ascidiavan	9
l'aspëtâ	9
l'assensa	9
l'attroviò	9
l'avian	9
l'aviei	9
l'avvardava	9
l'ecceçion	9
l'eclisci	9
l'equaçion	9
l'ertixe	9
l'escurscion	9
l'estradiçion	9
l'etixia	9
l'imbriægo	9
l'imbösava	9
l'impediva	9
l'imprenditoa	9
l'indennizzo	9
l'indoviña	9
l'informaçion	9
l'inieçion	9
l'inscisteiva	9
l'inscistiva	9
l'inçertessa	9
l'ipotizza	9
l'offende	9
l'offiçiña	9
l'otten	9
l'ottobre	9
laccion	9
lagnâse	9
lascieiva	9
lasciæla	9
levando	9
lezzendäio	9
liberâsene	9
limitavan	9
linguistichi	9
listeuie	9
liçensiâse	9
lomellin	9
lucande	9
lusso	9
luxerna	9
læti	9
lòccian	9
m'acciammo	9
m'addescio	9
m'ammassa	9
m'angoscia	9
m'angoscio	9
m'arrestava	9
m'astrenze	9
m'inganno	9
machinetta	9
magnifichi	9
magre	9
manche	9
manciñe	9
mandian	9
mangià	9
manoscriti	9
manoscrito	9
mantegnindo	9
marcaieu	9
mason	9
meali	9
meditâ	9
meghe	9
meisoa	9
mentali	9
mentî	9
mesciata	9
metallica	9
meteorològica	9
mettisela	9
miscia	9
mistëi	9
mito	9
miägiou	9
modiggion	9
mogognavan	9
moie	9
morali	9
morbillo	9
mortin	9
muatê	9
muzai	9
n'accapiscio	9
n'arriesciva	9
n'indubito	9
n'intende	9
nae	9
nano	9
narrativi	9
nasci	9
navegavan	9
negroin	9
noelo	9
nominæ	9
normali	9
novant'anni	9
noxi	9
obrigaçion	9
ommetti	9
ondæ	9
onoräio	9
ospiâ	9
ottegnîlo	9
padaña	9
paghemmo	9
panni	9
parallelo	9
parascito	9
parmixan	9
parteçipià	9
passatempo	9
patiscimini	9
patrimònni	9
peighi	9
pendola	9
pensâmeghe	9
perdime	9
perdoin	9
perentöia	9
perquixiçion	9
peæ	9
piccavan	9
piggessan	9
piggile	9
piggiælo	9
pisacan	9
pisso	9
plastica	9
platon	9
poescimo	9
poidoman	9
poin	9
poliçie	9
ponentiña	9
ponziggiæ	9
portafeuggi	9
portiësci	9
portolian	9
portâne	9
portâte	9
postiçipou	9
poxitua	9
preluxe	9
priva	9
privilegi	9
procuava	9
procuoei	9
produttivo	9
profescionali	9
profescionista	9
progettou	9
prolongamento	9
proteiña	9
provocaçion	9
prudenti	9
pròvoca	9
pscicològiche	9
pubriçistica	9
pægui	9
quand'ëi	9
quarantedoe	9
quarantetræ	9
quell'ödô	9
quelli-de-primma	9
querni	9
quest'urtima	9
raffinou	9
raixo	9
rapiñe	9
rassegnaçion	9
rattipennughi	9
ravatta	9
raxoæla	9
reaçionäio	9
rebattuo	9
recammi	9
reconosceiva	9
recuggeiti	9
redena	9
refuan	9
refuâghe	9
refæte	9
regattan	9
registri	9
reisegose	9
relascian	9
relativitæ	9
remediou	9
remesci	9
remesciando	9
remesciâlo	9
rendia	9
rendieiva	9
renegâ	9
renovamento	9
renovæ	9
repiggi	9
repiggian	9
repiggiâli	9
reportâ	9
rescignâ	9
rescioâme	9
resorsa	9
respettou	9
respiraçion	9
restriçion	9
resultan	9
retii	9
revoluçioin	9
reçiclaggio	9
riescivan	9
risparmio	9
riçevuo	9
rouxi	9
rumente	9
rägnou	9
s'accobbia	9
s'acconsa	9
s'accontenta	9
s'ammermava	9
s'ammuggia	9
s'arrösa	9
s'asbriava	9
s'astrenzeiva	9
s'attrovemmo	9
s'avvixiña	9
s'impan	9
s'ingamba	9
s'inlarghisce	9
s'interessa	9
sacchettin	9
sacri	9
saisseua	9
saluando	9
saluâve	9
sarmon	9
sarve	9
sarvâghe	9
sarvâme	9
sasci	9
satisfæta	9
satisfæti	9
savatta	9
savemmo	9
sazzo	9
sbraggiavan	9
scamottou	9
scandaggio	9
scarscitæ	9
scavià	9
scceuppan	9
scciappin	9
sccioiva	9
scciumme	9
sciaccæli	9
scialli	9
scianca	9
scillabe	9
scingolo	9
scintetico	9
sciortian	9
scistemou	9
sciummæa	9
scixerboa	9
sciätâme	9
scommettemmo	9
scommettieiva	9
scontæ	9
scordou	9
scorrezzâ	9
scorriva	9
scrivilo	9
scrivià	9
scrollavan	9
scrollin	9
segan	9
seleçioin	9
semenâlo	9
semplificâ	9
sempliçitæ	9
sentilo	9
sentîte	9
sentîve	9
settantesëi	9
settanteutt'anni	9
settantun	9
setton	9
sfrixa	9
smeuggio	9
sollevaçioin	9
sopportaçion	9
sorco	9
sorda	9
sorprende	9
sostegnibile	9
sostegnivan	9
spalanca	9
spartisci	9
speçialitæ	9
spoiosa	9
sponzia	9
spremmuo	9
spresce	9
sprescion	9
spua	9
spëtæ	9
st'attresso	9
st'autô	9
st'intrâ	9
st'invexendo	9
st'ægua	9
staiei	9
staieiva	9
stanche	9
stii	9
stilettou	9
stili	9
stimmâ	9
stoccolma	9
stracchi	9
straluxente	9
stranie	9
strenzo	9
strion	9
strisciâ	9
strixellava	9
stronscio	9
stâseghe	9
stòcche	9
succon	9
sunniò	9
superbi	9
suppe	9
sviluppa	9
t'accatti	9
t'acciappo	9
t'ammia	9
t'ammiavi	9
t'aniæ	9
t'arraggi	9
t'attroviæ	9
t'aveivi	9
tabaccante	9
tabarchin	9
tacco	9
tatuou	9
tecciâ	9
tegnian	9
tegnîselo	9
teivio	9
telecamera	9
telefònica	9
temmeivan	9
tempoie	9
temporanea	9
tien	9
tirren	9
tocchieiva	9
toggio	9
tormento	9
tosci	9
toscî	9
traduo	9
traduta	9
tragedie	9
trasportâ	9
trategnîse	9
tratte	9
trattâlo	9
traversavan	9
tremmo	9
treuggi	9
triangolo	9
trionfa	9
troin	9
troncâ	9
trovandoghe	9
trucco	9
trugnellòtta	9
trute	9
ucraine	9
udiensa	9
uga	9
umiditæ	9
umiliaçioin	9
unn'accusa	9
unn'alleansa	9
unn'avveneuia	9
unn'ereditæ	9
unn'importante	9
unn'insalatta	9
unn'introduçion	9
unn'inçenta	9
unn'onsa	9
v'accompagne	9
v'aspëtava	9
v'assomeggiæ	9
v'â	9
vacciñe	9
vagiña	9
validi	9
valladda	9
vanitæ	9
veddesci	9
veggiâ	9
vegnîmene	9
venditoa	9
veneçian	9
vergheugnava	9
vergognâse	9
verscioin	9
videozeughi	9
vinçitô	9
vonta	9
vorcan	9
voæna	9
vòrta	9
whatsapp	9
zazzunou	9
zeava	9
zeneivio	9
zughià	9
zuâghe	9
ägno	9
çedronella	9
çeggia	9
çentoun	9
çervo	9
çestin	9
çivilizzâ	9
ësine	9
ïsite	9
òrfani	9
öxelletto	9
'n'arbanella	8
140mia	8
14mia	8
18mia	8
600mia	8
a7	8
aa	8
abberravan	8
abbon	8
abbronzæ	8
abbötio	8
accabannâ	8
accaiou	8
accapii	8
accapiscio	8
accapitâ	8
accattâlo	8
accompagnâlo	8
addesci	8
addesciâlo	8
addesciâve	8
addue	8
adoçioin	8
adulti	8
aerei	8
aerostatichi	8
affadigâse	8
agençia	8
aggeive	8
aggibbou	8
aggiustæ	8
aggiâ	8
aggredia	8
aggredii	8
agguantæ	8
agro	8
allargâse	8
allögiæ	8
alternæ	8
amante	8
amanti	8
ammermæ	8
ammettan	8
ammiâne	8
ammobiliâ	8
ammonio	8
ammortâ	8
ammoutia	8
ananas	8
ancoou	8
angosce	8
angosciaia	8
aniæ	8
antefisse	8
antefæto	8
apostòlica	8
appartoia	8
appennin	8
appensâse	8
appiccâse	8
appissui	8
appissâ	8
applicaçion	8
appommellou	8
appossâse	8
apprexæ	8
appricâ	8
approfondia	8
aquarello	8
aquilin	8
aragoña	8
araldichi	8
arbitro	8
ardente	8
area	8
arrecommando	8
arrecuggeiva	8
arregòrda	8
arreixou	8
arremediou	8
arrentia	8
arrissou	8
arrogante	8
arronsâ	8
arrösâse	8
arsoia	8
articolâ	8
artistichi	8
artâ	8
ascistia	8
ascädâme	8
asgreiou	8
aspëtando	8
asseguan	8
assemenâ	8
assettemmose	8
assobaccou	8
astegnuo	8
astrassonâ	8
attaccâse	8
attortignou	8
attreuvan	8
attuscegâ	8
aumentou	8
autoritäia	8
avui	8
avverscitæ	8
avviscâ	8
avvisæ	8
avvocou	8
azzonzeighe	8
açimentou	8
babilònia	8
bagaggi	8
bagarilli	8
bagnâghe	8
bagoin	8
bah	8
baiardo	8
balestrin	8
banale	8
barbòtto	8
bare	8
barudda	8
basan	8
battilo	8
battistëio	8
battoxi	8
baussa	8
becciavan	8
beghin	8
benardin	8
beneitossæ	8
benixon	8
besantin	8
besiggi	8
bibliografia	8
biodiverscitæ	8
biològiche	8
bisciæa	8
boffâ	8
boggii	8
bombardou	8
bonassa	8
bonòmmo	8
borboggio	8
bostica	8
bou	8
bozze	8
branda	8
bratte	8
brigoe	8
brotti	8
bruschi	8
bugattiña	8
burlava	8
burlæ	8
buscaggia	8
bägiava	8
bòccian	8
böson	8
caccezzou	8
cagnetti	8
cagou	8
calabà	8
camie	8
camminâghe	8
cancæto	8
canottea	8
cantoin	8
caolongo	8
capia	8
capià	8
cappelle	8
cappelliñe	8
cappotöa	8
capîlo	8
carasco	8
caratterizzan	8
cartoliña	8
casamenti	8
caschi	8
cascionetti	8
castöo	8
cattâse	8
cavalletto	8
ceghemmo	8
ceigo	8
ch'appartëgnan	8
ch'ê	8
cheuggile	8
chigo	8
ciammilo	8
ciantavan	8
cianzan	8
ciappou	8
ciarbòtta	8
ciccioeza	8
cioñe	8
ciusa	8
coegou	8
colaçioin	8
collaboraçion	8
colombian	8
coltivaçion	8
combattan	8
combattimento	8
combustion	8
comm'â	8
commandan	8
commentan	8
commentando	8
commeuve	8
commiscionou	8
communicaçioin	8
comparâ	8
compie	8
comprixitæ	8
compæ	8
comâ	8
conchigge	8
confessâte	8
confeçionâ	8
confianse	8
conlaboratoa	8
conscideran	8
conservan	8
consolâla	8
constituente	8
constituîse	8
construta	8
consulente	8
contempla	8
contentâlo	8
conteur	8
contrapê	8
controllavan	8
convalida	8
convocæ	8
cormo	8
cornaggia	8
coroñe	8
corpîme	8
corree	8
corriæ	8
cortezzo	8
corzetti	8
costoso	8
costummanse	8
coverci	8
craccia	8
cranio	8
cravettæ	8
creatô	8
creddise	8
crediti	8
cremmoso	8
crescio	8
creste	8
criminali	8
crinea	8
croato	8
crovîse	8
crònica	8
cröi	8
cuggeito	8
curve	8
cuxio	8
cäsæ	8
d'accattâse	8
d'accattâvene	8
d'affermâse	8
d'aggiornamento	8
d'aggiuttâne	8
d'ancoña	8
d'anexi	8
d'angei	8
d'ardiciòcche	8
d'arma	8
d'arröbâ	8
d'ascidiâ	8
d'atti	8
d'eleçioin	8
d'existe	8
d'inferno	8
d'interessâ	8
d'interventi	8
d'öiva	8
dalle	8
deciare	8
deciarâlo	8
dedicavan	8
deleghe	8
demoavimo	8
depoidisnæ	8
derlui	8
desandi	8
desarmo	8
descancasciâ	8
desccegæ	8
deschinæ	8
descompoñan	8
descorrivan	8
descrita	8
descuxio	8
desdita	8
desdito	8
desentegou	8
deslenguan	8
deslögiæ	8
desperde	8
despeuggian	8
despontâ	8
despuggiou	8
despëtaddo	8
destaccava	8
destina	8
destrigou	8
destrigâse	8
desturbæ	8
desventegâ	8
desvia	8
detta	8
deuviâli	8
diaña	8
diccia	8
diciarou	8
difendeiva	8
differençia	8
digghelo	8
dimiscion	8
discepolo	8
discorrîne	8
disegna	8
disegniò	8
dispoxitivo	8
diëscimo	8
dogge	8
domandâne	8
dommatô	8
doppodisnæ	8
dormiæ	8
dovescimo	8
doviei	8
drua	8
dîtelo	8
dïsetten	8
ecceçioin	8
edificou	8
ediliçi	8
elefante	8
emerso	8
emigræ	8
endego	8
energetiche	8
energetichi	8
enne	8
entuxasmo	8
esclammou	8
estende	8
exerçitaçion	8
exibio	8
extravergini	8
facciata	8
fallii	8
fallî	8
familiaritæ	8
fantastica	8
fantinetta	8
fascemmi	8
fasciste	8
feminiñe	8
fenoggi	8
fermite	8
figgettin	8
figuæve	8
filtrâ	8
finançiæ	8
firpiaña	8
fisci	8
fixichi	8
fonçionavan	8
forcafæro	8
formalizzou	8
forsellue	8
fortiscimi	8
frustâ	8
fugasse	8
fughe	8
fummenti	8
furgon	8
fâsele	8
fæghe	8
gabinetti	8
gabiñe	8
galles	8
galletto	8
gallinasso	8
garantiscian	8
garantiva	8
garsoña	8
gatte	8
generichi	8
generæ	8
gentette	8
geometrica	8
gh'appense	8
gh'arrestià	8
gh'arresto	8
gh'arriësci	8
gh'arviva	8
gh'intræ	8
giamiñan	8
giandose	8
giasse	8
gie	8
ginnastica	8
giornalâ	8
giudiche	8
giudicâla	8
giâme	8
goæ	8
granio	8
guiddan	8
guidde	8
guiddi	8
guägnavan	8
guägnieiva	8
gödivan	8
göscio	8
imbessie	8
imbessio	8
imbottie	8
imbozzonou	8
impottâ	8
imprestæ	8
impromissi	8
inarou	8
incallâse	8
incantæ	8
incomprenscibile	8
incontrâse	8
incoraggio	8
incriminou	8
incroxo	8
incòmmodo	8
indennizzi	8
indeterminâ	8
indirissâ	8
indoei	8
influsci	8
informa	8
infricciâ	8
inganciâ	8
ingannan	8
ingombâ	8
ingrasciâ	8
inlegali	8
inlegitimo	8
inluminaçioin	8
inlustræ	8
inmagrî	8
inmanegou	8
inmattia	8
inondaçion	8
inricchîse	8
inseguesse	8
inspettô	8
inspeçionâ	8
instruio	8
insòlito	8
integrou	8
intendeivan	8
intenscificâ	8
intensciva	8
interpretæ	8
interrotti	8
intervëgne	8
intrategnuo	8
investigou	8
invexendi	8
invexendâse	8
inçertesse	8
l'abolisce	8
l'acciammava	8
l'aeronautica	8
l'affronta	8
l'aggaiba	8
l'aguo	8
l'amante	8
l'ammassava	8
l'analizza	8
l'andià	8
l'andâ	8
l'arria	8
l'artexan	8
l'arçipræve	8
l'asciamma	8
l'ascistiva	8
l'assettava	8
l'assomeggia	8
l'assumme	8
l'attreuve	8
l'australia	8
l'avei	8
l'aviëscimo	8
l'avvanta	8
l'avvantaggio	8
l'ecuador	8
l'epidemia	8
l'ertoparlante	8
l'espanscion	8
l'eubbio	8
l'exilio	8
l'icònico	8
l'idropixia	8
l'imaginava	8
l'imperatô	8
l'imposcibile	8
l'incascio	8
l'inciòstro	8
l'incoraggisce	8
l'incroxa	8
l'indôçisce	8
l'ingiarmo	8
l'inluxon	8
l'inmenscitæ	8
l'innamoa	8
l'inscia	8
l'intelletto	8
l'interrompe	8
l'intrapreisa	8
l'inversa	8
l'inçenso	8
l'ongareise	8
l'operäio	8
l'opportunitæ	8
l'organizza	8
l'oçidente	8
l'unià	8
l'æn	8
l'òrlo	8
l'öxelletto	8
lamenta	8
larghea	8
lasciâselo	8
lasco	8
lavan	8
laxerto	8
legali	8
legnæa	8
lelloa	8
letterale	8
levavan	8
levià	8
levâvelo	8
lezzeivan	8
lezzendäia	8
ligan	8
liçensiamento	8
lontananse	8
lottâ	8
louan	8
luava	8
lusciæa	8
luxemburgo	8
luxingâ	8
m'abbasta	8
m'accatto	8
m'arrecovia	8
m'arrestan	8
m'arrezo	8
m'aspete	8
m'asseunno	8
m'avesci	8
m'açimenta	8
m'ean	8
m'imbarco	8
m'infio	8
m'intra	8
madonnava	8
magoin	8
maian	8
mancavi	8
manifesti	8
manscioin	8
manten	8
manæa	8
marcan	8
marcheixi	8
marionettisti	8
marsa	8
marçio	8
mascoliña	8
masse	8
masseur	8
mastrussê	8
maçedònia	8
mediatico	8
mediatoî	8
medie	8
medio-erta	8
meitesse	8
meli	8
mentiva	8
menô	8
meridien	8
mersâ	8
mersæa	8
mescce	8
mescciâseghe	8
mescciâte	8
mescciâve	8
metafore	8
metteighe	8
mettendome	8
mettendose	8
meuiâ	8
mezo-erto	8
milleneuveçentodexe	8
minee	8
minimi	8
misteioxi	8
moneghi	8
monscignô	8
montanâ	8
montebrun	8
monumento	8
monòtona	8
mormoggio	8
moron	8
mortificava	8
moscâ	8
mostrando	8
mostrià	8
mostrâlo	8
muage	8
muâ	8
mëgou	8
mòdde	8
n'accapisci	8
n'accòrzi	8
n'aggiuttià	8
n'ammerman	8
n'andavan	8
n'arreste	8
n'arriva	8
n'aviësci	8
n'incarrega	8
n'intre	8
nascioin	8
negòçia	8
nisso	8
niâ	8
noelin	8
notari	8
nueuia	8
occupaçion	8
offensciva	8
ombriña	8
ormezzo	8
orso	8
pagando	8
paghieiva	8
pagâghe	8
paiscion	8
palaçiate	8
paraguay	8
parchezza	8
parsciue	8
parteçipian	8
patelle	8
pattin	8
patton	8
patògeni	8
peado	8
pellandroin	8
pellandron	8
pellisse	8
pendensa	8
penetra	8
penetrâ	8
pensian	8
penòlle	8
perdite	8
perdoño	8
perfeçionâ	8
perlengheuia	8
permettieiva	8
permetto	8
perse	8
pesco	8
pestæ	8
petena	8
petiçioin	8
petròlli	8
petti	8
petto	8
peuh	8
piccinetti	8
piccâlo	8
piggieiva	8
piggieivan	8
piggiësci	8
pillastrâ	8
pilòtti	8
pippo	8
piscin	8
pisciou	8
pisen	8
poi	8
porsemmi	8
portâve	8
porzendo	8
porzendoghe	8
posseduo	8
prefonda	8
prefondava	8
preghe	8
premissa	8
prenotaçion	8
presentavan	8
pretendenti	8
preçioxi	8
preçipitaçion	8
primmaveie	8
proclamma	8
procuâme	8
profeti	8
profondamente	8
propoño	8
protetti	8
protezilo	8
protòtipo	8
provian	8
provocante	8
provocæ	8
provâla	8
pscicanalista	8
pue	8
pæta	8
pòrtilo	8
quand'aiva	8
quell'ambo	8
quell'arte	8
quell'avventua	8
quell'açidente	8
quell'öo	8
quessi	8
rapitoî	8
rappi	8
rapresentava	8
rasa	8
raspava	8
rattellava	8
raxa	8
realizzâla	8
realizzæ	8
rebatte	8
rebello	8
reboa	8
recammo	8
reciammando	8
recillo	8
recillâse	8
recommandaçioin	8
reconoscenti	8
recorrio	8
recorsci	8
redeni	8
refuggio	8
regalla	8
regallan	8
registrava	8
regolari	8
regordâ	8
regòrdite	8
rela	8
remandou	8
remenavan	8
remmâ	8
remontan	8
remoçion	8
remòrsci	8
rendeivan	8
renoelâ	8
renommâ	8
reparaçion	8
repeto	8
repliche	8
replicæ	8
reportemmo	8
repubricañe	8
requaggio	8
resati	8
respian	8
respii	8
respondei	8
restaurâ	8
resätava	8
retiæ	8
retorna	8
retorni	8
revoluçionäio	8
reçeivan	8
reçenti	8
reçercatoa	8
reçevimento	8
riescîghe	8
riguardo	8
rincresciua	8
risa	8
riscatto	8
rispondite	8
riçevua	8
riësci	8
rompindose	8
rompiva	8
rostiscian	8
rægio	8
ræne	8
röco	8
s'accapiscian	8
s'accorzeivan	8
s'ammiavimo	8
s'appensava	8
s'appossa	8
s'arraggian	8
s'arregordavan	8
s'asbriemmo	8
s'ascordiemo	8
s'attaxentan	8
s'avveña	8
s'açendeiva	8
s'estende	8
s'imbarcava	8
s'impegna	8
s'impegnemmo	8
s'inarava	8
s'intendeiva	8
s'è	8
s'ïsa	8
sallamanxê	8
saluavan	8
sancrao	8
sanguette	8
sanremmasca	8
sarvemmo	8
sbaliæ	8
scangiâse	8
scarpenadda	8
scciasse	8
scciuppesse	8
sceneggiatua	8
scerpe	8
scheuggioa	8
schinfioso	8
schisso	8
schissou	8
schivâse	8
sciallava	8
sciarbelle	8
sciatô	8
scidon	8
scientifiche	8
scillin	8
scimulaçioin	8
scio	8
scioia	8
scioiva	8
sciuscianteña	8
sciusciâme	8
scoläie	8
scommetto	8
scompassâ	8
scorrimmo	8
scorrîli	8
scorrîte	8
scròssoe	8
scuöto	8
sega	8
segretäie	8
sentîselo	8
sequestri	8
serravan	8
servîla	8
settantequattro	8
settanteçinque	8
sfrouxadoî	8
sfrouxâ	8
sgreiou	8
siasso	8
sie	8
siçiliaña	8
siçiliañe	8
soccore	8
soette	8
sopravivensa	8
sospettan	8
sospiâ	8
sovvëgnan	8
soçialista	8
spartîli	8
spassâ	8
spaximâ	8
spaçioxi	8
spegasso	8
spellinsegâ	8
spendo	8
speçiaie	8
spicca	8
spionezzâ	8
sponciâme	8
spontava	8
spremme	8
spussolento	8
st'albergo	8
st'avvoxâ	8
st'erba	8
st'estæ	8
st'incarrego	8
stabiliscian	8
stabilîme	8
staccæ	8
staddi	8
stimmæ	8
stocchefisciadda	8
stondäi	8
stozza	8
straluxiva	8
stramesci	8
strascinava	8
strascinou	8
strategie	8
strenzeivan	8
streppou	8
stucciou	8
succedeiva	8
sunaggiâ	8
superioritæ	8
suppoño	8
sussâme	8
sussâse	8
sviluppan	8
sätando	8
södan	8
t'arresti	8
t'ascondi	8
t'aspeto	8
t'asseunni	8
tabarchiñe	8
tacche	8
tamborlin	8
taro	8
tegnîvelo	8
teie	8
teixi	8
termi	8
termina	8
terrasse	8
terrorizzou	8
terscin	8
tesoê	8
testin	8
tettou	8
tiandose	8
tinze	8
tiæve	8
tollerante	8
tombin	8
tonni	8
tormenti	8
tormentou	8
tornavi	8
tortoa	8
toscañe	8
tradio	8
traduti	8
tradîse	8
transaçioin	8
trategniva	8
tregue	8
treipê	8
treitô	8
trentesett'anni	8
trentesëi	8
treppi	8
treppâ	8
treuve	8
tribollou	8
tribù	8
trillava	8
trincea	8
trovandose	8
trovâle	8
turcheise	8
tæramòtti	8
umide	8
unn'acca	8
unn'ammiscion	8
unn'ancioa	8
unn'assemblea	8
unn'avverscion	8
unn'axinella	8
unn'ebrea	8
unn'esploxon	8
unn'infermea	8
unn'inluxon	8
unn'intençion	8
unn'oeta	8
unn'ucraina	8
unn'umanitæ	8
v'aivimo	8
vasche	8
vegnîlo	8
vegnîvene	8
velli	8
vendegne	8
vertebre	8
vesti	8
veubbia	8
vidoi	8
vintiquattr'anni	8
vinçitoî	8
viveivimo	8
vixitava	8
vixiñe	8
viægiava	8
viçescindichi	8
vocale	8
voeila	8
voesci	8
volontäia	8
votæ	8
vòrto	8
xeue	8
xoesse	8
zaganti	8
zemba	8
zenestre	8
zeughe	8
zinzanie	8
zinæ	8
zonte	8
æguasanta	8
çeie	8
çeltiche	8
çemetëi	8
çentrocampo	8
çeramica	8
çerchieiva	8
çerneggiâ	8
çiettoa	8
ödaçioso	8
öive	8
örià	8
36mia	7
6mia	7
a4	7
abbandonâve	7
abbellinæ	7
abbrancou	7
abondansa	7
academica	7
accattime	7
accaxonâme	7
accoeghite	7
accordâ	7
achille	7
adammo	7
adattaçion	7
addentâme	7
addescian	7
affascinante	7
affronta	7
africaña	7
agençie	7
aggiornamento	7
aggrescivo	7
aggroppâme	7
agrummi	7
agussou	7
agî	7
alcol	7
aliçe	7
allee	7
allestio	7
allonghindo	7
allongâ	7
allugava	7
amandoe	7
ambiçiosa	7
amixiçie	7
amma	7
ammerman	7
ammiâghe	7
ammiâle	7
ammiæme	7
ammoniçion	7
ammoâ	7
ammuggian	7
ampolle	7
anatema	7
anavi	7
andemmoghe	7
angonia	7
angosciaie	7
annasto	7
antefæti	7
antidemocratica	7
antisemite	7
anònime	7
appannæ	7
appartegnî	7
appartëgnan	7
apperlenguâ	7
appommellâ	7
approfondio	7
approfondî	7
appösæ	7
arbaneise	7
arbitri	7
arcangeo	7
archivvi	7
armäi	7
arpiña	7
arrampinæ	7
arregordandome	7
arregordâse	7
arregòrdime	7
arremban	7
arrembilo	7
arrian	7
arrissavan	7
artexan	7
artifiçiali	7
arçipræve	7
asccianâ	7
asciduo	7
asgreiæ	7
asmeuggio	7
asmortemmo	7
aspëtâte	7
assegondâli	7
assequææ	7
assettandose	7
assettæve	7
assomeggiâ	7
assunnævelo	7
asti	7
atmosferica	7
attasto	7
attico	7
attribuia	7
attrovâme	7
attualitæ	7
aumentæ	7
autoe	7
automatica	7
avansæve	7
avegno	7
aveisene	7
avvegnue	7
avvenæ	7
avverscion	7
avvexinandose	7
avvexinâle	7
avvixi	7
azzonzan	7
açento	7
açettemmo	7
açimentâ	7
açimentâlo	7
açimmou	7
bacchetti	7
bacchezzian	7
bacchezzæ	7
baciòcco	7
bagnâla	7
bagnâlo	7
bambordio	7
bananna	7
bancäio	7
banderòlla	7
barbottava	7
bastanti	7
battaggion	7
battighe	7
battinòllo	7
battive	7
battuggia	7
becchi	7
beccia	7
beivilo	7
belliscime	7
benëse	7
beou	7
besiggia	7
beviaggi	7
bire	7
bitte	7
boccuo	7
boliccio	7
bollâseghe	7
bombardâ	7
bombæa	7
bonasse	7
boniscima	7
borda	7
bordigòtto	7
boridda	7
borzonasca	7
bosticcou	7
botanica	7
bousa	7
bozza	7
braa	7
braggian	7
bruttavan	7
bruxabòschi	7
bruxila	7
buffo	7
bussaña	7
buttemmo	7
bäsiga	7
bòrzi-verezzo	7
böia	7
cadeboña	7
caigâ	7
cairo	7
callai	7
callan	7
camalla	7
camallâla	7
candiöto	7
cangesse	7
cangià	7
cangiâghe	7
caniggiæa	7
cannello	7
cappussiña	7
capîse	7
carasse	7
carboin	7
carbonea	7
carregamento	7
carregan	7
cartoliñe	7
caròttoa	7
caselle	7
castigæ	7
cattuâ	7
cavallin	7
cavâne	7
cette	7
ch'arrivava	7
ch'arrivian	7
ch'attreuve	7
ch'avescimo	7
ch'avieiva	7
ch'intervëgne	7
ch'intravëgne	7
ch'intre	7
chillogrammi	7
ciantemmo	7
ciantette	7
cianue	7
ciappella	7
ciavette	7
cicchetti	7
cicolate	7
cioccâghe	7
cionou	7
cioño	7
cirolle	7
ciumenti	7
ciuviæ	7
ciuvua	7
ciætose	7
ciòssa	7
coava	7
collòqui	7
colonizzatoî	7
colonnello	7
comm'arrivo	7
comm'ei	7
comm'intro	7
comm'ô	7
commandemmo	7
commandâme	7
commenioin	7
commeuvo	7
communica	7
compagnava	7
compascioin	7
compiaxo	7
compii	7
complescivo	7
comportavan	7
compoñi	7
concluxoin	7
confessa	7
confessoa	7
confiâse	7
confondeiva	7
confondo	7
congratulaçioin	7
conlaborâ	7
conoscià	7
conscideraçioin	7
conscidero	7
conseggiâghe	7
consegnava	7
conservatöio	7
consola	7
constatou	7
constellaçioin	7
constituia	7
consurtâlo	7
contattou	7
contavesce	7
contentan	7
contentesse	7
contentâle	7
continuavan	7
continue	7
continuemmo	7
continui	7
contià	7
contradiçion	7
convegnieiva	7
convertiva	7
conçentrite	7
conçentrou	7
coronou	7
correspondense	7
correzime	7
corvetto	7
creaçioin	7
creuva	7
croxetti	7
crònichi	7
cugnæ	7
cädea	7
cäsafrusto	7
cæza	7
cæzava	7
cæñe	7
còcine	7
còdiçi	7
còmmoda	7
còrsa	7
cös'en	7
d'acciantâ	7
d'aggiuttâme	7
d'aggiuttâse	7
d'allugâlo	7
d'amao	7
d'amighe	7
d'ammassâte	7
d'ammermâ	7
d'analixi	7
d'anâvene	7
d'asciddi	7
d'assascinamento	7
d'attastâse	7
d'atterraggio	7
d'attivitæ	7
d'attrovâme	7
d'avellin	7
d'avvisâ	7
d'açende	7
d'epoca	7
d'espoxiçion	7
d'imbarcâse	7
d'impiegâme	7
d'influensa	7
d'iniçiativa	7
d'inmonegâse	7
d'insalatta	7
d'interrogaçion	7
d'interrogâla	7
d'intressâ	7
d'invexendo	7
d'irlanda	7
d'oege	7
d'ombriña	7
d'ödô	7
dannaçion	7
debitoî	7
debuttou	7
deciañe	7
defendeiva	7
demissa	7
demmose	7
demoite	7
demostra	7
denonçio	7
denonçiæ	7
dependesse	7
depenti	7
depenze	7
derivan	7
desandiæ	7
desbarassâse	7
desbroggiâ	7
descancasciou	7
desci	7
desciste	7
descite	7
desciù	7
descoran	7
descorrîghe	7
descreuvi	7
descrivemmo	7
descrovîlo	7
descäsci	7
desfasciâ	7
desfiguan	7
desfiâ	7
desfondæ	7
desgagginou	7
desinvoltua	7
desligava	7
desligâse	7
desmissa	7
despensæmene	7
despeou	7
despiaxuo	7
desprexa	7
destaccavan	7
destanou	7
desteixi	7
desturbâla	7
devoçion	7
deximo	7
deçiddise	7
diagonale	7
didascalia	7
dieivan	7
difeisa	7
dinamiche	7
dinastia	7
discore	7
discreto	7
disegnatô	7
disnava	7
disponibili	7
distillou	7
distinto	7
distrae	7
distribuio	7
divagâ	7
doamiavintiquattro	7
doggiou	7
domandandoghe	7
domesteghi	7
dominaçion	7
dond'aniò	7
dond'en	7
dormimmo	7
dormindo	7
doveighe	7
doveivimo	7
dovendo	7
dreitue	7
drïtonaia	7
duxent'anni	7
dïsetteña	7
dòminan	7
e-mail	7
ebraichi	7
ehi	7
eite	7
emanou	7
emblematico	7
emette	7
emigranti	7
emoscion	7
epico	7
equivochi	7
erboeti	7
eredi	7
ermitto	7
ertoparlanti	7
esatte	7
escluxon	7
escurscion	7
espande	7
esploræ	7
espresci	7
esterni	7
estrae	7
estæ	7
eterne	7
ette	7
eubbio	7
evaxoin	7
exeguî	7
fabricou	7
fadighe	7
faiëscimo	7
fammelo	7
fandoghe	7
fascinanti	7
fatta	7
faxoæle	7
fedeli	7
feniaña	7
fenoggio	7
fermemmo	7
fermiemo	7
fiezzan	7
figgioammi	7
figuâve	7
figuæ	7
filosòfichi	7
finali	7
finiemo	7
finimmo	7
finzeiva	7
fissæ	7
foestee	7
foin	7
foraggio	7
formalizzâ	7
formavan	7
formuläio	7
forni	7
forniscian	7
fotografâ	7
fotògrafan	7
frasca	7
frecciamme	7
fressa	7
frettoeli	7
frettou	7
frisciolâ	7
fuggetto	7
futui	7
fâseli	7
fæñe	7
galiçia	7
gallezzava	7
gallezzavimo	7
garantîse	7
gazzia	7
genoçiddi	7
genâve	7
gesso	7
gestia	7
gestioin	7
gexuita	7
gh'accompagni	7
gh'afferma	7
gh'aisan	7
gh'aise	7
gh'ammuggiava	7
gh'anieiva	7
gh'aniemo	7
gh'aniæ	7
gh'appensava	7
gh'arrecommanda	7
gh'arrecommandava	7
gh'arrecommando	7
gh'asbriavan	7
gh'azzonzo	7
gh'intresse	7
ghia	7
ghimiñe	7
ghiou	7
giamenti	7
giastemman	7
giastemmou	7
giranni	7
giâla	7
giänente	7
globali	7
gosci	7
governo-magistratua	7
gragneue	7
granfio	7
gratti	7
gremenio	7
grondañe	7
guaria	7
guerrezzea	7
guersezzava	7
guiddæ	7
gödie	7
gödo	7
gödîme	7
gösci	7
ignoranti	7
ignorâ	7
imbarcaçioin	7
imbarco	7
imbarlugâ	7
imbarsamæ	7
imboscæ	7
imbroggiâlo	7
imbròggio	7
imbösâ	7
imitaçioin	7
impascibilitæ	7
impegnan	7
impi	7
impiosa	7
imponente	7
importun	7
imprendei	7
imprestito	7
impæntou	7
inandi	7
inandiâle	7
inandiâli	7
inandiâme	7
inarâ	7
inarâse	7
incavou	7
incomprenscibili	7
incontrâlo	7
indipendensa	7
indoentæ	7
indoviñan	7
informatichi	7
inibîse	7
inlarghî	7
inmersci	7
inmonegava	7
innamoan	7
inquaddrou	7
inscrite	7
inscrive	7
insegnâ	7
inspirou	7
interessan	7
interrogatöi	7
intranti	7
intrapreise	7
intravëgnan	7
intresci	7
intressan	7
inverdugou	7
invii	7
invitemmo	7
invixibili	7
inzegnou	7
inäio	7
inäiâse	7
inçendiou	7
l'80	7
l'abbandon	7
l'abbrasso	7
l'accattemmo	7
l'accaxonava	7
l'accettava	7
l'accòrze	7
l'affermava	7
l'affeçioña	7
l'aggiusta	7
l'aggradisce	7
l'aggueito	7
l'aivimo	7
l'allegoria	7
l'allenatoa	7
l'allevo	7
l'ammanche	7
l'ammassian	7
l'ammuggia	7
l'ancoña	7
l'anghilla	7
l'antisemitiximo	7
l'anâghe	7
l'appennin	7
l'arbaxia	7
l'arou	7
l'arreisega	7
l'arvià	7
l'asbasciava	7
l'asbriava	7
l'ascidia	7
l'ascistià	7
l'ascordava	7
l'asfalto	7
l'asprescia	7
l'aspëtemmo	7
l'aspëtæ	7
l'assonçion	7
l'attasta	7
l'avvexiña	7
l'avvisca	7
l'ecologia	7
l'ecoscistema	7
l'emigraçion	7
l'en	7
l'enormitæ	7
l'equipaggio	7
l'escludde	7
l'esprimmeiva	7
l'espulscion	7
l'essensa	7
l'eterno	7
l'imbarluga	7
l'imbrumme	7
l'imprendeiva	7
l'impòrta	7
l'impòsta	7
l'inluminaçion	7
l'innoçensa	7
l'insegnamento	7
l'inseisce	7
l'inspaxima	7
l'inspeçion	7
l'instituisce	7
l'instruttô	7
l'intendimento	7
l'interpretaçion	7
l'interroga	7
l'intervëgne	7
l'invio	7
l'inäio	7
l'oegiña	7
l'ondezza	7
l'ottegniva	7
l'ucraino	7
l'umiliaçion	7
l'unzeña	7
l'æguasanta	7
l'ïsâse	7
laccetti	7
lamente	7
lamentâte	7
lampadiñe	7
lampadäi	7
lampezza	7
langhe	7
latton	7
lavatua	7
lavâle	7
lavâme	7
lavæve	7
lañe	7
lecce	7
leccou	7
legato	7
legatäio	7
lescichi	7
levesse	7
leviemo	7
levimeli	7
leviò	7
levâsela	7
lezile	7
lezilo	7
lezzeila	7
lezzendäie	7
liberaçioin	7
lighemmo	7
ligneu	7
lindoman	7
locciâla	7
louâghe	7
ludovica	7
luo	7
lustra	7
lustrâ	7
luveghe	7
lòtto	7
löro	7
m'accatti	7
m'accattiò	7
m'affiava	7
m'angosci	7
m'appascioña	7
m'arregòrda	7
m'asprescia	7
m'attreuva	7
m'avvexinava	7
m'imagiño	7
macciâse	7
madonnæ	7
maggette	7
magnetico	7
malòcchi	7
mancâghe	7
mandiemo	7
maneghi	7
mangessan	7
mangieiva	7
mangiâghe	7
mantegnîle	7
marcheisa	7
marchime	7
marionetto	7
mariöli	7
marmellæ	7
martelli	7
martellâ	7
massacri	7
maxee	7
mecaniximi	7
meisai	7
menassan	7
menassava	7
menissou	7
mensunemmo	7
menue	7
mescciavan	7
mesci	7
mesciate	7
mesciâve	7
messaggea	7
messoie	7
mesuite	7
mesuæ	7
mettimelo	7
milionäie	7
minatoî	7
ministre	7
miägnâ	7
modelle	7
moderâ	7
modesto	7
moiña	7
monarchia	7
monegasca	7
montâghe	7
mortæ	7
mosaico	7
mostrime	7
mostrâve	7
motivou	7
mutaçion	7
mäfæto	7
mäveggio	7
mëgâla	7
n'accorzeiva	7
n'andæ	7
n'anesse	7
n'appresenta	7
n'exibisce	7
n'impippo	7
n'ingheugge	7
narrativo	7
naturali	7
navegava	7
naveghemmo	7
navego	7
negoçianti	7
negoçiou	7
nobilitæ	7
nostalgia	7
nostalgichi	7
notaro	7
nottando	7
nuvii	7
næ	7
obiettiva	7
obrigatöia	7
obrigâla	7
occorso	7
oegion	7
oeiva	7
omònimo	7
ondezzavan	7
oppòsto	7
ordinäio	7
oriente	7
ormezzæ	7
ortighe	7
ospiæ	7
ostacolo	7
ottegnue	7
paisaggi	7
panea	7
pappagalli	7
parlamenti	7
parlavi	7
parpagge	7
parsciui	7
passapòrti	7
passea	7
passesse	7
patansciava	7
patroñe	7
pedemia	7
peigoxi	7
pensighe	7
pensila	7
pensâseghe	7
peou	7
perdilo	7
permettighe	7
permettime	7
pernixe	7
perscistio	7
perseguitâme	7
perçepisci	7
petiçion	7
pezoamenti	7
piaxentin	7
piaxià	7
piggiandose	7
piggiâseli	7
pignatta	7
pigoggiosa	7
pillo	7
pillon	7
pinæa	7
pisseria	7
poa	7
poggiöli	7
poidisnæ	7
poieu	7
polare	7
poliçieschi	7
pollaieu	7
poppoña	7
portæme	7
posciue	7
postaçion	7
postiçipa	7
poësci	7
pratticæ	7
predeçessoî	7
predicou	7
prenottou	7
prepare	7
prescinde	7
presençiâ	7
pretendeiva	7
previste	7
prinçipesse	7
processo	7
produxeiva	7
progresciva	7
proibii	7
promettei	7
prometti	7
promotô	7
propòxiti	7
prospettive	7
protagoniste	7
protestou	7
provedde	7
provinse	7
provisöia	7
proviæ	7
provocâme	7
prudente	7
pròsa	7
pscichiatrichi	7
päfæri	7
pæzâ	7
pëtenou	7
pòrzighe	7
pòscimo	7
pöc'ægua	7
pösan	7
pösæve	7
quaddre	7
quand'arrivemmo	7
quattroçent'anni	7
quell'angæzo	7
quell'atto	7
quell'erboo	7
quest'òmmo	7
quinte	7
rafataggi	7
rallentou	7
rammoia	7
rapia	7
rapida	7
rapresentâ	7
rattelloso	7
rattelloxi	7
ravattâ	7
raxonæ	7
reclammi	7
recomensâ	7
recommandaçion	7
recòvera	7
reduxan	7
reduxemmo	7
reformâ	7
refrescumme	7
refrescâ	7
regadea	7
regatte	7
regimmi	7
regolæ	7
relasciou	7
remborso	7
remescelli	7
remöti	7
rendiemo	7
rendili	7
rendilo	7
renegou	7
renonçie	7
repiggià	7
representaçioin	7
represente	7
repricava	7
repriche	7
resatan	7
rescatto	7
rescioemmo	7
rescioou	7
resciuscitià	7
rescädamenti	7
respiæ	7
respondesse	7
restante	7
restauratô	7
retaggiâ	7
retornou	7
rettoî	7
reuia	7
reverensa	7
rexiliensa	7
rezan	7
reçitæ	7
ribòtta	7
riflescioin	7
rigoroso	7
rincrescesse	7
ringraçie	7
ringraçiæ	7
ripetan	7
rispetta	7
rispondeiva	7
ritardo	7
ritornan	7
ritorno	7
riunioin	7
rogna	7
rompîla	7
rompîme	7
ronfou	7
roscetti	7
rudega	7
rägnâ	7
s'abbessivan	7
s'accheugge	7
s'accurtisce	7
s'accòsta	7
s'adattan	7
s'addentan	7
s'addescià	7
s'addormiva	7
s'addrissa	7
s'affermemmo	7
s'affonde	7
s'aggiutta	7
s'aivimo	7
s'allestivan	7
s'allontañe	7
s'appaxenta	7
s'arrendan	7
s'arrigoela	7
s'arræisce	7
s'aspetan	7
s'aspëtemmo	7
s'assomegge	7
s'avvantan	7
s'avvexinemmo	7
s'avvexinesse	7
s'imbarca	7
s'imbösa	7
s'incroxavan	7
s'inganna	7
s'ingheugge	7
s'ingoa	7
s'interessavan	7
s'ê	7
sabauda	7
sacchezzan	7
saluâle	7
sambugo	7
sappou	7
sappâ	7
sargente	7
sarvian	7
sasciâ	7
sascê	7
saveila	7
saveivimo	7
savian	7
savoin	7
sbarcou	7
sbiffa	7
scavisso	7
scciappâse	7
scciattamaio	7
sccioio	7
scecche	7
scemmellaña	7
scettichi	7
scheda	7
schede	7
schersou	7
schissa	7
schittâ	7
schivo	7
sciallan	7
sciammi	7
sciensiou	7
scientifichi	7
scingoli	7
scintetica	7
sciorban	7
sciorbivan	7
sciortiò	7
sciugaman	7
sciusciantedoe	7
sciusciantetrei	7
sciòlle	7
sciòlli	7
sciòperi	7
sciòrboe	7
scolorî	7
scombattua	7
scommette	7
scoou	7
scorpia	7
screia	7
scrittue	7
scrivine	7
scrollâme	7
scroscian	7
scrosciva	7
scròlle	7
scròllo	7
scuffie	7
scusemmo	7
seggia	7
sellai	7
semifreido	7
serri	7
serrâli	7
sesti	7
settantedoe	7
settantesette	7
seuxoe	7
sezzeña	7
sgrigoa	7
siassâ	7
soddisfæto	7
soffoco	7
soggeçioin	7
sommou	7
sopportâse	7
sospiava	7
sostegnitoa	7
sostegnià	7
sottopòsta	7
sottoria	7
spaghetto	7
spagnòlle	7
spalancâ	7
spam	7
spanto	7
sparten	7
spassetta	7
spasso	7
spaçiose	7
spellou	7
speran	7
spete	7
speçialista	7
speçializzou	7
speçifiche	7
spigoâ	7
spionezzou	7
sponciâlo	7
sponto	7
sposâte	7
sposâve	7
spussava	7
spusse	7
spëgiâse	7
spötorno	7
st'armäio	7
st'articolo	7
st'urtima	7
st'ödô	7
stabilia	7
stampe	7
stimmou	7
stracca	7
stracoi	7
straggiava	7
stralabia	7
straluxî	7
strangoa	7
strategichi	7
streitamente	7
strenzendoghe	7
studie	7
studiemmo	7
sudamericaña	7
suggerisce	7
sunnoei	7
superstiçioso	7
supervisô	7
suppea	7
svisseri	7
svissero	7
sätettava	7
sätâghe	7
sæe	7
sæxiñe	7
sòbbri	7
t'accapiscio	7
t'aggiutto	7
t'alleviò	7
t'ammiava	7
t'arriesciæ	7
t'ascòrdi	7
t'aspëtava	7
t'assequæa	7
taggemmo	7
taggiavan	7
taggiæve	7
taicio	7
tappollo	7
tegnindola	7
teighe	7
teivie	7
telefonæ	7
tematica	7
temman	7
temmua	7
temmuo	7
tempiâ	7
tempoia	7
tentian	7
terapie	7
termichi	7
terminæ	7
terreñe	7
terriña	7
tiite	7
toscio	7
trafega	7
traitoa	7
tramme	7
transformaçion	7
tranvê	7
trascua	7
trasformâse	7
trasmetteiva	7
trasparente	7
trategnua	7
trauma	7
travaggiando	7
traversadda	7
treggio	7
treifeuggio	7
trombe	7
tunexia	7
tunica	7
turbiña	7
udiense	7
umiliou	7
unn'allerta	7
unn'anscietæ	7
unn'anvelòppe	7
unn'araba	7
unn'aradio	7
unn'assa	7
unn'e-mail	7
unn'erba	7
unn'exerçitaçion	7
unn'indiscreçion	7
unn'intelligensa	7
unn'intrapreisa	7
unn'unica	7
unn'òpia	7
unn'òttica	7
v'accompagno	7
v'arregordæ	7
v'aspeto	7
v'aviò	7
vagon	7
valanga	7
valladde	7
vallava	7
valorizzâ	7
variaçioin	7
variezzou	7
vegiòrnia	7
vendica	7
vendicou	7
veneçiaña	7
vergognosa	7
vertadee	7
veschi	7
vespa	7
veumito	7
vintuneximo	7
violinista	7
violoncello	7
vivessan	7
vivighe	7
vixitâla	7
viægiavan	7
voendo	7
vorrian	7
vortâse	7
votià	7
voxâ	7
xamboin	7
xoæ	7
zei	7
zeneo	7
zittou	7
ziñe	7
zonto	7
zovenòtti	7
zue	7
æxia	7
æña	7
çelebre	7
çeleste	7
çellula	7
çengio	7
çentexima	7
çentoçinquant'anni	7
çentrali	7
çerchiæ	7
çerci	7
çervella	7
çervelle	7
çexin	7
çinquantamia	7
çircondâ	7
çitteñe	7
çittâ	7
é	7
ësighene	7
ësiseghe	7
òbrighi	7
öxelletti	7
'n'atra	6
8mia	6
abbellinâ	6
abbrascæ	6
abbòsso	6
accaxoñan	6
acciantemmo	6
accobbiæ	6
accompagnâve	6
acconsa	6
accontaggiou	6
accordemmoghe	6
accordâse	6
acquixii	6
addesciavan	6
addesciâme	6
addiçioin	6
aerospaçiale	6
aezzo	6
affermâve	6
affeçionæ	6
africañe	6
aggibbo	6
aggiuttava	6
aggiuttæli	6
aggroppite	6
agguantâ	6
aise	6
alescio	6
allamentâ	6
allargou	6
allargæ	6
allea	6
allenatoî	6
allevan	6
alliniamento	6
alloæ	6
allugâ	6
alterni	6
ambientali	6
ammiila	6
ammilo	6
ammiæve	6
ammobiliou	6
ammuggiâse	6
amorrâ	6
amäi	6
amê	6
ancia	6
ancoña	6
andandoghe	6
andante	6
andâghe	6
angosciosa	6
animi	6
animou	6
anitta	6
annonçia	6
ansolle	6
antiçipan	6
anâlo	6
anâte	6
aosci	6
appannou	6
appanâ	6
appatornio	6
appaxentâ	6
appaxentâlo	6
applicou	6
appontite	6
apposo	6
appossa	6
apprica	6
approvaçion	6
appòxito	6
arbo	6
arboa	6
architettue	6
architettònico	6
archiviâ	6
ardie	6
aristocratichi	6
armezzâ	6
armonie	6
armonizzou	6
arregordæme	6
arreisegâ	6
arrenou	6
arrensenie	6
arrestemmo	6
arresätæ	6
arrivessan	6
arrivesse	6
arroinâli	6
arroinâlo	6
arruxentitela	6
arsoii	6
artëie	6
arviemo	6
asbrio	6
ascciæia	6
ascciæiemo	6
ascroccogna	6
asfaltan	6
asmie	6
aspëtiò	6
assagoggiou	6
assascinio	6
assascinæ	6
assati	6
assegnaçion	6
assonto	6
assunnâme	6
assätou	6
astimma	6
astimmæ	6
astrassonou	6
astræta	6
attaccâghe	6
attraverso	6
attrovâghe	6
autorizzaçion	6
avari	6
avesci	6
avue	6
avvantaggiæ	6
avvardâli	6
avvistâ	6
avvisâlo	6
avviâme	6
axima	6
azzonzendoghe	6
azzonzise	6
açendendo	6
açenti	6
açertite	6
açidentou	6
açido	6
bacchezzâ	6
bagarillo	6
bagi	6
bagnin	6
bansigo	6
bançigo	6
barabin	6
baraccoin	6
barbe	6
bardascia	6
bardo	6
bargaggi	6
batti	6
battosaie	6
bavæn	6
bazzanòtte	6
belo	6
benedigghe	6
benziñe	6
bernissa	6
besiggiou	6
beâ	6
biografia	6
bizari	6
boccabuscio	6
bocconetto	6
boganvilla	6
bollezzummi	6
bonetti	6
borbeia	6
borraxe	6
bottezza	6
brevenna	6
bricòcalo	6
brignoe-sâ	6
brignæ	6
bronco	6
bronzi	6
brughea	6
brustolia	6
bruttan	6
bruxeuia	6
bulgaria	6
buttæ	6
cacce	6
caccesse	6
cacciavimo	6
caccighe	6
cacciâseghe	6
cacà	6
caffaro	6
calandra	6
caminetti	6
campisanti	6
campo-mason	6
campodònico	6
candiöti	6
cangemmo	6
cannette	6
canòtto	6
capaçe	6
capitià	6
capitæ	6
caratti	6
caravana	6
carbonizzæ	6
carcagni	6
carcolemmo	6
carcolilo	6
carmâli	6
carreghin	6
carregoin	6
carroggê	6
casalin	6
cascette	6
caserme	6
cassoula	6
casta	6
castigou	6
casænghi	6
cateratte	6
cattedra	6
cattii	6
catto	6
cavià	6
cavâghe	6
caxonâghe	6
cecenia	6
ceighilo	6
ch'arrestava	6
ch'arrestiò	6
ch'arretie	6
ch'arrivavan	6
ch'arvian	6
cheughe	6
chillòmetro	6
chinavan	6
chitare	6
chiñi	6
ciaciarava	6
ciaga	6
ciammæne	6
cianderlin	6
cianella	6
cianzemmo	6
cianzistëio	6
cianzià	6
cianzoiña	6
cianæa	6
ciappettâ	6
ciappoe	6
ciappussou	6
ciarlâ	6
ciatte	6
ciccioezo	6
ciccioou	6
cioppin	6
ciävagna	6
ciæoscuo	6
coali	6
coalo	6
coccodrillo	6
codeugne	6
cointe	6
collavan	6
colleghe	6
collegi	6
collixon	6
colonizzâ	6
combinemmo	6
commettan	6
commissi	6
communion	6
commælo	6
compasso	6
compatibile	6
compatibilitæ	6
compatti	6
compenso	6
compensæ	6
compià	6
complete	6
comportiemo	6
comportâla	6
compromettise	6
concluso	6
concreta	6
condio	6
conferme	6
confinou	6
congelæ	6
congoleise	6
conoscive	6
consciderava	6
consegge	6
conseggiâse	6
consegnâte	6
conservatoa	6
consolaçioin	6
consolâlo	6
construeiva	6
consultâ	6
consumman	6
consurtou	6
contaminaçioin	6
conte-ducca	6
contemplaçioin	6
contentâme	6
continuesse	6
contracangiou	6
contraluxe	6
contrasti	6
contribuiva	6
contribuçion	6
contròlle	6
conventi	6
convinsila	6
convinte	6
copiâ	6
copiâlo	6
corali	6
correnti	6
corridoe	6
corrindo	6
corrispondense	6
corrîghe	6
cortezzâ	6
cortivava	6
costantinòpoli	6
coste	6
costipaçion	6
costipou	6
costrenzeivan	6
costrenzime	6
costruî	6
coxe	6
coxeiva	6
creddessan	6
creddilo	6
crenatue	6
crie	6
crovate	6
cruçi	6
cròcca	6
cuggiarin	6
cuxitue	6
cuxoei	6
cädion	6
cäsâ	6
còcca	6
còlli	6
còrba	6
d'abuso	6
d'abuxi	6
d'accattâlo	6
d'acciantâla	6
d'accotellâ	6
d'aggiustâlo	6
d'aggiuttâlo	6
d'alabastro	6
d'alcol	6
d'ammiâlo	6
d'andeua	6
d'appensâseghe	6
d'approfondî	6
d'aragoña	6
d'arcoa	6
d'arrecommandaçion	6
d'arresti	6
d'arreze	6
d'arvîghe	6
d'arvîlo	6
d'ascordâse	6
d'aspresciou	6
d'assazzâ	6
d'assense	6
d'asso	6
d'assuefâse	6
d'astrego	6
d'attaccâse	6
d'attentati	6
d'autobo	6
d'autodeterminaçion	6
d'avventue	6
d'azöto	6
d'emoscion	6
d'equivalensa	6
d'errô	6
d'esplorâ	6
d'essensa	6
d'ignorâlo	6
d'incarregâse	6
d'incontrâ	6
d'indeçixon	6
d'infornâ	6
d'infranchîse	6
d'infraçion	6
d'ingestion	6
d'ingrandî	6
d'instituto	6
d'intendila	6
d'intræ	6
d'inversâ	6
d'investimento	6
d'inzëgno	6
d'oggetti	6
d'operaçioin	6
daggheli	6
dammene	6
dannose	6
davi	6
decadensa	6
declin	6
decretteur	6
dedue	6
deduto	6
defendessan	6
defendine	6
deliberou	6
deliberâ	6
delirio	6
demisse	6
demisso	6
demoemmo	6
demoessan	6
demografia	6
demostrando	6
demoâve	6
demònni	6
denonçiâli	6
denonçiâlo	6
dependeiva	6
depente	6
depoxitâlo	6
depoñe	6
derenâ	6
derivæ	6
desbarcava	6
desbarcavan	6
desbroggiou	6
descazzesse	6
descciantou	6
descheite	6
descorria	6
descreuvo	6
descrite	6
desfondou	6
desfâsene	6
desgustâ	6
desinvòlto	6
desligâghe	6
deslögiâ	6
desmantellou	6
desordenæ	6
despeaçion	6
despensou	6
despiaxua	6
desprexi	6
despuggiava	6
despuggiâlo	6
destaccâse	6
destaccæ	6
destegâ	6
destendan	6
detaliou	6
determinæ	6
dettalli	6
deuvie	6
deuviemmo	6
deuviesse	6
devastâ	6
devastæ	6
dexiderava	6
dexiderâ	6
deçiddo	6
diffuxoin	6
dimmosela	6
dimostrâ	6
direttoe	6
dirizzendo	6
dischi	6
disciprinâ	6
discorria	6
disniemo	6
disperâ	6
dispoñise	6
distinguilo	6
distintiva	6
distintivi	6
divago	6
diverso	6
divöta	6
dixeiva	6
documenta	6
documentæ	6
doiva	6
domandavi	6
domandiemo	6
domandâgheli	6
domandæghe	6
dominâ	6
dond'ei	6
dormivi	6
dormiò	6
dovendose	6
drogâ	6
drogæ	6
dubia	6
dugañe	6
duxentodexe	6
duxentottantesette	6
dâvene	6
ecològico	6
economisti	6
educaçioin	6
elaboræ	6
emergense	6
emerze	6
entrotæra	6
entuxasta	6
eròica	6
eròtiche	6
esagerâ	6
esiggeivan	6
espanto	6
esperta	6
espertixe	6
esplorou	6
esponiò	6
espoñime	6
essençiali	6
esterna	6
estetica	6
estetichi	6
estetico	6
esòtico	6
etimològichi	6
etnolinguistichi	6
euttomia	6
evangëio	6
exibia	6
exibivan	6
exibî	6
fagghe	6
falla	6
fallo	6
farco	6
fastiddi	6
fastidiou	6
fermemmose	6
fermâle	6
ferrando	6
festezze	6
fiesca	6
figgiñe	6
figuâme	6
figæti	6
filon	6
filosòfico	6
finançiäio	6
finieiva	6
fiscali	6
fixicâ	6
fiägni	6
foddrou	6
folano	6
fondatoî	6
fonçionià	6
fossou	6
fottan	6
fracasso	6
franzou	6
frazzi	6
frena	6
frequentan	6
frighi	6
frollin	6
frustou	6
frustæ	6
frütou	6
fuggiamme	6
fumman	6
furbaie	6
futi	6
fæla	6
fò	6
gaibada	6
garantia	6
garba	6
gazzâ	6
gazzæa	6
genera	6
gentussa	6
genâse	6
gh'acciamma	6
gh'aivi	6
gh'allargava	6
gh'ammagoña	6
gh'ammancavan	6
gh'ammanchieiva	6
gh'ammia	6
gh'ammian	6
gh'arrivava	6
gh'arrivæ	6
gh'asbria	6
gh'asbrian	6
gh'asbriava	6
gh'assetta	6
gh'assetto	6
gh'eu	6
gh'oeiva	6
giacca	6
giaminavan	6
giancastra	6
gianchette	6
giascesse	6
giassea	6
giudiçiäi	6
giusterne	6
giustinien	6
giâghe	6
gnæra	6
gomiâ	6
gorfi	6
grandiosa	6
grandiose	6
grandixe	6
granfignan	6
granfignou	6
granii	6
grattemmo	6
grattime	6
gratto	6
grimasse	6
griscin	6
gronde	6
grue	6
grugnio	6
guarisce	6
guiddo	6
guägnâsene	6
gäverna	6
gödîsela	6
idealizzou	6
illuminou	6
imbarluga	6
imbessia	6
imbozzonæ	6
imbriægou	6
imbuzzarâ	6
impadronio	6
impastou	6
impatto	6
impegnâse	6
imprendi	6
impresta	6
incagnia	6
incarnâ	6
incasciâ	6
incavæ	6
inconsciente	6
incontremmose	6
incoraggîme	6
incornixæ	6
incoronou	6
incrastou	6
incurscioin	6
indifferenti	6
indovinâlo	6
indoviño	6
induavan	6
indubitâsene	6
industria	6
industrie	6
indôçio	6
inerçia	6
infiâme	6
informale	6
informâse	6
infricciou	6
inganciou	6
inganna	6
ingiarmou	6
ingoæ	6
ingranaggi	6
iniçiæ	6
inlarghio	6
inleçite	6
inluxon	6
inorbia	6
inricchie	6
inricchîla	6
insavoio	6
inseia	6
insellâ	6
insemmo	6
inspiran	6
installæ	6
instanse	6
instraddou	6
insulti	6
intaggiadô	6
intaggiou	6
intanou	6
intanâ	6
intendan	6
intercangiabile	6
interdentale	6
internaçionâ	6
interrogatöio	6
interrompe	6
interruçioin	6
interrâ	6
interçettâ	6
intestæ	6
intissâ	6
intravegnui	6
introverso	6
invegia	6
inveninou	6
inverni	6
invescigâ	6
investie	6
investigativa	6
inzegnâse	6
iscriti	6
italia-spagna	6
l'abbarluga	6
l'abbatte	6
l'accapiscian	6
l'accapite	6
l'accommòdda	6
l'addescia	6
l'addesciava	6
l'addesciâme	6
l'addeuvià	6
l'addormisce	6
l'aggiuttessan	6
l'aisan	6
l'allevatoa	6
l'allonga	6
l'amma	6
l'animâ	6
l'ansciava	6
l'appende	6
l'appixoña	6
l'arpixella	6
l'arraggiava	6
l'arrecommandava	6
l'arregòrdi	6
l'arretia	6
l'arrösesse	6
l'articiòcca	6
l'asbrivo	6
l'ascondesse	6
l'ascädava	6
l'ascòrda	6
l'aspëtesse	6
l'asseguava	6
l'asseunna	6
l'attreuvan	6
l'attrovià	6
l'avansava	6
l'avansâ	6
l'avvexinâse	6
l'avvisa	6
l'avvëgne	6
l'açettesse	6
l'edifiçio	6
l'editoa	6
l'emilian	6
l'estæ	6
l'etiòpia	6
l'euro	6
l'exerçita	6
l'exòrdio	6
l'imbagia	6
l'impegna	6
l'imponieiva	6
l'imputaçion	6
l'imputou	6
l'incarnava	6
l'incarregou	6
l'incontri	6
l'indagava	6
l'indue	6
l'inganna	6
l'ingiarma	6
l'inricchisce	6
l'insa	6
l'insegnià	6
l'inseguessa	6
l'integraçion	6
l'interrogatoa	6
l'interrogaçion	6
l'intimo	6
l'intrego	6
l'inzenoggia	6
l'ipotizzava	6
l'irriga	6
l'isoamento	6
l'istituto	6
l'ortiga	6
l'ortografia	6
l'udia	6
l'umoriximo	6
l'ödoa	6
laddre	6
laddronissi	6
lanê	6
lappa	6
lappo	6
larghixe	6
lasciandome	6
lasciæle	6
lavatue	6
lavavan	6
lengueggia	6
letale	6
lettònia	6
levadô	6
levandoseghe	6
levighe	6
levæghe	6
lezighe	6
liammea	6
liberâli	6
ligatô	6
ligo	6
ligâme	6
liofanti	6
lippa	6
listeuia	6
locciâghe	6
lòffa	6
lòrsega	6
lödeive	6
m'acciappa	6
m'addente	6
m'aggive	6
m'arrezan	6
m'asciddi	6
m'astimmi	6
m'attacco	6
m'attasto	6
m'incontrava	6
m'interesso	6
m'intissa	6
m'inäian	6
macciâ	6
madònne	6
magagna	6
maghe	6
magichi	6
magico	6
magistratue	6
maià	6
maledigghe	6
malinconie	6
malinteiso	6
malinteixi	6
malòcco	6
manezzan	6
mangescimo	6
mangieivan	6
manifestan	6
manifestava	6
manifestâ	6
mantegnîte	6
mantëgno	6
marchieiva	6
margaitin	6
marmellava	6
marmellou	6
marmòtte	6
marocchiña	6
marròn-giani	6
marçisce	6
mascella	6
mascheriña	6
mastrussou	6
mattinê	6
mazzinian	6
mecanichi	6
mediatica	6
medichi	6
mediâ	6
melöia	6
menassandolo	6
menestre	6
mensunava	6
mentasso	6
menuaggia	6
menâ	6
menæ	6
mercuio	6
merde	6
mescciâghe	6
meschinette	6
mesuo	6
mesuâse	6
mettemmose	6
meua	6
mezo-basso	6
microscòpiche	6
miliardäio	6
milionäio	6
miliçie	6
mincionou	6
minoranse	6
miâ	6
mocciacci	6
moderaçion	6
mogognan	6
moiegne	6
moimmo	6
moissan	6
mondâ	6
montavi	6
monumentale	6
mormoava	6
mormoggiou	6
moscatello	6
moscolo	6
mostrâghelo	6
mostrâte	6
mostræ	6
motivâ	6
moçioin	6
murcia	6
muse	6
muxicali	6
mädesciprinæ	6
mäpagæ	6
mäpiggiou	6
märeduto	6
n'accapian	6
n'accòrzan	6
n'anià	6
n'aspëtava	6
n'avansan	6
n'imbarasso	6
napoliten	6
narrative	6
narratô	6
nascesse	6
natue	6
navegæ	6
negron	6
nettezziña	6
nettezzo	6
nettezzæ	6
neuv'anni	6
nii	6
ninou	6
nobilitâ	6
noitæ	6
nomiña	6
nottava	6
novantedoî	6
novantequattr'anni	6
novanteximo	6
novanteña	6
noveña	6
obediensa	6
obedio	6
offrîve	6
ombrezzou	6
ongareise	6
onti	6
operäie	6
oraçion	6
ordenäie	6
organizza	6
ormezzou	6
orçeise	6
osservavan	6
ottantedoî	6
ottantequattro	6
ottegnua	6
paggio	6
paghiei	6
paivi	6
paivimo	6
palo	6
panattê	6
parlavimo	6
parlemmose	6
parlessan	6
parpaggeue	6
parpellava	6
parpello	6
partenon	6
partiò	6
passieiva	6
passoa	6
passoe	6
passâme	6
patriòttichi	6
pattezzâ	6
pattoin	6
patîlo	6
peisan	6
peixin	6
pellisson	6
penezza	6
pennellâ	6
pennoin	6
pennon	6
pensavo	6
penscionou	6
pentii	6
perdendo	6
perdesci	6
perdonava	6
peregriña	6
perfetti	6
perleccâse	6
perrucca	6
persega	6
perturbæ	6
perçepî	6
pessiga	6
piaxeivan	6
picche	6
piggilo	6
piggine	6
piggiæne	6
piggiëscimo	6
pisciñe	6
pivetto	6
piæ	6
poesci	6
poliscie	6
pomâ	6
ponentin	6
pormon	6
portavi	6
portelletti	6
portæghe	6
portælo	6
porzua	6
posciui	6
possedi	6
postaçioin	6
potençiali	6
poxiçionâ	6
poño	6
predicatoî	6
prefondi	6
prefondo	6
premue	6
prepara	6
preparateur	6
preparâse	6
presbitëio	6
prescidense	6
presentan	6
presentâseghe	6
pretendan	6
pretendieiva	6
preveddeivan	6
prevegnua	6
prinçipianti	6
proclammâ	6
procuæ	6
produttive	6
professoe	6
proibiscian	6
prononçiâlo	6
propoñi	6
proteiñe	6
protettoî	6
protezzua	6
provisto	6
provochià	6
provâse	6
pròpie	6
pròppi	6
pätie	6
päxetto	6
pëtenava	6
pòlline	6
pòrtimelo	6
quaccio	6
quaddra	6
qualificâse	6
quand'anæ	6
quand'arrivæ	6
quaterno	6
quattorzeña	6
quell'argomento	6
quell'arma	6
quell'açienda	6
quell'istöia	6
quell'öxello	6
quenta	6
quiz	6
racca	6
radda	6
radicce	6
rallentæ	6
rançio	6
rapîla	6
ravattavimo	6
ravattou	6
raxonavimo	6
raxoñe	6
razzisti	6
raçionalista	6
rebellando	6
recammadoa	6
recammæ	6
recanti	6
reciammâse	6
recillava	6
recillâme	6
reclammo	6
recogniçion	6
reconosciui	6
redençion	6
redòssi	6
refioso	6
reformou	6
refreidoî	6
regalle	6
regalliò	6
regallâghe	6
regiâla	6
regordava	6
regordemmo	6
relasciæ	6
relevâ	6
religioin	6
remette	6
remmou	6
renovâse	6
reparpou	6
repessa	6
representavan	6
repricâ	6
repöxi	6
rescattâ	6
rescignou	6
rescioava	6
rescistei	6
resciuscitian	6
resegondava	6
reseunna	6
resoluçioin	6
respetta	6
respettiva	6
respettæ	6
respondiemo	6
resultâ	6
resätâ	6
retaggi	6
retaggio	6
retardâ	6
retiavan	6
retratte	6
rettangolo	6
reunioin	6
revixoin	6
revoluçionou	6
rexisto	6
rezite	6
rezzenti	6
reçeiveiva	6
reçeivili	6
reçepisce	6
reçercou	6
reçiclou	6
reçitâla	6
ribelli	6
ricatti	6
ridicola	6
riescîlo	6
rinforsæ	6
rinfòrsa	6
rinvegnindo	6
riserva	6
rispetti	6
risultati	6
riunisce	6
roggiâ	6
romagnòlla	6
rombo	6
romen	6
rompindo	6
rompîghe	6
rompîlo	6
rondaniña	6
rosiggiâte	6
ruzzenento	6
röde	6
s'accapivan	6
s'accattava	6
s'accattavan	6
s'accattemmo	6
s'accaxoñan	6
s'accorzemmo	6
s'accorziëscimo	6
s'addesciâ	6
s'affermià	6
s'affiava	6
s'agguantan	6
s'alluga	6
s'appellava	6
s'appixoña	6
s'arrecheugge	6
s'arrecommanda	6
s'arrembavan	6
s'arresta	6
s'arretian	6
s'arriesciva	6
s'arrigoelavimo	6
s'arvan	6
s'ascidie	6
s'ascurtiscian	6
s'ascòrdan	6
s'aspete	6
s'assomeggià	6
s'avieiva	6
s'avvexiñan	6
s'azzonzià	6
s'imaginemmo	6
s'incallesse	6
s'incanta	6
s'incarrega	6
s'incontravan	6
s'ingorfavan	6
s'inlarghiva	6
s'inluddeiva	6
s'intressan	6
s'inzenoggia	6
s'òccupa	6
saccime	6
saccimo	6
sacre	6
safran	6
sagoggiava	6
sagoggiâ	6
sagoggiæ	6
sagrificâ	6
salloin	6
sampetta	6
sandole	6
sangueggia	6
sant'emo	6
santacroxe	6
sançionæ	6
sarvamenti	6
sarvava	6
sasciæ	6
sbalio	6
sbattise	6
sborattou	6
scabeccio	6
scamorrâ	6
scandaggiou	6
scandalizzou	6
scandalizzâ	6
scangemmo	6
scappâsene	6
scassælo	6
scatoassa	6
scavissâ	6
scciancâse	6
scciappa-italia	6
scciappava	6
scciappeuie	6
scciappoei	6
scciassi	6
scciatta	6
scciaviximo	6
scciummou	6
scciuppettâ	6
scentavan	6
scettico	6
schersa	6
schiffio	6
schiffiscian	6
schivesse	6
sciabbra	6
sciaccâlo	6
scian	6
sciensiâ	6
scillaba	6
scimpatichi	6
scimpatie	6
scinagöghe	6
scinònimo	6
scioii	6
sciorbo	6
sciortissan	6
sciortivi	6
sciortivimo	6
scioâ	6
scireña	6
scirvaña	6
scirvio	6
sciusciantequattro	6
sciòppoa	6
scompartie	6
sconzuan	6
sconzuo	6
sconzuou	6
scordava	6
scorrattava	6
scorrindo	6
scoæ	6
scrigni	6
scrigno	6
scrivise	6
scroccâghe	6
scuggian	6
scuggiavan	6
scusâlo	6
scusâme	6
scösci	6
scöxîne	6
segnali	6
segnando	6
seguesse	6
segurtæ	6
seleçionæ	6
semantichi	6
senatoî	6
sentieiva	6
sentindome	6
sentîle	6
serremmo	6
servissan	6
settant'anni	6
settantetrei	6
settemia	6
seçie	6
señe	6
sfeuggia	6
sfregoggiou	6
sgambettavan	6
sgreiësci	6
sguarrâ	6
sguarræ	6
sguassoso	6
slaviña	6
smangiâ	6
sobaccæ	6
soddisfâ	6
soffocan	6
soffocâ	6
solenni	6
solista	6
solitavan	6
solleva	6
sommâ	6
sospeixi	6
sospendan	6
sospettou	6
sospiou	6
sostantivo	6
sottinteiso	6
sottopoñise	6
sottraise	6
sparæ	6
spaçioso	6
spedimmo	6
spellava	6
spellinsega	6
spendan	6
sperimentâ	6
spersci	6
speræ	6
speçialisti	6
spinasso	6
spinzesse	6
spioña	6
spippoi	6
spirale	6
sponciâla	6
spontanee	6
sponzie	6
sposilo	6
spremmui	6
spussâ	6
spægæ	6
spëgiava	6
st'andio	6
st'asseguaçion	6
st'asteròide	6
st'esperimento	6
st'euvia	6
st'indegnitæ	6
st'ipòtexi	6
stabilisce	6
stacchetta	6
staffe	6
staggi	6
stagnin	6
stampoei	6
stanchian	6
stanchiei	6
stanghetta	6
stiava	6
stomegoso	6
straboña	6
stracoa	6
straggiâse	6
stralabiavan	6
stralunæ	6
straluxio	6
stramortia	6
stranuo	6
strappo	6
strascinâme	6
stremio	6
strenzan	6
striggia	6
strisciou	6
stucci	6
stâli	6
stælo	6
stòrta	6
sucidi	6
sue	6
suggerî	6
sunnesse	6
superbio	6
suppòrto	6
surtan	6
svedeixi	6
sviluppi	6
særilo	6
sòlida	6
t'accapita	6
t'accaxonià	6
t'acciammi	6
t'acciammo	6
t'accompagno	6
t'aggian	6
t'aggiuttiò	6
t'apprexa	6
t'apprichi	6
t'arriviæ	6
t'aspëtemmo	6
t'impoñi	6
t'interessa	6
t'î	6
t'öriësci	6
tabacchi	6
tafagna	6
taggiâghe	6
talenti	6
tanaro	6
tappava	6
tappeti	6
tardia	6
tardie	6
tarlucchi	6
tastea	6
tavolòssa	6
taxua	6
tegnindose	6
tegnîseli	6
tegnîte	6
teisa	6
televixivi	6
templi	6
tempoio	6
temporaneo	6
tendeiva	6
tentaçioin	6
terrassette	6
tersci	6
tessia	6
teòloghi	6
tiessan	6
tocchi	6
tontoña	6
tosce	6
toschen	6
toscivan	6
tosse	6
traccia	6
tradia	6
tradiva	6
tragichi	6
traitoî	6
tralasciava	6
tralasciò	6
tramandemmo	6
tranquille	6
transaçion	6
transessuali	6
trapassou	6
trappe	6
trasfigua	6
trattezzâ	6
trattian	6
trattieiva	6
trattâla	6
traversci	6
travisâ	6
treitoa	6
treppan	6
triangoli	6
tritolla	6
trovâli	6
truffadoî	6
træte	6
tunexi	6
tëgnime	6
tòrcia	6
tòrcio	6
tòrse	6
tô	6
tötani	6
udia	6
un-a	6
unii-euröpa	6
unitäia	6
universali	6
universcitäia	6
unn'accusaçion	6
unn'allegoria	6
unn'ambulansa	6
unn'amoa	6
unn'approscimaçion	6
unn'attençion	6
unn'epidemia	6
unn'etichetta	6
unn'infame	6
unn'infinitæ	6
unn'insciammaçion	6
unn'occupaçion	6
unn'offensciva	6
unn'urgensa	6
unn'urtima	6
uruguay	6
usansa	6
utilizzaçion	6
v'affermæ	6
v'esponei	6
vaivan	6
valanghe	6
valida	6
valleboña	6
valorizzou	6
vegnîne	6
vendiemo	6
venere	6
ventilaçion	6
verifica	6
verne	6
vesce	6
vesciga	6
vesto	6
vestîve	6
viaxi	6
viemo	6
villaggio	6
villezzanti	6
vinten	6
vintitræ	6
violentou	6
vitta-forma	6
vivià	6
vixitatô	6
vixitemmo	6
viçedirettô	6
viöla	6
voeite	6
zemisce	6
zena-milan	6
zena-votri	6
zizzoe	6
zoaggi	6
çeimònie	6
çeprian	6
çeramiche	6
çerchian	6
çereale	6
çerneggiou	6
çerniësci	6
çertifican	6
çertificati	6
çertificâ	6
çervelli	6
çinquantedoe	6
çinquantun	6
çircondæ	6
çitaçioin	6
çittadinanse	6
ësisele	6
òbrigo	6
òmmi-fonzo	6
öche	6
ödoî	6
öguandoghe	6
önoou	6
öroa	6
ötöio	6
22mia	5
700mia	5
7mia	5
800mia	5
85mia	5
a6	5
abbadia	5
abbasta	5
abbessii	5
abbiforcæ	5
abbonassâ	5
abborrascou	5
abbrassamenti	5
abbæn	5
abbæran	5
abolî	5
abrogou	5
accapîla	5
accattâghene	5
acciammemmo	5
acciappo	5
acciappâla	5
accompagna	5
accordâme	5
accurtîse	5
accòrte	5
adatti	5
addesce	5
addesciâla	5
addeuviando	5
addeuviâli	5
addomestegou	5
addôçio	5
adorna	5
aerea	5
aeropòrti	5
afao	5
affadigâ	5
affondou	5
aggibbi	5
aggibbâ	5
aggiudicâ	5
aggiustâlo	5
aggiuttine	5
aggiuttâli	5
aggueitan	5
aggueitava	5
agoggia	5
agricola	5
agricole	5
agriòtti	5
alberghi	5
alcòlica	5
aleppo	5
alimentâ	5
allagnâte	5
allagâ	5
allascâ	5
allascâla	5
alleccâ	5
alleitou	5
allimonava	5
allontanamento	5
alluso	5
alternâse	5
ambasciatoî	5
ambasciatô	5
ambasciâ	5
ambientâ	5
ambiti	5
ammancan	5
amministrou	5
ammou	5
ammoutie	5
analoga	5
anarchichi	5
anarchico	5
ancoâ	5
andanie	5
andava	5
andemmosene	5
anghille	5
angoscian	5
angosciâlo	5
aniëscimo	5
annescion	5
annette	5
annonçiâlo	5
antiquâ	5
antropòloga	5
antropòlogo	5
anæme	5
apostòlico	5
appartegnivan	5
appartoî	5
appartâ	5
appaxentæve	5
appissue	5
apprichià	5
approfittou	5
appòxite	5
apreuo	5
arcaica	5
architettònichi	5
armatue	5
armoin	5
arrancâla	5
arrangiâmela	5
arrangiâse	5
arrecommandâghela	5
arrembava	5
arrembâseghe	5
arretia	5
arreversa	5
arrezan	5
arreze	5
arriescie	5
arrigâ	5
arrivavimo	5
arriviò	5
arriësci	5
arroganti	5
arruzzenie	5
arruzzenio	5
arræio	5
articolou	5
artistiche	5
asberruffâ	5
asbrivâ	5
ascada	5
ascemmellæ	5
asciammâ	5
ascidioso	5
ascidiâse	5
ascistie	5
ascurtio	5
aspi	5
aspiran	5
aspëtavi	5
aspëtâve	5
assemblea	5
assequæâ	5
assettâla	5
assoiggiæ	5
assonti	5
assonçioin	5
assosti	5
assoçiâ	5
assunniæ	5
astalla	5
astemio	5
astimman	5
astrofoggiou	5
astræte	5
atei	5
atmosfera	5
attaccâ-replicâ-cattuâ-pescâ	5
attaccâla	5
attaxentite	5
attaxentâ	5
attende	5
atterraggio	5
atterrou	5
attian	5
attortignæ	5
attrovâla	5
attrovâli	5
attrovâne	5
automatiche	5
avaia	5
avaie	5
avansavan	5
avansâme	5
aveiseli	5
aveite	5
aveitela	5
avendone	5
avvantaggian	5
avvantâme	5
avvardæne	5
avvegniva	5
avvertan	5
avvexiña	5
avvilia	5
avvilio	5
açendan	5
açetta	5
bacchezzou	5
badaluffe	5
bagnavan	5
baichi	5
baio	5
ballando	5
ballessan	5
ballonetti	5
ballòttoe	5
bambordia	5
bambòccia	5
bancouti	5
bancäie	5
bancæ	5
bandii	5
barbottou	5
barchezzemmo	5
barda	5
bardenei	5
bardi	5
barricæ	5
barrou	5
baròcchi	5
bastoin	5
bato	5
battaggi	5
battezzava	5
battisela	5
battisene	5
battitene	5
bave	5
be	5
beata	5
beffe	5
beivila	5
bell'aggibbo	5
bell'angiou	5
bell'apparensa	5
bell'inandio	5
bellinate	5
belloa	5
benediçioin	5
beneiti	5
benexisce	5
berödi	5
besavi	5
besiggiâ	5
besiggiâlo	5
besuga	5
beuh	5
bevendo	5
bifora	5
bilie	5
bindâ	5
binäi	5
blòccan	5
boccioei	5
boeña	5
boffou	5
boicottou	5
bolin	5
bollacchi	5
bollavan	5
bollâme	5
bombezza	5
borbonæ	5
boriañe	5
borraxa	5
bottezzo	5
braggiavan	5
braghetton	5
brecche	5
bregadde	5
brevi	5
brughi	5
brummezzo	5
brunie	5
bruttava	5
bruxâghe	5
bruzzivan	5
bräi	5
buffoin	5
bugaixi	5
buggiou	5
buggiæ	5
burlo	5
bäia	5
bätavan	5
bäziñe	5
bäçigalô	5
bæxinou	5
cacca	5
caccalloa	5
caga	5
cagnaro	5
cago	5
caladde	5
callava	5
cammiñe	5
campionati	5
candidava	5
candido	5
candii	5
cangiando	5
cangiandose	5
cannonæ	5
cantautoî	5
cantettavan	5
canòneghe	5
capian	5
capitaliximo	5
cappelliña	5
cappette	5
capîve	5
caraffa	5
carassa	5
carbonê	5
cardinæ	5
carme	5
carregâlo	5
carriere	5
cascebanche	5
caschetto	5
casette	5
cassaræa	5
castagni	5
castighi	5
casòtti	5
catalañe	5
cattuâla	5
cattâne	5
cavagnetto	5
cavarcava	5
cavarcou	5
cavellea	5
cavigge	5
caxonandose	5
caxonià	5
cazzeivimo	5
ch'aisan	5
ch'arrestan	5
ch'arreste	5
ch'arrestian	5
ch'arriesciva	5
ch'arrivessan	5
ch'aspëtemmo	5
ch'attaccan	5
ch'attrovemmo	5
ch'imprendan	5
ch'intremmo	5
cheui	5
cheulloe	5
chinesse	5
ciammâse	5
ciantian	5
ciantiñe	5
cianzei	5
cianzoin	5
cianzuo	5
ciappaieua	5
ciappettou	5
ciappo	5
ciarla	5
ciaschiduña	5
ciattellava	5
ciatti	5
cifre	5
cileña	5
cioccava	5
ciocchesse	5
civili	5
ciætezza	5
ciætezzavan	5
ciætezzou	5
ciömou	5
clicca	5
coccetta	5
coccolli	5
cogniçion	5
coighe	5
collaborâ	5
collañe	5
collocæ	5
comm'eimo	5
commandanti	5
commemorativa	5
commiscionâ	5
commissa	5
communican	5
communiximo	5
compagnavan	5
compatta	5
compatto	5
competuo	5
compindo	5
compivan	5
complesciva	5
complicâ	5
complimenti	5
componian	5
comprendeivan	5
compòsti	5
concludde	5
concluddià	5
concorrense	5
concrete	5
concòrda	5
concòrdan	5
condii	5
condisce	5
condiçionatô	5
condî	5
confermava	5
confeze	5
confrontou	5
confuxoin	5
connette	5
conoscendolo	5
conoscile	5
conoscise	5
conquistemmola	5
conscistenti	5
conseggio-ligure	5
consegnâghelo	5
consegnâli	5
consegnâlo	5
conservoei	5
constituçionali	5
consummava	5
consummi	5
consòl	5
contabile	5
contegnimento	5
contemplava	5
contentavan	5
contentâla	5
contentæ	5
contesci	5
contrabando	5
contradixe	5
contâli	5
convegnian	5
convian	5
convinseiva	5
convinsescimo	5
convinsime	5
conçentran	5
conçentræ	5
coppua	5
coppuo	5
coppâle	5
coraggiosa	5
coraggioso	5
cornetto	5
corpîve	5
correspondeiva	5
correspòsta	5
corrette	5
corrie	5
corrotto	5
cortezzâme	5
cosensa	5
costezzando	5
costezzou	5
costruio	5
coxinieiva	5
coxinæ	5
creando	5
creative	5
cremme	5
creppi	5
creppià	5
crescemmo	5
crestiañe	5
cretiña	5
creuvifeugo	5
crovià	5
crovâ	5
crovîve	5
cruçiæ	5
cuggeiva	5
cuggen-voæ	5
cuggiarâ	5
cupoa	5
cuâla	5
cuâli	5
cäsa	5
cäsou	5
còllan	5
còlle	5
còmmode	5
cös'agge	5
cös'aivimo	5
d'abbrancâse	5
d'abbrassâ	5
d'abitanti	5
d'abrogâ	5
d'accaiâ	5
d'adolescenti	5
d'affrontâ	5
d'aggiuttâla	5
d'agrummi	5
d'agî	5
d'allegria	5
d'allevâli	5
d'amante	5
d'ammassâla	5
d'angosciâme	5
d'anniversäio	5
d'anâlo	5
d'appontellâ	5
d'arba	5
d'arpiniximo	5
d'arrecommandâse	5
d'arresegâ	5
d'arrivâghe	5
d'arriâ	5
d'arzen	5
d'ascciæî	5
d'ascoacciâme	5
d'assascin	5
d'assascinio	5
d'assettâse	5
d'astallâ	5
d'astallâla	5
d'autostradda	5
d'autoî	5
d'aveite	5
d'aveive	5
d'avrigâ	5
d'avvantaggiâ	5
d'avvardâla	5
d'elegansa	5
d'emigraçion	5
d'endego	5
d'erlia	5
d'ertessa	5
d'erto	5
d'esigense	5
d'esperti	5
d'estenscion	5
d'idropixia	5
d'ignoransa	5
d'impegni	5
d'importaçion	5
d'importunâle	5
d'imprendimento	5
d'impîla	5
d'inarâme	5
d'incomprenscioin	5
d'incontrâlo	5
d'indifferensa	5
d'infançia	5
d'inferioritæ	5
d'inguento	5
d'iniçio	5
d'inluxon	5
d'insciâghe	5
d'inscrivise	5
d'inseguessa	5
d'installâ	5
d'interessante	5
d'invençion	5
d'investigaçioin	5
d'inzegno	5
d'inçendi	5
d'inçente	5
d'isteriximo	5
d'occupaçion	5
d'organizzâ	5
d'oçidente	5
d'umanitæ	5
d'ägno	5
d'öchin	5
d'ögui	5
daiemo	5
dechiño	5
deciaro	5
deciarâse	5
decöra	5
dedican	5
dedichesse	5
defendiemo	5
defensoî	5
definitivi	5
definiçioin	5
defonta	5
degne	5
deiva	5
deluddilo	5
demoià	5
demoâseghe	5
denegâghe	5
denonçiemmo	5
denscitæ	5
dentisti	5
dependieiva	5
deponeivan	5
deprescioin	5
dereña	5
derue	5
desabilitæ	5
desandiou	5
desarrembo	5
desarrembou	5
desaugiaddo	5
desavvantaggio	5
desbancava	5
desbarassa	5
desbarassâsene	5
desbolinâ	5
descazzià	5
descciöde	5
descimo	5
desconoscente	5
descoraggio	5
descòmmoda	5
desdicciæ	5
desdæto	5
desfavan	5
desfondoou	5
desfortunâ	5
desgroppâse	5
desgroppæ	5
desgusti	5
despense	5
despeti	5
despixonâ	5
desprexan	5
destaccâghe	5
destappo	5
destillava	5
destornamento	5
desturbâne	5
desventegou	5
detestava	5
dettiò	5
detëgne	5
deuan	5
deuviâne	5
devastava	5
dialettica	5
diciaraçion	5
difeixi	5
dighe	5
diminuçioin	5
dimmeo	5
diplomaçia	5
dirizzila	5
disnemmo	5
disponeiva	5
dispòste	5
disseccâ	5
distingueiva	5
distinta	5
distintivo	5
distribuçioin	5
distræta	5
divorçiou	5
divorçiâ	5
divurgâ	5
dixesci	5
doii	5
domandando	5
domandâmela	5
dominâse	5
dond'ò	5
dormieiva	5
dormii	5
dormîghe	5
dottou	5
dottæ	5
dragon	5
duavan	5
duessan	5
dâli	5
dâmene	5
dâsela	5
dâselo	5
dæghelo	5
dîvene	5
dödê	5
edificâ	5
editô	5
educativa	5
elevou	5
elezzue	5
eliminou	5
ellenistica	5
emblematichi	5
emblemi	5
embrion	5
emissa	5
emoscionæ	5
entuxasmâ	5
equilibrou	5
equilibrâ	5
eròtico	5
escluxi	5
esportâ	5
espoñan	5
espresse	5
estremitæ	5
esòtichi	5
etnie	5
euia	5
euii	5
evidenti	5
executivo	5
exerçitou	5
existeivan	5
existia	5
existî	5
exitaçion	5
extra	5
fabricante	5
fadigan	5
fannilo	5
fantasticou	5
fantaximi	5
farçie	5
fastidiosa	5
faxen	5
faxendome	5
façenda	5
façioin	5
feggin	5
fenoggetto	5
fermandome	5
fermandose	5
fermesse	5
fermiò	5
fermæla	5
ferîne	5
festezzemmo	5
fiaschi	5
fiemmo	5
filipiñe	5
filòsofe	5
finançia	5
finançiava	5
finimenti	5
finîle	5
fiosa	5
firmava	5
fissâlo	5
fissâve	5
fixoterapia	5
fixoterapista	5
fiâsela	5
fiæve	5
foei	5
fondego	5
fonetichi	5
forchetta	5
formali	5
formaçioin	5
fornelli	5
forsellui	5
fortunæ	5
fortuñe	5
franco-spagnòlli	5
franzeivan	5
frattua	5
frattuou	5
frazzæ	5
frequentava	5
frequentemmo	5
frillo	5
frizzeivan	5
fummeghea	5
fâmelo	5
fâtene	5
fælo	5
fòddre	5
gaggetta	5
galletti	5
gallezzou	5
gambin	5
garibaldiña	5
garsoin	5
genavan	5
generalizzou	5
generosa	5
geni	5
geometrichi	5
geometrie	5
gh'accresceivimo	5
gh'addrissa	5
gh'alleve	5
gh'aniei	5
gh'annonçiava	5
gh'appensæ	5
gh'arrecommandan	5
gh'arremba	5
gh'arrembe	5
gh'arresti	5
gh'arrestiæ	5
gh'arreze	5
gh'arrösava	5
gh'arvissan	5
gh'attreuvan	5
gh'attribuiscio	5
gh'attrovava	5
gh'aveivan	5
gh'importieiva	5
gh'infia	5
gh'infiavan	5
gh'inlumina	5
gh'insegna	5
gh'örià	5
ghiâ	5
gianchetta	5
giandonæ	5
giaponeixi	5
giappa	5
giappo	5
giasciou	5
giassi	5
giastemmava	5
gigin	5
gimichie	5
giromie	5
giubileo	5
giudicâli	5
giudiçiäie	5
giurato	5
giurì	5
goe	5
goerni	5
governian	5
grafie	5
grammiçie	5
granfignâme	5
granoin	5
graçioso	5
gremenie	5
gremenii	5
greuppia	5
gruzzo	5
guarîla	5
guastando	5
guernia	5
gustavan	5
gusteivi	5
gòffa	5
gödivimo	5
göga	5
idealizzâ	5
identifica	5
ideologie	5
imaginava	5
imaginäio	5
imagiñite	5
imballâla	5
imbarsamâ	5
imbastio	5
imbibinâ	5
imbragæ	5
imbriægatua	5
imbrægo	5
imita	5
imitou	5
imminente	5
impanæ	5
impatti	5
impaçientâ	5
imperiali	5
impiccâseghe	5
impiegâlo	5
impindo	5
impindose	5
impippa	5
implicæ	5
impoñan	5
imprecaçion	5
imprendando	5
imprendo	5
imprescioin	5
imprescionâ	5
impressa	5
imprestieiva	5
imprestou	5
impronte	5
improvisatoî	5
inaspëtou	5
inauguraçion	5
incallandose	5
incallo	5
incantan	5
incanti	5
inciagou	5
incluso	5
incoerente	5
incontran	5
incoronâ	5
incosciente	5
indefinibili	5
indicæ	5
indirisso	5
indoentou	5
indoentâ	5
inferioritæ	5
infeçion	5
infiæghe	5
informatiche	5
informâme	5
informâve	5
infornâ	5
ingarbuggiæ	5
ingranaggio	5
ingrandiscian	5
ingrasciou	5
inibiçion	5
inibî	5
inlegitima	5
inlezzibile	5
inleçiti	5
inlustran	5
inmattii	5
inmense	5
inmobilizzou	5
inondou	5
inondâ	5
inoscidabile	5
inricchiscian	5
insa	5
insciammaçion	5
insciava	5
inscisteivan	5
inscisti	5
inscistie	5
inscrivise	5
insegnando	5
insenscibile	5
inserio	5
inso	5
inspiava	5
installâ	5
instansa	5
instruîme	5
intaggiæ	5
intatto	5
integrale	5
integrali	5
intemelio	5
intenscificou	5
interessâse	5
intervistou	5
intoppando	5
intortignan	5
intuiçion	5
invadde	5
investigativo	5
invitando	5
inviâte	5
inzëgna	5
inäiou	5
inäiæ	5
inçertessa	5
ipersònichi	5
ipotizza	5
iròniche	5
isoante	5
isræle-iran	5
isterica	5
italia-svissera	5
ixidöo	5
l'abimmo	5
l'accattava	5
l'acciantava	5
l'acciappi	5
l'accobbio	5
l'accoegava	5
l'accompagnamento	5
l'acconseggian	5
l'acconsentiva	5
l'adattava	5
l'addescian	5
l'adeliña	5
l'adolescensa	5
l'affanno	5
l'affrontava	5
l'agiaxo	5
l'allögia	5
l'ambulacro	5
l'andria	5
l'angiou	5
l'angolo	5
l'angosci	5
l'angoscia	5
l'annasta	5
l'annonçiâ	5
l'annotaçion	5
l'ansa	5
l'antiçipe	5
l'appascioña	5
l'appaxenta	5
l'apponta	5
l'arasso	5
l'arbanella	5
l'armonia	5
l'arrangia	5
l'arrecuggeiva	5
l'arregordava	5
l'arregordæ	5
l'arrembava	5
l'arremedia	5
l'arrisso	5
l'arroiña	5
l'arrösa	5
l'artefava	5
l'arvî	5
l'asbascesse	5
l'ascciæisce	5
l'ascia	5
l'ascidiava	5
l'ascordiò	5
l'ascòrdan	5
l'assegna	5
l'astalla	5
l'atlantico	5
l'attia	5
l'aumenta	5
l'australian	5
l'autorizza	5
l'avariçia	5
l'avemaia	5
l'aviaçion	5
l'avvertiva	5
l'avvexinamento	5
l'azzonzieiva	5
l'egiçian	5
l'emiscion	5
l'endego	5
l'eroxon	5
l'escluxon	5
l'estende	5
l'estremitæ	5
l'estremmo	5
l'eterna	5
l'evidente	5
l'examiña	5
l'exerçitava	5
l'exibisce	5
l'exibiva	5
l'eòlico	5
l'icoña	5
l'imaginäio	5
l'imbarassa	5
l'imbeviava	5
l'imbottiggia	5
l'imbreuggia	5
l'imbroggiava	5
l'imbròggia	5
l'imparçialitæ	5
l'impasta	5
l'impermeabile	5
l'impianto	5
l'imponeiva	5
l'importaçion	5
l'improvisaçion	5
l'inalaçion	5
l'incarrega	5
l'incontresse	5
l'indagâ	5
l'indian	5
l'individuo	5
l'industriale	5
l'infame	5
l'infiava	5
l'infonde	5
l'informa	5
l'ingancia	5
l'inguggeiva	5
l'inricchià	5
l'inscinua	5
l'inse	5
l'insordiva	5
l'inspia	5
l'integritæ	5
l'interrompivan	5
l'intervegnià	5
l'intoppava	5
l'intoppavan	5
l'intoppo	5
l'intresse	5
l'intuiçion	5
l'invençion	5
l'invexendava	5
l'omofonia	5
l'ondezzava	5
l'opçion	5
l'originäia	5
l'ottava	5
l'umeo	5
l'unisce	5
l'unzen	5
l'æguadda	5
l'òçio	5
lasca	5
lascemmoghe	5
lasciei	5
lasciâsene	5
lasciæli	5
lasciæmeghe	5
lauree	5
lave	5
lavâla	5
lavælo	5
leccâseghe	5
leccæse	5
leccæso	5
legatäi	5
leivi	5
lenguaggi	5
levemmoli	5
levitele	5
levâghelo	5
levâsele	5
levâselo	5
lezzemmo	5
lezzue	5
liberale	5
liberaliximo	5
liberava	5
liberâlo	5
ligandose	5
lighe	5
ligneue	5
limonata	5
liniare	5
liofante	5
lisciandra	5
liçensiâ	5
loa	5
loassi	5
londra-scingapô	5
luddro	5
lòcci	5
lòccilo	5
lògica	5
lòtti	5
lödava	5
m'accompagnava	5
m'addescesse	5
m'affermià	5
m'allevava	5
m'angosciâ	5
m'appaxentava	5
m'appöse	5
m'arranca	5
m'arrendiò	5
m'arrentiscio	5
m'arrivava	5
m'aspëtavan	5
m'assegua	5
m'astëgno	5
m'attrovava	5
m'aveiva	5
m'avessan	5
m'avieivan	5
m'impediva	5
m'inandiava	5
m'invitesci	5
m'obrighesse	5
m'offende	5
magnasco	5
maiâle	5
maiâli	5
maiçiosa	5
malexia	5
malta	5
manchiæ	5
mandibola	5
mandieiva	5
mandime	5
mandâghelo	5
mangeuia	5
mangiando	5
mangiâsela	5
mangiâselo	5
mantegnîsea	5
marce	5
marçiale	5
mascce	5
massoin	5
mastin	5
maternitæ	5
maxellava	5
maxinava	5
mazzinien	5
medagge	5
mediatô	5
meigranæ	5
meisao	5
meitieivan	5
meloin	5
melòdica	5
menassâlo	5
mende	5
menissi	5
mensunæ	5
mentan	5
merella	5
merli	5
mescciue	5
mesuoei	5
metalliche	5
meteorològiche	5
meteoròlogo	5
mettighene	5
miili	5
milionäi	5
milleneuveçentoçinquantun	5
millenäio	5
mimose	5
ministëi	5
miscionäia	5
mocche	5
moccio	5
modificâ	5
moisse	5
mollava	5
mollâse	5
moltiplicâ	5
montando	5
montesse	5
morscellâ	5
mortuäio	5
mossulmoen	5
mostrandoghe	5
mostravan	5
mostremmo	5
mostrian	5
mostrâla	5
multinaçionale	5
multipli	5
mäfiadda	5
mäfiaddo	5
mätrattava	5
mëgâlo	5
mòllan	5
möe	5
n'accorzei	5
n'aggueitan	5
n'aisan	5
n'andemmo	5
n'anieiva	5
n'aniæ	5
n'approfitta	5
n'approfittiò	5
n'arranca	5
n'arregòrda	5
n'arrestemmo	5
n'ascòrdi	5
n'attrovava	5
n'aveiva	5
n'aveivi	5
n'avian	5
n'avià	5
n'avvardo	5
n'avvisesci	5
n'intaggiavan	5
n'intendo	5
n'intissa	5
naixâ	5
nataliçi	5
nativa	5
navegavi	5
nazista	5
nego	5
nervose	5
nespoe	5
nesse	5
nettezzava	5
nettezze	5
nettezzâse	5
neuan	5
nevadda	5
nevesse	5
nobilitou	5
novantetrei	5
nucleo	5
nònno	5
obediscian	5
oexin	5
offeixi	5
offenscivi	5
offiçiali	5
offiçiña	5
offrîgheli	5
olimpica	5
olimpico	5
omiscion	5
onnipotensa	5
operæ	5
oppoñise	5
oratô	5
organiximi	5
organizzan	5
orribile	5
orribili	5
orroî	5
ortopediche	5
oscigeno	5
ottanteneuve	5
paggian	5
pagâle	5
pagâli	5
pagâme	5
pandoçi	5
panera	5
panorami	5
papavao	5
paralitica	5
parlæme	5
parmâ	5
paròchie	5
pascio	5
pasciva	5
passaggea	5
passighe	5
passâne	5
pastissea	5
pastorale	5
patansciavan	5
pativan	5
patriòttica	5
pattezzo	5
peigose	5
peise	5
pelleuia	5
pelucchi	5
penali	5
pendalòcco	5
penisoe	5
pennelli	5
pennellæ	5
percore	5
percorrivan	5
perdei	5
perdonesse	5
perfeçioin	5
periòdiche	5
permettieivan	5
permettiselo	5
permiscion	5
persecuçioin	5
perseguita	5
perturbâ	5
perçepio	5
pesavan	5
pesche	5
pescimi	5
pesià	5
pesoña	5
pessâ	5
pestummi	5
peteni	5
peti	5
pezoæ	5
piccâse	5
piccòssa	5
piggiâsea	5
pillastræ	5
pippe	5
pirolitta	5
pisce	5
piste	5
pittuæ	5
pittâme	5
platò	5
platònica	5
poasse	5
poatue	5
poeine	5
poele	5
poendoveghe	5
poetiche	5
policlinica	5
pompe	5
pompermo	5
pontavan	5
ponzeivan	5
popolaçioin	5
popolæ	5
poppe	5
portavimo	5
portee	5
portelli	5
portivene	5
portâghela	5
portâghelo	5
portâselo	5
possescioin	5
possescivo	5
prattican	5
preboggion	5
precäi	5
predican	5
prefondemmo	5
prefondou	5
preghessan	5
pregâghe	5
pregâli	5
pregâme	5
preindustriale	5
preinoudo	5
prenòtta	5
preoccupâme	5
presento	5
presentâme	5
preseppi	5
preuvi	5
preçixoin	5
priaroggia	5
primmee	5
primmô	5
privava	5
procue	5
proe	5
profescioin	5
profonde	5
profumma	5
profummava	5
progrescivi	5
proibia	5
proibiscio	5
proibiva	5
proietta	5
promissi	5
promoveiva	5
promoçioin	5
prononçie	5
prostituta	5
protestan	5
protesto	5
protezila	5
pròvoche	5
pubrican	5
pubriçitäia	5
pugnatton	5
pui	5
puniçioin	5
pëtenatue	5
pëtenæ	5
pòrtila	5
pòrzan	5
pôsin	5
pôtroñe	5
pösandole	5
pösilo	5
pötroña	5
pötroñe	5
quaccia	5
quand'aviò	5
quant'an	5
quarantun	5
quarti	5
quattr'e	5
quattro-çinqueçento	5
quattroçentosciusciantedoî	5
quell'ambiente	5
quell'ase	5
quell'emigraçion	5
quell'erco	5
quell'imbròggio	5
quell'incarrego	5
quell'insemme	5
quell'oegia	5
quell'orso	5
quest'arneise	5
quest'atro	5
quetava	5
racconta	5
radunou	5
raixi	5
rallentâ	5
ranghezzando	5
rangogna	5
rangognâ	5
rapidi	5
rapitô	5
rapresente	5
rapîte	5
rassegna	5
rassegnià	5
rassegnâse	5
ratifica	5
rattellemmo	5
rattellâve	5
rattin	5
raxonando	5
razzonzilo	5
razzonzià	5
realistico	5
reanimaçion	5
rebellâse	5
recangiâ	5
recazze	5
reclam	5
recompoñe	5
reconoscemmo	5
reconstruto	5
redoggiâ	5
referense	5
reflesse	5
refletti	5
refreschi	5
refuemmo	5
refuggiou	5
refuià	5
regaggia	5
regaggii	5
regallâne	5
regallâveli	5
reganisso	5
regattavan	5
regazzificatoî	5
registe	5
regnou	5
regordou	5
reisegoxi	5
relativo	5
remacciâ	5
remenando	5
remescian	5
remescion	5
remettise	5
remisso	5
remma	5
remmava	5
remmi	5
remondou	5
remondâ	5
remontià	5
rendei	5
rendine	5
repassou	5
repiggiâle	5
replicâli	5
reputaçioin	5
requixito	5
rescidençiale	5
rescignemmo	5
rescioan	5
rescistense	5
resegondou	5
resolveiva	5
respettava	5
respettavan	5
respiou	5
respondeime	5
restiò	5
restâghe	5
resunnava	5
resòlta	5
rettangoli	5
rettili	5
reuito	5
revegnî	5
reverdixe	5
reversci	5
revoluçionäi	5
rezise	5
reçeivo	5
reçitavimo	5
ricella	5
ricò	5
riesciei	5
rigorosa	5
rinforsesci	5
rinforsâse	5
rinfòrsci	5
ringraçiâlo	5
ripeteiva	5
risente	5
risparmiou	5
risparmiâ	5
rià	5
rombi	5
romeña	5
rompissan	5
rompisse	5
rondezzou	5
ronfava	5
rosiggiæ	5
rottue	5
rozzo	5
rudeghe	5
ruffian	5
rusca	5
ruspo	5
rusteghe	5
ruxentou	5
s'abbaste	5
s'addeuviava	5
s'aggrava	5
s'aise	5
s'allontanesse	5
s'ambiva	5
s'ammoutisce	5
s'angoscia	5
s'aniæ	5
s'arrangia	5
s'arrangian	5
s'arrangià	5
s'arregòrdan	5
s'arrentisce	5
s'arruxentava	5
s'asbriesse	5
s'ascramañan	5
s'ascädava	5
s'asmortava	5
s'asprescian	5
s'asseguan	5
s'assomeggesse	5
s'astegnisse	5
s'attrovesse	5
s'aviò	5
s'avvexinavan	5
s'açetta	5
s'exerçitemmo	5
s'impegnan	5
s'incarreghe	5
s'incontressan	5
s'infia	5
s'inmæxima	5
s'inseisce	5
s'inspia	5
s'intrava	5
s'inventa	5
s'invexendava	5
s'inzenoggiava	5
sacceime	5
sacciui	5
sacramento	5
sacramentâ	5
sagrinou	5
saiâ	5
salue	5
sambaion	5
sante	5
santuäi	5
sarda	5
sarmaxa	5
sarmaxo	5
saviei	5
savoiardi	5
savoie	5
sbalia	5
sbalian	5
sbarcâne	5
sbiascia	5
sbrattæ	5
scainæ	5
scambello	5
scampava	5
scandalizza	5
scandalizzæ	5
scangi	5
scannessan	5
scarsezzavan	5
scatoasse	5
scciaña	5
sccioindoghe	5
scciuppavimo	5
scciuppoin	5
scenezzatoî	5
scerbamento	5
schermi	5
scheussa	5
schitte	5
schitti	5
schivâme	5
sciacchi	5
sciaccæle	5
sciallou	5
sciammadda	5
sciati	5
sciatoî	5
sciensiati	5
scigillâli	5
scignificou	5
scigoava	5
scimbòliche	5
scintagmi	5
scintattico	5
sciortiæ	5
scipäi	5
scirvia	5
sciugava	5
sciugælo	5
sciusciantedoî	5
sciusciantun	5
sciusciæve	5
sciæ	5
sciò	5
sciòrboa	5
scoe	5
scombattei	5
scombattemmo	5
scominiga	5
scompartieivan	5
scompartîne	5
scompassa	5
scompia	5
scontrava	5
scontrian	5
scontrâse	5
sconzuâ	5
scorrivan	5
scoverte	5
scrivesse	5
scriviei	5
scrivite	5
scrollæve	5
scrovià	5
scròssoa	5
scuggesse	5
scuggiavi	5
scuggiæ	5
scurtô	5
scuveiva	5
scòrde	5
scöpi	5
seduçion	5
segmento	5
segnalâve	5
semeggeivi	5
semenavan	5
semeñan	5
sensâ	5
sensô	5
separou	5
seportue	5
serressan	5
servîme	5
sessualitæ	5
settanteneuve	5
seuxoi	5
sforsemmo	5
sfrixâ	5
sfrütæ	5
sfummâ	5
sghindâlo	5
sgranfigna	5
sgreio	5
sgreuzzi	5
sgrigoe	5
sguarilo	5
sguassosa	5
singai	5
siæn	5
smangiou	5
smaxia	5
smaxio	5
smòrfia	5
sobaccâ	5
sobbaccâ	5
soddisfæti	5
soffocando	5
soggettose	5
somministrâ	5
sommäio	5
sonnifero	5
sopportava	5
sopraña	5
sorchetto	5
sorfano	5
sorveggiou	5
sospettian	5
sostegnîlo	5
sostëgni	5
sotterranea	5
sovercia	5
sovvegnî	5
spampaggiæ	5
spandeiva	5
spandeivan	5
spantegandose	5
spantegâse	5
sparando	5
spartîle	5
spasse	5
spassoie	5
spaximou	5
spegassi	5
spellan	5
spellinsegou	5
sperimentali	5
sperimentaçion	5
speron	5
sperse	5
spettatô	5
spettisce	5
speçifichemmo	5
spieghemmo	5
spiegâse	5
spinzan	5
sporzeivan	5
sposieivan	5
spotorno-nöi	5
spremmue	5
sproin	5
spussi	5
spussolente	5
spæghi	5
spëgiâseghe	5
squarsâ	5
squasci	5
st'accòrdio	5
st'affascinante	5
st'avvegnî	5
st'ediçion	5
st'euio	5
st'inferno	5
st'intervento	5
st'invençion	5
st'istöia	5
st'operaçion	5
st'oraçion	5
st'unica	5
stabili	5
staccan	5
stagioin	5
staieivan	5
staiësci	5
stancan	5
standardizzou	5
stanghe	5
stanne	5
stattene	5
stecco	5
stitichessa	5
stive	5
stiägnâ	5
straboccou	5
straccoi	5
stragedie	5
stralunou	5
strangoava	5
stranscia	5
strapontin	5
strassou	5
strassæ	5
strenzeivimo	5
streppellou	5
streppoin	5
strillin	5
strisciava	5
strofoggi	5
strosciou	5
studiosa	5
studiò	5
stuffi	5
stâne	5
stâtela	5
stæghelo	5
stòrico-artistica	5
successoî	5
succælo	5
sucide	5
suggestioin	5
sui	5
sunnæ	5
supeioe	5
superstiçiosa	5
suppoxiçion	5
suppòsta	5
supricheive	5
suscistensa	5
sussan	5
sussou	5
suô	5
svampî	5
svarsci	5
sviluppian	5
sviluppæ	5
sätemmo	5
sätià	5
sòlidi	5
t'accompagne	5
t'accompagniò	5
t'accòrzi	5
t'addeuvi	5
t'aise	5
t'ammassan	5
t'arregòrdo	5
t'arreste	5
t'arrestiæ	5
t'ascordiæ	5
t'asseguo	5
t'atterri	5
t'avvexiñi	5
t'imbelliñi	5
taccon	5
taggilo	5
taggiâla	5
taggiâne	5
taggiâse	5
tangai	5
tappessaia	5
tappou	5
taròcco	5
tavolin	5
taxeivan	5
tecci	5
teccioso	5
tegnieiva	5
tegniemo	5
tegnivi	5
tegnîgheli	5
tegnîseo	5
temmanse	5
tendo	5
tenzi	5
tenzoei	5
territoriale	5
testardo	5
teusceghi	5
tiavimo	5
timbræ	5
timonê	5
tipològica	5
tiâli	5
tiâne	5
tiæme	5
toccâle	5
toccâme	5
todesche	5
tombou	5
tormentava	5
tortoña	5
tortue	5
tovagge	5
tra-o	5
trabocchetto	5
traduxi	5
trafegava	5
tramandava	5
tramontañe	5
tranquillava	5
transmisso	5
tranxiti	5
trapen	5
trascuià	5
trascuæ	5
trasferio	5
trasportavan	5
trasportæ	5
trategnui	5
trattiemo	5
trattâse	5
travaggiò	5
traversando	5
treiquartisto	5
trentedoe	5
trentequattro	5
trillavan	5
tristesse	5
trofiette	5
tronâ	5
tropicali	5
trovandome	5
trovesci	5
trovià	5
trovâne	5
truta	5
turbolenti	5
tuvio	5
tämasso	5
umen	5
umidi	5
unimmose	5
unindo	5
universcitäie	5
unn'affermaçion	5
unn'agoggiâ	5
unn'agrua	5
unn'amixiçia	5
unn'ampolla	5
unn'ancoa	5
unn'ania	5
unn'ançiaña	5
unn'applicaçion	5
unn'aquila	5
unn'arva	5
unn'ascia	5
unn'asseguaçion	5
unn'assonçion	5
unn'esageraçion	5
unn'espanscion	5
unn'imbarcaçion	5
unn'impoxiçion	5
unn'imprenditoa	5
unn'incurscion	5
unn'iniçiativa	5
unn'inspiaçion	5
unn'integraçion	5
unn'interrogaçion	5
unn'ortografia	5
unn'osservaçion	5
unn'ossescion	5
unn'öca	5
unzen	5
unzeximo	5
v'accapita	5
v'aggradisse	5
v'ammia	5
v'arvo	5
v'avviæ	5
v'ei	5
vaccinâse	5
vago	5
vaigòtti	5
vaite	5
valençiañe	5
validæ	5
valorizzâne	5
vamme	5
vanta	5
variavan	5
variâ	5
veddendolo	5
veddendose	5
veddrâ	5
veggea	5
veggiaia	5
vegnîsene	5
vendette	5
vendo	5
veneta	5
ventilatô	5
ventre	5
vergognou	5
vergognâme	5
vergognâte	5
vernenga	5
versava	5
vexinanse	5
viavinti	5
viaxa	5
villen	5
vintidoe	5
violentatô	5
vitalitæ	5
vivile	5
viviò	5
vixia	5
vixitavan	5
vixiva	5
viægiatô	5
viægiæ	5
volanti	5
vorgæ	5
vortando	5
votava	5
vuâla	5
vê	5
xandarmi	5
xanni	5
xattâghe	5
zembi	5
zeminian	5
zemî	5
zenziggio	5
zoenòtta	5
zontua	5
zuavi	5
zubbo	5
zughiemo	5
zughiæ	5
zugâlo	5
æh	5
çelesti	5
çentodexe	5
çentodoî	5
çentoquattro	5
çentosciusciantesette	5
çentovintidoî	5
çentoçinquantesëi	5
çentro-italiaña	5
çentrocampista	5
çeppe	5
çercavi	5
çerchessan	5
çernei	5
çerneiva	5
çernià	5
çessæ	5
çicatrixe	5
çigheugna	5
çinquanteneuve	5
çinquanteximo	5
çinsa	5
çitta	5
çivilizzæ	5
ësite	5
ïsan	5
òccupan	5
òpere	5
òpia	5
òrco	5
öguâghe	5
ötunni	5
175mia	4
220mia	4
25mia	4
33mia	4
73mia	4
750mia	4
80mia	4
abbarlugâme	4
abbattilo	4
abbattue	4
abbattui	4
abbegæ	4
abberrâ	4
abbertoelou	4
abboccamento	4
abboccheive	4
abbonamenti	4
abbonæ	4
abbordou	4
abbrascâ	4
abile	4
abimmi	4
abolia	4
abolio	4
abordî	4
abuxiva	4
abuxivi	4
abötia	4
abötio	4
acca	4
accattiò	4
accattâle	4
accettou	4
accheuggili	4
acciamman	4
acciammælo	4
acciappiò	4
accompagnâme	4
acconseggiâme	4
acconto	4
accusâ	4
accusâlo	4
accusæ	4
accuâ	4
accòrzimene	4
adattâme	4
addenta	4
addentâlo	4
addeuttâ	4
addivinou	4
addiçion	4
addormie	4
adduto	4
adorava	4
adottæ	4
adrian	4
adulto	4
aeroplan-elicòttero	4
affamiggiâse	4
affermæveghe	4
affeçionâme	4
affio	4
affosi	4
affrontâle	4
aggiuttavan	4
aggiuttælo	4
aggroppæ	4
agguantâme	4
agguantæve	4
aggueitâle	4
agrecchi	4
agusse	4
agusso	4
alcòliche	4
alescia	4
allagamento	4
allamentâse	4
allegrie	4
allenou	4
allevi	4
allevighe	4
allonghimmo	4
allongæ	4
allugæ	4
allögiâ	4
alternativi	4
amaretti	4
ambiçiose	4
ambra	4
amigheive	4
amixitæ	4
ammagagnæ	4
ammaloccou	4
ammancæ	4
ammassi	4
amme	4
ammegioâ	4
ammermavan	4
ammiandome	4
ammiandose	4
ammiavimo	4
amministrativo	4
ammiæli	4
ammoccou	4
ammoccâ	4
ammonîlo	4
ammuggiâli	4
ammâlo	4
ammæ	4
amoe	4
amoî	4
anandoghe	4
ancoa	4
andavimo	4
andian	4
andævene	4
anesse	4
angeinin	4
anglican	4
angolo	4
angæzi	4
annaixâ	4
annesso	4
anniversäi	4
annotaçion	4
ansciavan	4
ansciou	4
ansciâ	4
antiquæ	4
antisemiti	4
anâtela	4
ançiañe	4
aperitivo	4
appartoii	4
appartou	4
appartëgne	4
appaxentite	4
appaxentou	4
appaxentæ	4
appetitti	4
appiccou	4
appissuo	4
appontellou	4
appontâme	4
appoxi	4
appricaçion	4
appricou	4
approfondîla	4
approscimativo	4
appægia	4
appægiou	4
arabia	4
arascin	4
arbi	4
arboe	4
archeològichi	4
architetto	4
archiviou	4
ardii	4
are	4
aritmetica	4
arrampegou	4
arrangemmo	4
arrangiâve	4
arrasou	4
arrecampæ	4
arrecommandava	4
arrecoviæ	4
arregòrdighe	4
arregòrdighelo	4
arreisegan	4
arrembando	4
arrembandose	4
arrendise	4
arrendive	4
arrensenî	4
arrentio	4
arrestæghe	4
arrezime	4
arrigoâse	4
arrio	4
arriondâ	4
arriâ	4
arriæ	4
arriëscian	4
arroiniò	4
arrollâse	4
arruxentæ	4
arrösâme	4
arvilo	4
arviva	4
asbironæ	4
asbrivæ	4
asbriâle	4
ascciæisci	4
ascelle	4
asciammou	4
ascie	4
asciurdi	4
ascondendose	4
ascondi	4
ascondili	4
ascondine	4
ascordâve	4
ascroccognæ	4
asilo	4
aspia	4
aspirâ	4
aspresciâme	4
aspresciæve	4
assasciñe	4
assaxonæ	4
assazza	4
assazzilo	4
assazzæ	4
asseguâghe	4
asseguâlo	4
asseguâte	4
asseguâve	4
assettan	4
assomeggiou	4
assostæ	4
assoçiæ	4
assummise	4
assuppæ	4
astegnîse	4
astemia	4
astimmoei	4
astrego	4
astreite	4
atlete	4
atletiche	4
atr'anno	4
attappâ	4
atteise	4
attendili	4
attestaçioin	4
attoe	4
attraccâ	4
attribuiscio	4
attribuîse	4
attroviæ	4
attroviò	4
attuscegou	4
australian	4
autodeterminaçion	4
autonomie	4
autòcrati	4
autònomi	4
aveighelo	4
avertamente	4
avrigâ	4
avvantaggiâ	4
avvexinâveghe	4
avvisto	4
avvisâla	4
avviçiou	4
aväi	4
avöio	4
aximâ	4
azzerbâ	4
azzonzeivan	4
açendendose	4
açervellâse	4
açidentâ	4
açidi	4
aòsso	4
baccañe	4
bacillo	4
bagnandoghene	4
bagnieiva	4
baiavan	4
ballâghe	4
banastre	4
bansiga	4
baracchin	4
barbacii	4
barban	4
barboin	4
barcasse	4
barchetta	4
barlugoin	4
baronda	4
barselletta	4
baròcche	4
basket	4
bassorilievo	4
bastavan	4
bastesse	4
bata	4
battaggioin	4
batteivene	4
battezzi	4
battezzià	4
battili	4
battite	4
baxe	4
bazzaña	4
baçezza	4
becciata	4
becciava	4
becciæ	4
beghiña	4
bell'ödô	4
belliña	4
benedisse	4
benexîla	4
besantiña	4
besiggiavan	4
besiggiâse	4
besiggiâte	4
besinscio	4
bestenti	4
bestentâ	4
besugnou	4
beutte	4
beutto	4
beuxo	4
beviæn	4
biaximâli	4
bibliotecäio	4
binde	4
biològica	4
biscezzou	4
bistecca	4
bit	4
biteghe	4
bitiro	4
bixa	4
bizare	4
bleuastro	4
bocciæ	4
bocconæ	4
boffuo	4
boggîlo	4
boghezzo	4
boliccia	4
bollitiga	4
bollitighi	4
bonellañe	4
borboña	4
borghexie	4
borricco	4
bosco	4
bottasso	4
bottezzava	4
bottue	4
bozzi	4
brancæ	4
braxilien	4
brevettâ	4
brignon	4
brigoa	4
brixe	4
bronchi	4
bruschiscio	4
bruttâse	4
bruzze	4
bròtti	4
budeghi	4
buffê	4
bugæ	4
bulle	4
burgaa	4
buscioe	4
buscou	4
buttava	4
böro	4
böxardaia	4
cacceuia	4
cacciavia	4
cacciei	4
caccili	4
cacciâle	4
cacciâve	4
cafeiña	4
cagne	4
caiccio	4
caistiose	4
calamitta	4
calamitte	4
californien	4
callao	4
calunniou	4
camallâ	4
camminiemo	4
camoggi-san	4
campa	4
campanella	4
campanne	4
campen	4
campus	4
canadeixi	4
cancai	4
candidan	4
candidian	4
cangemmose	4
cangieiva	4
cangite	4
cangiâla	4
cannelli	4
cantabruña	4
cantemmo	4
cantonee	4
capii	4
capitalismo	4
cappusso	4
carcagna	4
carcolou	4
cardæñe	4
carmi	4
carroggetti	4
carræa	4
cartonetto	4
carzeu	4
casa-museo	4
casse	4
castagnou	4
castellañe	4
castighià	4
catren	4
cattainetta	4
cattainette	4
cattivëie	4
cattuava	4
cattâla	4
catòliche	4
cavagna	4
cavallerissa	4
caòtico	4
cegava	4
cegavimo	4
centa	4
ceppo	4
ceuvighe	4
ch'accatte	4
ch'ammancan	4
ch'analizzæ	4
ch'andava	4
ch'anessan	4
ch'arrestavan	4
ch'arvimmo	4
ch'asmòrte	4
ch'attrovæ	4
ch'aveiva	4
ch'avvertivan	4
ch'açettan	4
ch'esallavan	4
ch'incornixemmo	4
ch'ingròscian	4
cheuggili	4
cheuxighe	4
chinando	4
chinandose	4
ciaciarou	4
ciammemmolo	4
ciammiemo	4
ciammile	4
cianelli	4
ciantapoffi	4
ciantemmola	4
ciantià	4
cianzeivimo	4
cianzieiva	4
cianzua	4
cianzue	4
ciappetti	4
ciappussâ	4
ciarbottou	4
ciarnea	4
ciassette	4
ciava	4
ciavæña	4
cicagna	4
cimbra	4
cioccavan	4
cioccæ	4
cirollon	4
ciumentâ	4
ciæabella	4
ciætosa	4
ciòccan	4
ciòcche	4
ciösi	4
coa-a	4
coapasta	4
coccette	4
coieu	4
coiga	4
coiosou	4
collava	4
collettivi	4
collâle	4
collâne	4
colombia	4
colonizzaçion	4
colonizzou	4
coloræ	4
colturali	4
combaxâ	4
combinava	4
combiniemo	4
combinâlo	4
combinæ	4
combustibile	4
comensian	4
comete	4
comiçi	4
comm'aviæ	4
commandandoghe	4
commandavan	4
commandià	4
commemoraçioin	4
commentatoî	4
commentava	4
commentavimo	4
commentâlo	4
commetteiva	4
commettieiva	4
commettilo	4
comparou	4
comparsa	4
comparse	4
compensa	4
compense	4
compensià	4
compensâte	4
competenti	4
compiaxeiva	4
complicaçioin	4
complicaçion	4
comportian	4
comportiò	4
compoxitoî	4
comprendeiva	4
compricava	4
compricaçioin	4
comprovâ	4
conclusa	4
condannava	4
condannian	4
condiggioin	4
condimento	4
conduttoî	4
conferiscian	4
confermiemo	4
confessan	4
confessoî	4
confessâlo	4
confeçionou	4
confiando	4
confondeivan	4
congelâ	4
conlabora	4
connetteiva	4
conosciæ	4
conquistâlo	4
conscideriò	4
consciderâlo	4
conscistan	4
conseggiâla	4
consegnandolo	4
consegne	4
consegnâgheli	4
consentià	4
conservava	4
conservo	4
conservâle	4
conso	4
consonanse	4
constituiscian	4
constituivan	4
constituçionalitæ	4
constreita	4
constrenze	4
constrenzise	4
construilo	4
consultaçioin	4
consultaçion	4
consultou	4
consurtâme	4
contaminou	4
contatta	4
contattâme	4
contattæ	4
contemplaçion	4
contentieiva	4
contentiò	4
contentâli	4
contestan	4
contestava	4
contieivan	4
contighe	4
contornâ	4
contradittöia	4
contradittöie	4
contradixi	4
contradîse	4
contrapeiso	4
contratempi	4
contratti	4
contravençioin	4
contribuie	4
contribuivan	4
contâseli	4
contæne	4
convalidemmo	4
convegnui	4
convegnî	4
convençioin	4
convertan	4
convertîlo	4
convinsili	4
convinsive	4
convurscion	4
conçesso	4
coordinâ	4
copiou	4
copiæ	4
coppi	4
coppo	4
coppui	4
coppâ	4
coreaña	4
cornagge	4
cornetta	4
corniggiòtta	4
cornixoin	4
cornâ	4
corpimmo	4
corpiscian	4
correspondessan	4
correzan	4
correzi	4
correzo	4
correzza	4
correzzin	4
corrieiva	4
corrisse	4
corrivimo	4
corrompe	4
corscie	4
corscivo	4
cortivemmo	4
costosa	4
costæ	4
cotidien	4
covertiñe	4
coxinemmo	4
coxiñi	4
coæosa	4
creativi	4
creddiei	4
creddieivan	4
cremoña	4
crense	4
crescendo	4
crescenti	4
crescià	4
crestalli	4
cretta	4
creuso	4
creâse	4
criavimo	4
criemmo	4
cristallizzou	4
cristien	4
criæ	4
crovou	4
crovâghe	4
crovîghe	4
cubba	4
cuggemmone	4
curlo	4
cuxan	4
cuxivan	4
cädessedda	4
cäfatto	4
cäçiñe	4
cöoscioî	4
cös'intravegniva	4
d'abberrâ	4
d'abbrancâ	4
d'abbrassâla	4
d'accattâle	4
d'acconsâ	4
d'accuse	4
d'addentâ	4
d'addormîme	4
d'addormîse	4
d'addôçîme	4
d'aggroppâghe	4
d'agriòtti	4
d'allargâve	4
d'allegrie	4
d'allevâghe	4
d'allontanamento	4
d'allugâ	4
d'allugâla	4
d'alteraçion	4
d'amandoa	4
d'ammenestrâ	4
d'ammiâve	4
d'ammâse	4
d'angeo	4
d'angoscia	4
d'appensâme	4
d'approfittâ	4
d'areuscia	4
d'arpon	4
d'arrecampâse	4
d'arrembo	4
d'arretiâse	4
d'arrivi	4
d'arroinâse	4
d'articiòcche	4
d'artista	4
d'asbriâse	4
d'asci	4
d'ascidio	4
d'ascidiâse	4
d'asia	4
d'aspëtâlo	4
d'assascinâ	4
d'assegnaçion	4
d'asseguaçioin	4
d'asseguâghe	4
d'assostâse	4
d'assotterrâ	4
d'ateñe	4
d'attissâ	4
d'attiâse	4
d'austria	4
d'aveile	4
d'avie	4
d'avvardâse	4
d'açimentâlo	4
d'economia	4
d'ecuadorien	4
d'emiscion	4
d'erze	4
d'eternitæ	4
d'euggiæ	4
d'euttoçento	4
d'examinâli	4
d'existensa	4
d'imaginâse	4
d'impedî	4
d'importante	4
d'imputaçion	4
d'impîghe	4
d'inandio	4
d'inandiâla	4
d'inattivitæ	4
d'incontrâve	4
d'indefinibile	4
d'india	4
d'inflaçion	4
d'ingannâlo	4
d'ingheuggise	4
d'inmigraçion	4
d'innamoâme	4
d'inregolaritæ	4
d'insordîme	4
d'inspiraçion	4
d'intençioin	4
d'intrâghe	4
d'invadde	4
d'inzegneria	4
d'obrigaçioin	4
d'occupaçioin	4
d'offendise	4
d'ombre	4
d'ombrighi	4
d'ommetti	4
d'ongaia	4
d'operäi	4
d'organizzâse	4
d'ormezzo	4
d'ortighe	4
d'ossescion	4
d'ostacoli	4
d'ostaggi	4
d'oâ	4
d'udiensa	4
d'umiditæ	4
d'öi	4
daggæsa	4
damaschine	4
daneixi	4
dannou	4
danuvio	4
datâ	4
decafeinou	4
decantâ	4
decheutti	4
decreto-lezze	4
dedicâlo	4
dedicâte	4
defendeivan	4
defendilo	4
defensciva	4
defensoa	4
definiscian	4
degenerou	4
degenerâ	4
delia	4
delibere	4
delicatesse	4
deliniâ	4
deluxi	4
demografica	4
demostrian	4
demoâla	4
demoæve	4
denegava	4
denegâghela	4
denegâla	4
denominaçion	4
denonçiava	4
dentiste	4
depeisa	4
depento	4
deportâ	4
depoñan	4
deprimme	4
depuratoî	4
dereñan	4
derive	4
derivesse	4
derlenguou	4
deruava	4
deruian	4
desarrembâ	4
desbandellou	4
desbarasse	4
desbarca	4
desbreuggio	4
descadenâse	4
descarregadô	4
descaxonou	4
desccegâ	4
descciantâ	4
descidia	4
descidiou	4
descistio	4
descorpou	4
descorpâme	4
descriveiva	4
descrostâle	4
descrovindo	4
descäsa	4
desdicce	4
desfigua	4
desfiguou	4
desfregoggiâ	4
desgaibæ	4
desgenâ	4
desgheuggian	4
desgraña	4
desgroppou	4
desgroppâ	4
desinfettanti	4
desinsciâ	4
deslavou	4
deslenguava	4
desliga	4
desmascarou	4
desmontæ	4
desniæ	4
desobedissan	4
desobedî	4
desonesto	4
despegnou	4
despeuggia	4
despeuggio	4
despiaxan	4
desprexava	4
desreixou	4
destaña	4
destendili	4
destinatäi	4
destinava	4
destinaçioin	4
destriga	4
destrigava	4
destruemmo	4
destruili	4
desturba	4
desturbesse	4
desviluppa	4
desviou	4
detalio	4
determinan	4
determinià	4
detestan	4
dettavan	4
dettâghe	4
dettæle	4
dettæme	4
deugge	4
devoçioin	4
dexidia	4
dezeâlo	4
deçiddemmo	4
deçiddite	4
deçixi	4
dialoga	4
dialoghi	4
dialogâ	4
diamanti	4
didattiche	4
differençiava	4
difficoltoxi	4
diffusa	4
digerio	4
dilaçion	4
dimmoselo	4
dimostrou	4
dindo	4
dinne	4
dipeiso	4
dipendente	4
disarmæ	4
discussa	4
discutteiva	4
disegnatoa	4
disegnemmo	4
disinvòlto	4
disnan	4
disno	4
disonesto	4
disputâ	4
distræti	4
disturbo	4
divagou	4
diversa	4
diverscificou	4
dividdan	4
divorian	4
divurgou	4
divòrçi	4
dixineuveximo	4
dixinoveña	4
documentou	4
doggemmose	4
doggiâ	4
domandiei	4
domandiæ	4
domenichen	4
domesteghime	4
dominava	4
dominni	4
donaçioin	4
dond'agge	4
dond'an	4
dond'aniemo	4
dond'eimo	4
dond'ô	4
dondê	4
dormisse	4
dormiësci	4
dorsci	4
dottoe	4
dottâ	4
doveighela	4
dovesci	4
dovessan	4
dozz'òmmi	4
draghi	4
droghê	4
duxentoçinquanta	4
duæ	4
dâsene	4
dîghela	4
dïsetteximo	4
dötriñe	4
ecologiste	4
ecologisti	4
economizzâlo	4
ecuador	4
educæ	4
effiçiente	4
eivea	4
elenco	4
elettorali	4
emme	4
epichi	4
equilibræ	4
equivalensa	4
ernia	4
eroiña	4
ertessa	4
ertorilievo	4
esageri	4
esageræ	4
esallan	4
escluxivamente	4
espandemmo	4
espandise	4
espeiense	4
esportou	4
espoñighe	4
espoñise	4
esprimmi	4
esprimmili	4
essense	4
esteixi	4
estenscioin	4
estræti	4
evaxiva	4
exibiscian	4
fadigose	4
fadigâse	4
fallimenti	4
familiarizzou	4
famma	4
fandose	4
fangòtti	4
fantastichi	4
farisee	4
farte	4
farçî	4
fasceua	4
fasciava	4
favâ	4
faxeivan	4
faxendo	4
faxendole	4
façilita	4
façio	4
feliçitâme	4
feministe	4
femmolo	4
fenien	4
fermando	4
ferî	4
festezzi	4
festezzâlo	4
feuggiamme	4
fidelin	4
fiezzava	4
figgioamme	4
figuieiva	4
figuâse	4
filtrou	4
finindo	4
finlandeixi	4
finzendo	4
fissemmo	4
fissâne	4
fite	4
fixicou	4
flauto	4
flöra	4
foddræ	4
fogoæ	4
fondava	4
fondaçioin	4
fondoaggia	4
fonzou	4
formaggiâ	4
formando	4
formià	4
fornitô	4
fornivan	4
forsellua	4
fortunâ	4
foscina	4
fossoei	4
foulo	4
foî	4
francon	4
fraveghi	4
frenexia	4
freni	4
frequense	4
frescioin	4
frescua	4
frettâli	4
frigognavan	4
frigoriferi	4
frizzi	4
frizzila	4
frïtæ	4
frò	4
fummando	4
futuo	4
fuxi	4
fâmene	4
fâseghe	4
fâsela	4
fâtela	4
fævene	4
gaggiarda	4
galasce	4
galiçian-portogheise	4
galle	4
gallezzan	4
galloin	4
galoppâ	4
ganciaia	4
gancio	4
gandollo	4
garantiscio	4
garantîme	4
garron	4
gasse	4
gattiggio	4
gattixon	4
gazzou	4
gelatæ	4
generica	4
generoso	4
generou	4
generoxi	4
geòmetra	4
gh'abbasta	4
gh'accatta	4
gh'acciammo	4
gh'acciappa	4
gh'accostava	4
gh'aggiuttava	4
gh'aggueitava	4
gh'allamenta	4
gh'allevian	4
gh'allevo	4
gh'ammancan	4
gh'andæ	4
gh'appensemmo	4
gh'appensiæ	4
gh'appixonava	4
gh'appròscima	4
gh'arrecommande	4
gh'arrembavan	4
gh'arrivavan	4
gh'arrivesse	4
gh'arrivo	4
gh'arröbava	4
gh'arvan	4
gh'ascidiavan	4
gh'assetti	4
gh'attrovavi	4
gh'avescimo	4
gh'avessan	4
gh'avvenava	4
gh'avvexinava	4
gh'avvëgne	4
gh'azzonzi	4
gh'açendan	4
gh'impremuesse	4
gh'inandian	4
gh'indicava	4
gh'indoviniei	4
gh'infian	4
gh'inluminava	4
gh'intri	4
gh'ondezzava	4
ghigna	4
giabandea	4
giabba	4
giamiño	4
giancastro	4
giastemmi	4
giesse	4
giudda	4
giudico	4
giudicâse	4
giustificæ	4
giöxe	4
gobelletto	4
gondoin	4
governæ	4
gradia	4
grandesse	4
grandioxi	4
granfigna	4
granfigneuia	4
granfignæ	4
grania	4
granita	4
grasse	4
gratte	4
grattiësci	4
grattæ	4
griffi	4
grivea	4
grixo-bleu	4
groenlandeixi	4
guaixoin	4
guardavî	4
guardien	4
guernio	4
guersci	4
guersezza	4
guersezzou	4
guiddià	4
gummavan	4
gustandolo	4
gustavi	4
gustavo	4
gustose	4
gustâse	4
guägnâve	4
gödia	4
gödite	4
gözo	4
iarde	4
identifican	4
ideològico	4
ideou	4
idiöta	4
idrichi	4
idrògeno	4
ie	4
ignorou	4
imaginandose	4
imaginäia	4
imbabollæ	4
imballou	4
imballæ	4
imbarcaçion	4
imbarsamou	4
imbatto	4
imbellinâte	4
imbeviæ	4
imbindæ	4
imboscou	4
imbottio	4
imbroggion	4
imbrummi	4
imbösemmo	4
imbösi	4
immigræ	4
impastan	4
impaçientou	4
impedia	4
impedîghe	4
impedîme	4
impenetrabili	4
imperatô	4
implicavan	4
importuña	4
importuñe	4
impostaçioin	4
impostô	4
impoñili	4
impremue	4
imprendeiva	4
imprendessan	4
impreste	4
impresäio	4
imprexonou	4
improvisou	4
impæntâ	4
inandime	4
inandiâlo	4
inaressan	4
inaræ	4
inatteixi	4
incagnie	4
incalla	4
incandescenti	4
incappussou	4
incarna	4
incarnou	4
incasciæ	4
inciödæ	4
incoerense	4
incollou	4
incollæ	4
incongruense	4
incoraggiâ	4
incornixavan	4
incrastâ	4
incrastæ	4
incrostan	4
incrostou	4
incrostâ	4
incòmmoda	4
indagâne	4
indennizzæme	4
indicâghe	4
indifferense	4
indigeno	4
indirissou	4
individuâ	4
indubitâse	4
infainâ	4
infamitæ	4
infançie	4
infian	4
infinii	4
infio	4
infiâghe	4
infocciaremmo	4
infæño	4
inganci	4
ingannâla	4
ingannâli	4
ingiarmâse	4
ingiustiçia	4
ingombou	4
ingrasciâlo	4
ingrosciæ	4
inlescou	4
inluddise	4
inlusa	4
inmagrio	4
inmerzise	4
inmobilitæ	4
inmæximâse	4
inni	4
innoçense	4
inondæ	4
inquirente	4
inricchii	4
inroccâ	4
inscinuou	4
inscisto	4
insegnan	4
inseio	4
inseisce	4
inserîse	4
inspessî	4
inspiaçioin	4
instangâghe	4
instaurou	4
instituii	4
instituti	4
instraddâve	4
instruî	4
insultâ	4
interessa	4
interni	4
interpretativa	4
interrogâli	4
interviste	4
intestiñe	4
intimista	4
intimou	4
intissou	4
intoppo	4
intoppâli	4
intrapreisa	4
intressâghe	4
introduçion	4
inutili	4
inventâse	4
inventäio	4
invescigou	4
investitoî	4
invexendandome	4
invexendavan	4
inviscâ	4
invitandola	4
inviti	4
invixibile	4
inzegnose	4
inzenoggio	4
inzenoggiæ	4
inzëgno	4
irrigâ	4
irònica	4
isoâme	4
l'80eximo	4
l'87	4
l'88	4
l'abbandonava	4
l'abbrassa	4
l'abbæri	4
l'abondansa	4
l'abordiva	4
l'accatte	4
l'accattesse	4
l'acclamma	4
l'acconsa	4
l'accuggià	4
l'acrotëio	4
l'acròpoli	4
l'addôçiva	4
l'adeutta	4
l'affeuga	4
l'aggaibava	4
l'aggiudicaçion	4
l'aggiustava	4
l'aggiuttiò	4
l'aggrava	4
l'aggrescivitæ	4
l'agogia	4
l'album	4
l'alimentaçion	4
l'allarga	4
l'alleva	4
l'allontanamento	4
l'allöa	4
l'ambasciatô	4
l'ammermava	4
l'ammiavi	4
l'amministratoa	4
l'amministrava	4
l'ammuggiâse	4
l'ammòrta	4
l'amorrâse	4
l'analoga	4
l'ananasso	4
l'anavan	4
l'ancioa	4
l'anidride	4
l'animo	4
l'aniæ	4
l'appensava	4
l'apperlenguava	4
l'applica	4
l'applicaçion	4
l'apprexava	4
l'appösa	4
l'arbitro	4
l'arbô	4
l'arcangeo	4
l'ardisce	4
l'areña	4
l'arfabeto	4
l'aristocratica	4
l'armatua	4
l'armonizza	4
l'arrangian	4
l'arrangiavan	4
l'arreixa	4
l'arrentîse	4
l'arræisce	4
l'articolaçion	4
l'arvi	4
l'arçê	4
l'ascada	4
l'ascistivan	4
l'ascòrdo	4
l'aspëtavan	4
l'aspëtià	4
l'assotterrià	4
l'assottæra	4
l'assòçia	4
l'astra	4
l'attornia	4
l'attrae	4
l'attraçion	4
l'attressatua	4
l'attresso	4
l'attribuçion	4
l'aumentâ	4
l'avaro	4
l'aveime	4
l'aviatô	4
l'avvexinava	4
l'avvexinavan	4
l'aximava	4
l'azzonzesse	4
l'açendin	4
l'açettieiva	4
l'açimentava	4
l'educa	4
l'egoismo	4
l'elaboraçion	4
l'elettô	4
l'elezzuo	4
l'elimiña	4
l'erboeto	4
l'ernia	4
l'esagera	4
l'esclamma	4
l'etichetta	4
l'europeo	4
l'identifica	4
l'identificava	4
l'ignorante	4
l'imbarca	4
l'imbarcaçion	4
l'imbriæga	4
l'impegnava	4
l'impiego	4
l'implica	4
l'imprendimento	4
l'impresta	4
l'imprexoña	4
l'imprimme	4
l'inandiavimo	4
l'incagnîse	4
l'incalla	4
l'incavatua	4
l'incomensià	4
l'incontrià	4
l'incontræ	4
l'indipendensa	4
l'indovinava	4
l'ingannâ	4
l'ingrediente	4
l'inluminâ	4
l'inlustraçion	4
l'inlustre	4
l'inmortalitæ	4
l'innamoava	4
l'inspaximava	4
l'insurreçion	4
l'insònnia	4
l'intendesse	4
l'interessava	4
l'interna	4
l'intervegniva	4
l'intran	4
l'intresso	4
l'introdue	4
l'inverduga	4
l'inverso	4
l'investiga	4
l'investitô	4
l'investiva	4
l'inviâ	4
l'inçenta	4
l'islandeise	4
l'istòrico	4
l'obedisce	4
l'obedisse	4
l'offiçiava	4
l'offside	4
l'oinâ	4
l'oivæo	4
l'oiña	4
l'omònimo	4
l'oratoa	4
l'organizzava	4
l'originale	4
l'oscidaçion	4
l'ospitava	4
l'osservava	4
l'ostacolo	4
l'oâ	4
l'æguafòrte	4
l'æxia	4
l'ïsa	4
l'ïse	4
l'òbriga	4
l'òccupa	4
l'òrdio	4
l'öxellin	4
laberinti	4
lagni	4
laigueggia	4
lambicco	4
lamentavan	4
lammi	4
lansetta	4
lascieivan	4
lascite	4
lasciâne	4
lasciælo	4
lavavi	4
lavesci	4
lavilo	4
lebecci	4
leccava	4
leccæsa	4
lensa	4
leppegose	4
leproso	4
lerfon	4
lettoa	4
levessan	4
levi	4
levitelo	4
levâli	4
lezila	4
lezzui	4
leçiti	4
liberiemo	4
liberâme	4
licensiou	4
lighià	4
ligælo	4
limma	4
lionardo	4
lionfante	4
lirismo	4
lisciâlo	4
lituan	4
liçensiandose	4
liçensiâla	4
locomotô	4
lombarde	4
longæ	4
lovi	4
lua	4
lucchetti	4
ludovico	4
lui	4
lusciou	4
lustrou	4
lutti	4
luveghi	4
luxee	4
luxen	4
luxia	4
lödan	4
lödavan	4
m'accapisce	4
m'accapitesse	4
m'accapitià	4
m'acciappava	4
m'accoegava	4
m'accontento	4
m'addenta	4
m'afferma	4
m'aggiutte	4
m'aggiæ	4
m'aggroppa	4
m'aggroppo	4
m'aggueita	4
m'amma	4
m'ammanchiæ	4
m'appartëgnan	4
m'appensava	4
m'appossa	4
m'arregaggiscio	4
m'aspeto	4
m'assagoggian	4
m'assetta	4
m'astrenzeiva	4
m'avvexiña	4
m'açimenti	4
m'impòrtan	4
m'incanta	4
m'informe	4
m'informo	4
m'intendei	4
m'intissan	4
m'invexendan	4
machina-bomba	4
maggioin	4
magiche	4
magnuscava	4
mainæa	4
maiâve	4
maiçioxi	4
manager	4
mancandoghe	4
manchesci	4
manchesse	4
mandarin	4
mandine	4
mandâle	4
mandâve	4
manechen	4
manegge	4
manezzâlo	4
mangesci	4
mangesse	4
mangiâmelo	4
mangiâtela	4
mangiæse	4
mangiëscimo	4
manifestâse	4
manipolâ	4
manoælo	4
mantegnivi	4
mantegnîlo	4
marascialli	4
marasso	4
marchi	4
marcian	4
margaitiñe	4
marmottoñe	4
marocchin	4
marsalla	4
mascarsoña	4
massacrâ	4
massapræve	4
massiscia	4
mastrugan	4
mastrussa	4
mattinæ	4
maxelli	4
maxinavan	4
medico	4
mediou	4
megioa	4
megioamenti	4
meitâse	4
meizaña	4
menassâla	4
menassâne	4
menava	4
menou	4
menti	4
mençion	4
mercansie	4
mesciando	4
mesciâla	4
mesuan	4
mesuian	4
metafixica	4
meteoròloghi	4
metriche	4
metteile	4
metteilo	4
mettieivan	4
mettiseghe	4
mettiselo	4
mettiveli	4
mezzan	4
milan-sanremmo	4
milletrexentoquaranta	4
minacciou	4
mincioin	4
minea	4
minsa	4
miou	4
misee	4
miägnou	4
modernizzâ	4
modifiche	4
modificâlo	4
moffe	4
moiei	4
moigallo	4
moisci	4
mollavan	4
moltiplicou	4
monegasche	4
monegaschi	4
montagniñe	4
monton	4
monòtoni	4
mormoe	4
mortifica	4
mortificavan	4
mortoa	4
mortuäi	4
moscon	4
mosti	4
motorizzaçion	4
moule	4
mummia	4
muniçion	4
mutta	4
muxichi	4
muxicòloghi	4
muxiçisti	4
mätrattâli	4
mäveggiavan	4
mëgæ	4
n'aggiuste	4
n'aggredià	4
n'aggueita	4
n'aivi	4
n'anian	4
n'arrecheugge	4
n'arrecommandessan	4
n'arrecoviava	4
n'arregordæ	4
n'arregòrdo	4
n'arrestava	4
n'arresti	4
n'arronsan	4
n'arröba	4
n'arröban	4
n'attrovià	4
n'attroviæ	4
n'aviei	4
n'aviâ	4
n'incontresse	4
n'incontro	4
n'ingannian	4
n'ingrandiscian	4
n'intendei	4
naixou	4
naixæ	4
napolitañe	4
nascighe	4
native	4
nativo	4
navegaçioin	4
navegou	4
negandoli	4
negiâ	4
negoçiava	4
negoçià	4
negrô	4
nen	4
nessette	4
neuvemia	4
nevæ	4
nissou	4
niòrche	4
noetti	4
nominâli	4
norvegeise	4
nostròmmo	4
nottæ	4
novantedoe	4
novanteneuve	4
novæa	4
numeræ	4
nuoei	4
næghe	4
nòrdichi	4
obedîme	4
obiettive	4
occupâvene	4
offendili	4
offendime	4
offiçieu	4
oivæi	4
onoräia	4
onsa	4
oppresci	4
oppresso	4
opçionale	4
ordeuvre	4
orientali	4
originali	4
orizonte	4
ortiga	4
ortografia	4
ospitale	4
osservæ	4
ottantamia	4
ottëgnan	4
padelletta	4
padroña	4
pagai	4
pagavan	4
paggeu	4
paghesse	4
paghime	4
paia	4
paisaggistico-intimista	4
paisanusso	4
palermitan	4
pancheutto	4
panichi	4
pappagaggio	4
pappagallo	4
paragoin	4
parchezzava	4
parchezzavan	4
pareixi	4
parisseua	4
parlescimo	4
parlian	4
parlighe	4
parlimene	4
parmi	4
parriò	4
parteçipavan	4
parteçipaçioin	4
parteçipe	4
partîne	4
pascionea	4
pascivi	4
passandoghe	4
passee	4
passâli	4
patanscio	4
patattiñe	4
patte	4
pattezzavan	4
pattæli	4
pattælo	4
paveise	4
peccetto	4
pedalla	4
peivi	4
pellantega	4
penetranti	4
pensandoghe	4
pente	4
pentimmo	4
pentixoin	4
pento	4
percuscioin	4
perdiemo	4
perdingoliña	4
perdoniei	4
perdonâghelo	4
perdonæme	4
perfeçionæ	4
perla	4
perlecca	4
permetteivan	4
permetti	4
permettiseli	4
permettive	4
permettiò	4
perscistan	4
perscistî	4
perseveransa	4
personalizza	4
pertin	4
pertoccan	4
pertoccava	4
perçepii	4
perçescion	4
pesciaieu	4
pescimismo	4
pessigan	4
pessigâ	4
pestellou	4
petrolea	4
peuixi	4
pezoava	4
pezoieiva	4
piaxeivi	4
piaxui	4
piccaggia	4
piccando	4
picchetto	4
picchieiva	4
pie	4
piggime	4
piggitela	4
piggiâghela	4
piggiæla	4
pigoggiaie	4
pinguin	4
pioxi	4
pisciæ	4
pittòsfori	4
poendo	4
poendoghe	4
poiegni	4
polemichi	4
poliçiesco	4
pollæ	4
poneiva	4
pontuale	4
ponzente	4
ponziggiâ	4
poou	4
portapægua	4
portoin	4
portâghele	4
portâmeo	4
portæmelo	4
porzesse	4
possedeivan	4
possescion	4
pottiggio	4
pottin	4
poïscio	4
poñan	4
preboggio	4
prefaçioin	4
pregandola	4
pregavimo	4
pregâse	4
preluxî	4
prende	4
prenòtti	4
presentatô	4
presentaçioin	4
presentâla	4
presençiou	4
prestaçion	4
preuse	4
preuvilo	4
preveddilo	4
prevegniva	4
prevegnuo	4
preven	4
prevençioin	4
prevëgne	4
prinçipia	4
prinçipiemmo	4
procuo	4
procuâ	4
produttiva	4
produxan	4
prof	4
profitta	4
profittou	4
profittâme	4
progetta	4
prolifica	4
prolifico	4
prolonga	4
prolonghià	4
prometteime	4
promettime	4
promettiò	4
promòsci	4
pronomme	4
prononçi	4
propietäie	4
proponieiva	4
proporçion	4
propoñite	4
protezzieiva	4
proveddise	4
provensâ	4
provieiva	4
provisti	4
proviëscimo	4
provocando	4
pscichiatra	4
pscichiatria	4
pscichiatrica	4
pscichica	4
pubriçizzou	4
pòpola	4
pòpolan	4
pòrtighene	4
pöchiscimi	4
pösila	4
quaddrante	4
quaddrâ	4
quage	4
quand'arrivava	4
quand'ei	4
quand'â	4
quant'a-o	4
quanteñe	4
quarantequattr'anni	4
quaranteñe	4
quaræxima	4
quell'abergo	4
quell'abilitæ	4
quell'aggiutto	4
quell'aguo	4
quell'angeo	4
quell'arioplan	4
quell'energia	4
quell'ertixe	4
quell'euggio	4
quell'euio	4
quell'euvia	4
quell'inciastro	4
quell'inno	4
quell'offerta	4
quell'urtimo	4
quest'epoca	4
quest'euvia	4
quest'idea	4
quest'intendimento	4
quest'ægua	4
quest'önô	4
questue	4
quete	4
quæxima	4
rachetta	4
raixa	4
rammæ	4
rampe	4
ranghi	4
rangognou	4
rantegava	4
rantegou	4
rapitoe	4
rapresentaçion	4
rascciou	4
raspâ	4
rattellavan	4
rattellæve	4
raxi	4
raxonandoghe	4
raxonê	4
raxoñi	4
razzista	4
razzonta	4
razzonzeiva	4
re-creâla	4
reagisci	4
reaçionäie	4
rebassou	4
rebecucca	4
rebellavan	4
rebelle	4
rebellæ	4
rebigo	4
recamma	4
recammava	4
recampâ	4
recanissi	4
recavâle	4
recavâlo	4
recheuggian	4
recheuggio	4
recomensou	4
recompensâte	4
recompòsto	4
reconoscense	4
reconosciue	4
reconçiliaçion	4
recoverava	4
redaçioin	4
redento	4
redescoverta	4
redoggiava	4
redoggio	4
redoggiou	4
redute	4
reduxe	4
refletto	4
reformiste	4
refreidâ	4
refreidâla	4
refreidâse	4
refrescou	4
refrescâte	4
refuando	4
refuavan	4
refue	4
refui	4
refuâlo	4
regallâlo	4
regallâmelo	4
regallæmela	4
registrite	4
regiâse	4
regiñe	4
regolan	4
regolou	4
regolâme	4
regordâla	4
relatô	4
rele	4
releuiâ	4
remacciou	4
remandâ	4
remarcan	4
remarcava	4
remedia	4
remenâme	4
remesciâme	4
remesciâse	4
remesciæ	4
remòrscio	4
rendemmo	4
rendendo	4
rendi	4
renega	4
reneuvi	4
renoelou	4
renoelæ	4
renonçio	4
renovâlo	4
reparpa	4
repassæ	4
repessæ	4
repetuo	4
repicche	4
repiggiando	4
replichemmo	4
replicâghe	4
repricæghe	4
rescampa	4
rescistià	4
rescisto	4
resciuscitavan	4
resciuscitâla	4
rescädou	4
resegondâla	4
resentio	4
reseunnan	4
respettâla	4
respiâle	4
respondite	4
responsabilizzâ	4
respòsti	4
restreite	4
restrenziemo	4
resätou	4
resätæ	4
retaggiava	4
retaggiâlo	4
retrae	4
retræta	4
retòriche	4
reui	4
revegnuo	4
revestimento	4
rexisteiva	4
rexistia	4
reza	4
rezzua	4
reçeivime	4
reçette	4
reçiti	4
ribes	4
ricavâ	4
riconosce	4
riconoscise	4
ricostruî	4
riescindo	4
riescisse	4
riessan	4
riighe	4
rincrescian	4
rincresciui	4
rincrescià	4
rineuva	4
rinfrescâ	4
ringraçian	4
risce	4
risse	4
rissoa	4
riunia	4
riunie	4
riuniva	4
riveasco	4
riverio	4
riçeive	4
riçerca	4
rolli	4
romanico	4
romantiche	4
romantico	4
rompivan	4
rompo	4
ronseggio	4
rosiggian	4
rosiggiandoghe	4
rosiggiâme	4
rouse	4
rua	4
rummâ	4
ruspava	4
s'accapiva	4
s'accattan	4
s'accatte	4
s'acciappa	4
s'accoegava	4
s'accoeghe	4
s'adattesse	4
s'addescesse	4
s'addeuvià	4
s'affermavan	4
s'aisan	4
s'alternava	4
s'ammarottisce	4
s'ammassava	4
s'ammassavan	4
s'ammassemmo	4
s'ammuggiava	4
s'anavan	4
s'angosce	4
s'angosciava	4
s'anià	4
s'annonçie	4
s'antiçipemmo	4
s'anæ	4
s'appaxente	4
s'appresenta	4
s'arraggiava	4
s'arrampinavan	4
s'arrampiñan	4
s'arrendemmo	4
s'arrentiva	4
s'arretiava	4
s'arvisse	4
s'ascadan	4
s'asciamma	4
s'ascidian	4
s'ascidiavan	4
s'ascidiavimo	4
s'ascordià	4
s'asmortessan	4
s'asmuggiava	4
s'asseunne	4
s'assuefesse	4
s'assumeggiavan	4
s'astrenzemmo	4
s'attaccavan	4
s'attrovavan	4
s'avansava	4
s'avvarda	4
s'erzeiva	4
s'espandan	4
s'estendan	4
s'estendeiva	4
s'existesse	4
s'imagiña	4
s'imagiñe	4
s'imbarcan	4
s'imbriæga	4
s'imbroggiava	4
s'impegnava	4
s'impettava	4
s'impiva	4
s'imprende	4
s'inandiemmo	4
s'incagniva	4
s'incallian	4
s'incontra	4
s'incontremmo	4
s'indubita	4
s'indubite	4
s'infiavan	4
s'infiavimo	4
s'ingamban	4
s'ingiarma	4
s'innamoan	4
s'inscia	4
s'inscrive	4
s'interrompe	4
s'inventan	4
s'investan	4
s'invexendavan	4
s'invitemmo	4
sacchetti	4
sacchezzou	4
sadico	4
sagoggiou	4
sagrinâse	4
sanguinosa	4
sanguinoxi	4
sanitäie	4
sanremmaschi	4
sant'agâ	4
santin	4
sançionou	4
sappettâ	4
sappettæ	4
sarmoin	4
sarpiei	4
sarva-casa	4
sarvataggio	4
sarviei	4
sarvite	4
sarçisce	4
sasciai	4
sate	4
satelliti	4
satiriche	4
saturni	4
savoiarda	4
saâ	4
sbaliava	4
sbandetan	4
sbarcâ	4
sbatteiva	4
sbavezza	4
sbiffou	4
sbiffâ	4
sbraggemmo	4
scampieiva	4
scandaliximo	4
scappusso	4
scarma	4
scarmi	4
scarsci	4
scarse	4
scartæ	4
scassesse	4
scassiemo	4
scaveñe	4
scavi	4
scazzeiva	4
scciaffin	4
sccianche	4
scciapeuia	4
sccioivan	4
scciummæa	4
scheita	4
scheite	4
schersemmo	4
schersi	4
scheusso	4
schiffia	4
schiffisce	4
schinco	4
schinfio	4
schiva	4
schivan	4
schivava	4
schivâlo	4
schivæ	4
sciaccan	4
sciaccandome	4
sciallâse	4
sciammengo	4
scigilla	4
scigilli	4
scignifiche	4
scignorie	4
scigoeli	4
scilvestro	4
scimonin	4
scimpatiche	4
scintetiche	4
scinçeritæ	4
scioava	4
scioie	4
sciorbetti	4
sciorbîselo	4
scistemaçioin	4
sciugabele	4
sciughite	4
sciummæe	4
sciusci	4
sciusciando	4
sciusciantamia	4
sciusciantesette	4
sciusciâghe	4
sciusciæ	4
scivertan	4
scivertavan	4
scivertou	4
sciòcchi	4
sconta	4
scontran	4
scordâla	4
scordâse	4
scordâsela	4
scorlussoe	4
scormatoî	4
scoro	4
scorrattâ	4
scorriattâ	4
scoâle	4
scoçeixi	4
screuvan	4
scricchio	4
scripixo	4
scriveine	4
scrivimela	4
scrivive	4
scroccin	4
scrollâli	4
scroscio	4
scòrdo	4
scösæn	4
scöxisce	4
scöxiva	4
seccæ	4
seduttoî	4
seduttô	4
seghemmo	4
segrette	4
semaferi	4
semenatua	4
semenava	4
semplifica	4
senscibili	4
senscibilizzâ	4
sensualitæ	4
sensæ	4
sentindolo	4
sentissan	4
separa	4
seporto	4
sequæi	4
serrâghe	4
servili	4
servîghe	4
sesci	4
seste	4
settantetræ	4
settanteutto	4
settembriña	4
settimo	4
seuccai	4
seuccao	4
sevestro	4
sfere	4
sfeuggi	4
sfeughi	4
sfrenou	4
sfrouxou	4
sfummou	4
sfòddra	4
sghindava	4
sghindæ	4
sgranfigneuie	4
sguarrava	4
sguarron	4
sii	4
siâ	4
sleppa	4
smetti	4
smòrfie	4
soccorrie	4
soddisfaçioin	4
soffoca	4
soffocou	4
sofisticou	4
sofisticâ	4
soggettoxi	4
solari	4
sopportâla	4
soppòrta	4
soppòrto	4
sopran	4
sopravisciue	4
sorde	4
sorveggiâ	4
sospeise	4
sospendeiva	4
sospendiemo	4
sospettoso	4
sospettæ	4
sospiâla	4
sottaña	4
sottomariña	4
sottomettise	4
sovietichi	4
sovvegnîme	4
sovvëgni	4
soçialiximo	4
spalancæ	4
spampaggiâme	4
spandise	4
sparava	4
sparmâ	4
spassa	4
spassoiâ	4
spaventaggi	4
spaximi	4
spaçiosa	4
spedisce	4
spella	4
spellinsegoin	4
spendeivan	4
spendime	4
sperdan	4
sperimentou	4
sperlengheuia	4
spetan	4
speçializza	4
speçificava	4
speçificou	4
spiccia	4
spiccâ	4
spieghiò	4
spiegâlo	4
spiegâme	4
spigoou	4
spinto	4
spinze	4
spionezzo	4
spiscioelo	4
splendô	4
sponce	4
sponciâse	4
sposan	4
sposemmo	4
sposesci	4
sposieiva	4
spui	4
spussavimo	4
spussolenta	4
spussou	4
spëtavi	4
spëtâve	4
spöre	4
squaddrou	4
squarsava	4
st'abboccamento	4
st'abilitæ	4
st'affermaçion	4
st'angeo	4
st'artista	4
st'ascado	4
st'ertixe	4
st'eterno	4
st'ingiustiçia	4
st'inteisa	4
st'inverno	4
st'offerta	4
st'opportunitæ	4
stabilie	4
stabilimmo	4
stabiliva	4
stacco	4
stanchesse	4
statistica	4
stecchi	4
stemmose	4
stereòtipo	4
stesci	4
stiggi	4
stiletta	4
stiletti	4
stimmiò	4
stio	4
stipulou	4
stivou	4
stocca	4
stoppa	4
straccoo	4
stracoou	4
stragedia	4
straggian	4
strambi	4
stramme	4
stramuava	4
stramuoei	4
stranscii	4
stranuava	4
strenzilo	4
streppan	4
streppava	4
streppellâ	4
streppià	4
striggiæ	4
stroppiâ	4
strosciæ	4
struttuou	4
struttuâ	4
studian	4
studiose	4
stâghelo	4
stâsela	4
stæveghe	4
stævela	4
stòrico-econòmichi	4
successe	4
sunaggiou	4
sunnâghe	4
suppòsto	4
suprichessan	4
sussime	4
svampio	4
sätetto	4
sätâne	4
særila	4
söde	4
t'accaxoñan	4
t'addento	4
t'addescià	4
t'aggiutta	4
t'aggiuttiæ	4
t'allighiva	4
t'anesci	4
t'appascioña	4
t'appensi	4
t'arrangi	4
t'arrangio	4
t'arrecommandan	4
t'arrecommando	4
t'arreiseghi	4
t'arroiñi	4
t'ascordià	4
t'aspetan	4
t'assumeggio	4
t'avvardi	4
t'avviso	4
t'açerto	4
t'açetti	4
t'elimiñi	4
t'imaginavi	4
t'impedisce	4
t'imprendiæ	4
t'inandi	4
taa	4
tabarchiña	4
tacchigno	4
taggiasco	4
taggion	4
taggite	4
tanarda	4
tanardo	4
tanoin	4
tanon	4
tapparelle	4
targhe	4
tarlucca	4
tasciâ	4
tecciou	4
tecnològico	4
tegnindolo	4
tegnissan	4
tegniæ	4
tegnîmeli	4
tegnîteo	4
teiga	4
telefonava	4
televixoin	4
temmei	4
tenoî	4
tenzeivan	4
teocraçia	4
terapeutichi	4
termòstato	4
terrestre	4
terrestri	4
terreña	4
terribili	4
terroî	4
tescian	4
tesseræ	4
testamenti	4
testaneigra	4
testimònian	4
testâ	4
tettâ	4
teòrica	4
teòriche	4
tiandoghe	4
tiandola	4
timbrâ	4
timoî	4
tiæghe	4
toccâte	4
tollerou	4
tornâvene	4
tornëi	4
tosciva	4
totali	4
trabacca	4
traditô	4
tradià	4
tradute	4
traduttoa	4
traduxe	4
trafegou	4
traiettöia	4
tralascesse	4
tralasciâ	4
trallaleri	4
trammou	4
transcrive	4
transcriveiva	4
transessuale	4
trapanou	4
trapanâ	4
trapaña	4
trappa	4
trappellava	4
trascrive	4
trascriçion	4
trasferîse	4
trasfiguâ	4
trasforma	4
trasmissa	4
trasportâme	4
traspoñan	4
traspòrta	4
traspòsta	4
trategnue	4
trategnîme	4
trattato	4
trattilo	4
travaggiavi	4
travaggiâghe	4
trave	4
travisou	4
tremman	4
trentesette	4
trentetreieximo	4
trenteximo	4
treppava	4
trexenteximo	4
trexentottanta	4
trezz'oe	4
tribollaçioin	4
trionfan	4
tritollo	4
tritollæ	4
truffadoa	4
truffou	4
turismo	4
tägnæ	4
tæ	4
tæraneuva	4
tòlla	4
tòrsilo	4
umanitæ	4
umee	4
umoî	4
unn'abilitæ	4
unn'alimentaçion	4
unn'ambientaçion	4
unn'artâ	4
unn'arçella	4
unn'attraçion	4
unn'automòbile	4
unn'avia	4
unn'azzonta	4
unn'enormitæ	4
unn'eroiña	4
unn'eternitæ	4
unn'indennitæ	4
unn'infamitæ	4
unn'infançia	4
unn'insellatua	4
unn'insòlita	4
unn'invernadda	4
unn'organizzatoa	4
v'accapitesse	4
v'allevo	4
v'arraggiæ	4
v'arregordemmo	4
v'ascordiæ	4
v'aspëtavimo	4
v'attrovæ	4
v'avian	4
v'avieiva	4
v'avvarde	4
v'avvexinæ	4
v'inandie	4
v'incallæ	4
v'ëi	4
vallan	4
vannila	4
varsciuo	4
veddimeli	4
vegge	4
veggetti	4
veggian	4
veggiou	4
vegniâ	4
veite	4
velarizzaçion	4
vendicâme	4
venditoe	4
vendue	4
verbali	4
verdexiña	4
vergheugno	4
vergheugnâse	4
verifichià	4
verna	4
vernixou	4
vernixâla	4
vertebra	4
verçelli	4
vestisse	4
veteren	4
vexinæghi	4
vezi	4
vigneue	4
vigoî	4
villaggi	4
villezzatue	4
vinteñe	4
vintimia	4
vintisett'anni	4
vintisette	4
violente	4
viran	4
viro	4
visco	4
vixitâne	4
vixitæle	4
viçedirettoa	4
viçeprescidenti	4
vocaboläi	4
vocaçioin	4
voescimo	4
vonti	4
vonzighelo	4
vonzile	4
vortavan	4
votieiva	4
voxou	4
vuava	4
vòtto	4
zean	4
zeavan	4
zemio	4
zena-turin	4
zenziggia	4
zerba	4
zerbi	4
zermoggi	4
zinzania	4
zonzeivan	4
zoo	4
zotta	4
zui	4
zuime	4
zurigo	4
äiosa	4
äsâ	4
çelebran	4
çelebræ	4
çeltica	4
çenavimo	4
çeneeña	4
çente	4
çentonovanteçinque	4
çentosciusciant'anni	4
çentralizzæ	4
çentrou	4
çenæ	4
çerchitene	4
çerchià	4
çerniæ	4
çertiduñe	4
çertificâlo	4
çertificæ	4
çeñan	4
çibble	4
çimmelli	4
çimmello	4
çinquanteutto	4
çinqueçenteximo	4
çircolaçioin	4
çircondou	4
çirillica	4
çittæ-stato	4
çiötaie	4
ïsandose	4
òbrigan	4
òrbe	4
òspitan	4
òttica	4
ödoando	4
ödoâ	4
ödoâme	4
öfeuggio	4
ösciuo	4
118mia	3
125mia	3
12en	3
194mia	3
227mia	3
23mia	3
28mia	3
2mi	3
32mia	3
420mia	3
68mia	3
aagianca	3
abbarlocciavan	3
abbellisci	3
abberruffou	3
abbessia	3
abbessio	3
abbonamento	3
abbossæ	3
abbrancæ	3
abbrassâla	3
abondanti	3
abuxive	3
academichi	3
accabannæ	3
accaiâ	3
accaiæ	3
accapie	3
accapitava	3
accapitæ	3
accapiva	3
accapivimo	3
accapîne	3
accattavan	3
accattâghe	3
accattâsene	3
accaxonandolo	3
accaxonâla	3
accettâ	3
accettæ	3
acciammo	3
acciantâli	3
acciappan	3
acciappâli	3
acciappâlo	3
acciappælo	3
accobbiou	3
accompagnavan	3
accompagnemmolo	3
acconso	3
accontentou	3
accostummæ	3
accresce	3
accurtio	3
accòrzitene	3
adattâli	3
addentandose	3
addeuvieiva	3
addobbemmo	3
addormiggiâ	3
addrissou	3
addòsso	3
adele	3
adempisci	3
adexoin	3
adressi	3
adressæ	3
adurtëi	3
affanno	3
affionou	3
affiâme	3
affondâ	3
affosa	3
affrontan	3
affrontæ	3
affugou	3
affugâ	3
affugæ	3
aggiustemmo	3
aggiuttandoghe	3
aggiuttemmo	3
aggiuttiemo	3
aggiuttâle	3
aggiuttæla	3
aggivou	3
aggradia	3
aggraçiou	3
aggredie	3
aggrescive	3
aggrondæ	3
aggroppâ	3
agguanta	3
agguantâse	3
aggueitæ	3
agiografica	3
agiscian	3
agre	3
agräia	3
alfabetica	3
alfabetico	3
alieni	3
alimentou	3
alleitugou	3
allemaña	3
allenâse	3
allevite	3
alliammâ	3
allimonâghele	3
allimonâle	3
allivellâ	3
allonghîme	3
allongou	3
alluga	3
allughettou	3
allögi	3
alterna	3
alternandose	3
amatô	3
ambascieuia	3
ambi	3
ambientaçioin	3
ambiguo	3
ambii	3
ammagagnâ	3
ammassian	3
ammassila	3
ammassili	3
ammassime	3
ammassâme	3
ammenassou	3
ammettilo	3
ammiandola	3
ammiavo	3
ammie	3
ammiighe	3
ammiscioin	3
ammobiliæ	3
ammodernamento	3
ammoou	3
ammortâlo	3
ammuggi	3
ammòrtan	3
ampolla	3
ananasso	3
anarchica	3
anarfabeta	3
anarfabeti	3
anatòmica	3
anci	3
ancoe	3
andessan	3
andesse	3
andii	3
angoli	3
angosciandolo	3
angosciose	3
animâ	3
anniou	3
annonçiâghe	3
antisemitiximo	3
anâseghe	3
aperitivi	3
apparati	3
appartegnuo	3
apparæ	3
appascionanti	3
appilla	3
appillæ	3
appixoña	3
appontæ	3
apposa	3
appose	3
appresentâ	3
appresentâse	3
appreuvo	3
apprexan	3
apprexo	3
approfittâ	3
approfittâne	3
approfittâsene	3
approfittâte	3
appropiou	3
approviemo	3
appægiæ	3
apòcrife	3
aquiliña	3
aquäio	3
arasciña	3
arbô	3
arcaiche	3
archeòloghi	3
architettònica	3
architettòniche	3
archiviæ	3
arioplen	3
aristocratiche	3
armandose	3
armella	3
armemmose	3
armâghe	3
arpiñe	3
arraggian	3
arrampiñite	3
arranfou	3
arrangiamento	3
arrangiei	3
arrangiâghe	3
arrasâme	3
arrebellou	3
arrecheuggi	3
arrecommandite	3
arrecommandâla	3
arrecommandâme	3
arrecommandæ	3
arrecoviâ	3
arredossâse	3
arredossæ	3
arregnoccâ	3
arregordâsele	3
arregordæ	3
arrembite	3
arrentii	3
arrescosa	3
arresegæ	3
arrestià	3
arrestiæ	3
arrestâlo	3
arretiæ	3
arriescîghe	3
arrigoelâ	3
arriondou	3
arrissâ	3
arrogansa	3
arroinâla	3
arroinâle	3
arroinâseghe	3
arrubattâ	3
arrubattâme	3
arruxenta	3
arruxentava	3
arruxentâme	3
arruxentâte	3
arræia	3
arröbavan	3
arrösou	3
arrösâ	3
articola	3
articolaçioin	3
arviæ	3
arvîli	3
arze	3
arzen	3
asbasciava	3
asberruffæ	3
asbrian	3
asbriâghela	3
asccianou	3
ascciæie	3
ascciæîghe	3
ascemmellâ	3
ascidian	3
ascidiâle	3
ascidua	3
ascisteiva	3
ascistense	3
ascoacciâ	3
ascordâmelo	3
ascrive	3
ascuio	3
ascädâghe	3
ascädæ	3
ascòrdan	3
asenasso	3
asgreiâlo	3
asiatica	3
asiatico	3
asmortâghe	3
asmuggiou	3
aspessisci	3
aspresciâse	3
aspresciæ	3
assavoî	3
assazzi	3
assegua	3
assense	3
assessoe	3
assestâ	3
assostemmose	3
assostâse	3
assotterrâle	3
assuefâveghe	3
assumeggiou	3
assumeggiâseghe	3
assunnâsene	3
assunnæ	3
assuppâ	3
assätemmo	3
assòlta	3
aste	3
asteròidi	3
astimmime	3
astissâ	3
astreiti	3
astrofoggiâ	3
astrològico	3
astræti	3
astëgnite	3
attaccante	3
attaccavan	3
attacchite	3
attappa	3
attappæ	3
attastando	3
attastâlo	3
attastâme	3
attastæme	3
attica	3
attissou	3
attivâ	3
attorniæ	3
attribuîle	3
attrovieivan	3
attroviemo	3
attämassâ	3
aumenta	3
aumenti	3
austro-piemonteise	3
automatichi	3
autorizzâ	3
autògrafo	3
avansan	3
avariçia	3
avaâ	3
aveivene	3
aveivo	3
avendoghe	3
avendola	3
avia	3
avvanta	3
avvardime	3
avvardâla	3
avvardâme	3
avventuê	3
avvenâseghe	3
avversäie	3
avverte	3
avvertia	3
avvexinamento	3
avvexinemmose	3
avvisâme	3
avvixinâ	3
avvixiñite	3
avviçiâ	3
avvocata	3
avvëgnan	3
axilli	3
axillâ	3
aximou	3
axoei	3
azzonzendoghei	3
azzonziëscimo	3
açendeiva	3
açendila	3
açertâmene	3
açettan	3
açettemmolo	3
açettâlo	3
babòllo	3
bacchette	3
bacchetto	3
bagnite	3
baifardi	3
balansi	3
ballata	3
ballate	3
bambordii	3
bambordisce	3
bambòcce	3
bandiva	3
bandîlo	3
bansighi	3
baracche	3
barbottavan	3
barconee	3
basava	3
basso-todesca	3
bastarde	3
bastonagge	3
battelli	3
batterie	3
battezza	3
battezzæ	3
battime	3
battià	3
battoezo	3
battuggio	3
battæximi	3
baussâ	3
baxa	3
baxava	3
baxiliche	3
beccio	3
becciâme	3
beccofin	3
begudde	3
beguddâ	3
beivine	3
bell'ascado	3
bell'erboo	3
beneite	3
benexii	3
benixoin	3
beppin	3
bersaggi	3
berödo	3
beveivan	3
beveivimo	3
beviò	3
bibbie	3
bibliotecäia	3
bidê	3
binello	3
biològichi	3
biondo	3
biscezzâ	3
biscioin	3
bitega	3
bocciâ	3
bocciña	3
boccua	3
boenetto	3
boeta	3
boffæ	3
boga	3
boicòtta	3
bollaccâ	3
bolli	3
bolloin	3
bombarda	3
bombardê	3
boniscimi	3
boniscimo	3
borboggia	3
borboggiou	3
borbonava	3
bordi	3
bordonæ	3
borgotâ	3
bosticcæ	3
bottezzan	3
braga	3
braggio	3
braggiæ	3
brande	3
brassalletti	3
braxiliaña	3
brenni	3
brocche	3
bruttonaia	3
bruxià	3
bruxoî	3
bruxâle	3
buggiâ	3
bugna	3
bugnato	3
bulli	3
burgai	3
burlâve	3
burocraçia	3
busciolòtti	3
buste	3
busti	3
buteghinea	3
bägiou	3
bäsigava	3
bäsighi	3
bæi	3
bæou	3
böxarde	3
caccezza	3
caccite	3
cacciâlo	3
cadastri	3
cadenette	3
cadexi	3
caghetta	3
cagæ	3
caimen	3
caistioso	3
calabreixi	3
calanche	3
caliçi	3
calli	3
callâla	3
callâlo	3
caloî	3
calunniâghe	3
calçio	3
camalletti	3
camallæli	3
camee	3
camixette	3
camixeue	3
camminiæ	3
camoæ	3
campiæ	3
campæ	3
canagge	3
candidâme	3
cangiâlo	3
cangiò	3
caniggia	3
cannonâ	3
cantonea	3
canæña	3
canònichi	3
canònico	3
capieivan	3
capivo	3
cappusso-mascara	3
capîghe	3
carabottin	3
caratteristichi	3
caravaggesco	3
carbonizzou	3
carcagneu	3
carcola	3
cardiaca	3
carmava	3
carnassa	3
cartezzi	3
carògne	3
cascetton	3
case-tore	3
cassao	3
casseua	3
castagnâ	3
catacrixima	3
cataro	3
cattava	3
cattivo	3
cattuan	3
cattuo	3
cavallaia	3
cavarcan	3
cavarchemmo	3
cazzià	3
cegæsa	3
cegæso	3
cevasco	3
ch'abbrancavan	3
ch'accattesse	3
ch'aggiuttemmo	3
ch'ammassan	3
ch'anavimo	3
ch'apperlenguavan	3
ch'arrange	3
ch'arriviemo	3
ch'aspëtavan	3
ch'aveivo	3
ch'azzonzan	3
ch'esprimmeivan	3
ch'imbastimmo	3
ch'imprende	3
ch'incascian	3
ch'informan	3
cheufano	3
cheuxilo	3
chinià	3
chinâla	3
ciammandome	3
ciammian	3
ciantime	3
ciantâseli	3
cianziò	3
cianzussâ	3
ciappussi	3
ciappæla	3
ciarlaten	3
ciarlaxie	3
cicchettoin	3
ciccioâghe	3
cicolatin	3
cioccâghele	3
cioccâte	3
ciongiou	3
ciummassi	3
ciusme	3
ciætezzose	3
ciætoso	3
ciösa	3
ciöta	3
ciötâ	3
clascificâ	3
clascificæ	3
clasciximo	3
clöro	3
coan	3
cobalto	3
cocci	3
coccodrilli	3
cocorocô	3
cognommi	3
cointando	3
cointavan	3
colissa	3
collaborou	3
collegæ	3
colleçionava	3
colloquiale	3
collâla	3
collâse	3
collæn	3
colombiaña	3
colonnette	3
colora	3
colorou	3
combatteivan	3
combattui	3
combaxessan	3
combinavan	3
combiño	3
comedianti	3
comensando	3
comensesse	3
comensiæ	3
comensiò	3
comm'a-o	3
comm'arrembo	3
comm'î	3
commandeuia	3
commiscioña	3
communicava	3
communicavan	3
commæla	3
compendio	3
competitiva	3
competiçioin	3
compiaxense	3
compillæ	3
compisci	3
compiscian	3
compiò	3
completi	3
completæ	3
complicou	3
complicæ	3
comportieiva	3
comprendià	3
comprenscibili	3
comprenscioin	3
comprenscivi	3
compricæ	3
compromettieiva	3
compòrti	3
concluddeiva	3
concretizzià	3
concretizzou	3
concruxoin	3
condannan	3
condie	3
condivan	3
condiçionava	3
condominni	3
condute	3
condutteur	3
condîghe	3
confermando	3
confermi	3
confescioin	3
confescionäi	3
confessoe	3
confessâme	3
confronte	3
conligæ	3
connescioin	3
connetto	3
connottâ	3
conoscendote	3
conoscesci	3
conquistatô	3
consacrou	3
consciense	3
conscienti	3
conscistia	3
conseggee	3
conseggiavan	3
conseggiæghe	3
consegnandogheli	3
consenti	3
conservælo	3
consolava	3
consolavan	3
consoli	3
consolià	3
consonansa	3
consonante	3
constanti	3
constata	3
constrenzian	3
construiemo	3
consumme	3
consummâle	3
contaggian	3
contaggiou	3
contaminan	3
contatô	3
contegnisse	3
contegnitô	3
contegnîse	3
contemplandolo	3
contemplativa	3
contemporanee	3
contessan	3
contestâghe	3
continuaçioin	3
contiësci	3
contorna	3
contracangia	3
contracangiâghe	3
contracangiâla	3
contrafæto	3
contrastan	3
contrastava	3
contribuii	3
contribuisce	3
controllemmo	3
controlloa	3
controlloî	3
contræ	3
conturbe	3
contâghelo	3
contâte	3
convegnivan	3
conveniense	3
convenienti	3
converscioin	3
conversâ	3
convertii	3
convinsan	3
convocâ	3
conzeatô	3
conçedemmoghe	3
conçentraçioin	3
coordinæ	3
coppou	3
coppussi	3
corale	3
coriandoli	3
corma	3
cornæ	3
coroñan	3
correzzesse	3
correzzuo	3
corroxon	3
cortezzi	3
cortivaçioin	3
cortivæ	3
costezza	3
costezzâ	3
costezzâle	3
costian	3
costrenzan	3
costrenzeiva	3
costruisce	3
costâme	3
coxinâse	3
coæoso	3
cranni	3
creià	3
creiæ	3
creppiæ	3
creppon	3
crescesse	3
creâne	3
creæ	3
cristalli	3
cristallo	3
criticæ	3
croccâ	3
cronologia	3
crovindose	3
crovîle	3
crovîli	3
cruçio	3
crònache	3
cuan	3
cuattæ	3
cuggeiti	3
culti	3
cuxeuie	3
cuxo	3
cuxîle	3
cuxîse	3
cuâse	3
cäfatti	3
cägòlli	3
cäsâse	3
cëghetti	3
còlloca	3
còmico-realistico	3
còmmo	3
cô-a	3
cöni	3
cöosciô	3
cös'attribuî	3
cös'aviò	3
d'abbandon	3
d'abbronzâse	3
d'aberghi	3
d'abusâse	3
d'acceleraçion	3
d'acciantâli	3
d'accoegâ	3
d'accompagnâlo	3
d'accompagnâve	3
d'accostâghe	3
d'accresce	3
d'accòrdi	3
d'accòrzisene	3
d'acquixiçion	3
d'addesciâ	3
d'addesciâli	3
d'addesciâlo	3
d'addesciâme	3
d'addesciâve	3
d'addeuviâle	3
d'addomestegâ	3
d'adempî	3
d'adurtëio	3
d'affermaçion	3
d'affermâme	3
d'aggiadda	3
d'aggiuttâle	3
d'aggiuttâli	3
d'aggiuttâve	3
d'aggredî	3
d'agguantâla	3
d'agro	3
d'allamentâse	3
d'allargâ	3
d'allenamento	3
d'allontanâlo	3
d'allugâle	3
d'amalfi	3
d'amiga	3
d'amigdala	3
d'ammegioâ	3
d'amministraçioin	3
d'amministrâ	3
d'ammiâsene	3
d'ammuggiâ	3
d'ammâla	3
d'andâghe	3
d'anelli	3
d'angonia	3
d'annotaçion	3
d'anâmela	3
d'appendiseghe	3
d'apprettâ	3
d'approvixonamento	3
d'apreuvo	3
d'arabesco	3
d'ardimento	3
d'armatoî	3
d'arrancâse	3
d'arrecuggeita	3
d'arrendise	3
d'arrivo	3
d'arvîla	3
d'asbasciâla	3
d'ascciæîlo	3
d'ascidiâla	3
d'ascistîla	3
d'ascordâla	3
d'asperton	3
d'assegondâ	3
d'assettâme	3
d'assobaccâ	3
d'assonçioin	3
d'assoçiaçion	3
d'assätâ	3
d'astrenze	3
d'attastâla	3
d'attestaçion	3
d'attribuçion	3
d'attrovâse	3
d'attrovâte	3
d'avansâme	3
d'aveighelo	3
d'avvocato	3
d'azuro	3
d'azzonzila	3
d'açimentâ	3
d'ecceçion	3
d'economie	3
d'elaboraçion	3
d'elementi	3
d'eliminaçion	3
d'erchi	3
d'ereditâ	3
d'erexia	3
d'ertorilievi	3
d'escluxon	3
d'espertixe	3
d'esperto	3
d'esportaçion	3
d'estaxi	3
d'examinâ	3
d'exeguî	3
d'exibî	3
d'exitaçion	3
d'ia	3
d'imballâlo	3
d'impiegâlo	3
d'inauguraçion	3
d'incadenâse	3
d'incontro	3
d'incriminâ	3
d'indirisso	3
d'indubitâme	3
d'infiâse	3
d'influensâ	3
d'inganno	3
d'ingannâme	3
d'ingredienti	3
d'iniçiative	3
d'inondaçion	3
d'insciâse	3
d'inscriçioin	3
d'insegnamento	3
d'instruçion	3
d'instruîse	3
d'insurreçion	3
d'intaggiâ	3
d'integrâ	3
d'intendive	3
d'interrogatöi	3
d'intuiçion	3
d'invaxoin	3
d'investîlo	3
d'invexendâme	3
d'invito	3
d'inzegnâse	3
d'ipotermia	3
d'iscrivime	3
d'isoa	3
d'obedî	3
d'occupâ	3
d'offende	3
d'onesto	3
d'orbetto	3
d'ordine	3
d'orribile	3
d'oräio	3
d'ospiâ	3
d'ostaia	3
d'ughetta	3
d'umoen	3
d'umô	3
d'unna	3
d'utenti	3
d'ïsâ	3
d'òrto	3
d'öia	3
dagæse	3
dalmata	3
dandomee	3
dandose	3
dannezzava	3
dannezzâlo	3
dannila	3
dannime	3
dannâ	3
datte	3
debutto	3
dechinava	3
declinaçion	3
decompoxiçion	3
decorava	3
decrescendo	3
decretou	3
dediche	3
dedichemmo	3
dedico	3
defeixi	3
defendiò	3
defensoe	3
defilou	3
defilæ	3
definie	3
definiva	3
defiçi	3
degiffrâ	3
degiffrâsela	3
delegæ	3
deliggio	3
deludde	3
delusa	3
deluxoin	3
demoavan	3
demoian	3
demostrava	3
demostrâlo	3
demostrâme	3
demostræmelo	3
denegan	3
deneghian	3
departamenti	3
deportaçioin	3
deportou	3
depoxitâ	3
depressa	3
depresso	3
deprimman	3
derenià	3
derenâte	3
derivava	3
derlenguo	3
derlenguâ	3
desarma	3
desarremba	3
desastrose	3
desavvantaggi	3
desbarasso	3
desbarassâme	3
descadenæ	3
descancascia	3
descangiâ	3
descarregava	3
descarreghi	3
descazzeiva	3
desccegou	3
descidiâse	3
desconfiansa	3
descorriemo	3
descorrii	3
descorrimmo	3
descorrio	3
descorrivi	3
descreuvan	3
descrivilo	3
descrivo	3
descroviva	3
descrovià	3
descrovîle	3
descuxia	3
descòsta	3
desdimmo	3
desdixe	3
desdîve	3
deseuvi	3
desfavimo	3
desfondoa	3
desfondoâla	3
desfornou	3
desfæte	3
desgagginæ	3
desgenou	3
desgheuggilo	3
desgrañan	3
desgroppâlo	3
desguggeiva	3
desimpegnâse	3
deslavâ	3
deslenguavan	3
desligan	3
deslogâ	3
deslögiavi	3
deslögiou	3
desmetteiva	3
desmissi	3
desoccupou	3
desolaçion	3
desonesta	3
desoneste	3
desonestæ	3
despacchettou	3
despea	3
despegnan	3
despetena	3
despeugge	3
despeuggi	3
despiaxeivan	3
despiaxui	3
despixonou	3
despontou	3
despuggian	3
despuggiâme	3
despuggiæ	3
destaccan	3
destappou	3
desteiga	3
destendeiva	3
destendeivan	3
destettâ	3
destornaçioin	3
destrigan	3
destrighessan	3
destrigâte	3
destrueiva	3
desurpi	3
desvio	3
determinava	3
determinaçioin	3
detesta	3
detestou	3
dettime	3
dettou	3
deu	3
deuvine	3
devasta	3
devastaçioin	3
dexidio	3
dexidiâ	3
dexima	3
deçiddeiva	3
difamaçioin	3
differençiou	3
diffondeiva	3
diffuxi	3
digerî	3
digerîlo	3
dilettante	3
dimetteiva	3
dimissa	3
dimisso	3
dimmolo	3
dindanâte	3
dindaña	3
dindañan	3
dipinto	3
dirizzendose	3
dirizzente	3
discepola	3
discimulâ	3
discipriñe	3
discorrii	3
discorrimmo	3
disegnava	3
disegualiansa	3
disna	3
disperou	3
distançiamento	3
distinguo	3
distrailo	3
distran	3
distributoî	3
distribuîla	3
distribuîle	3
distrà	3
distræte	3
dittatoî	3
divagâve	3
dividdi	3
divorâte	3
divurgatô	3
divöte	3
dixeivi	3
dixotten	3
diäio	3
doamiadexe	3
doamiatrei	3
documentäie	3
domandilo	3
domandime	3
domandæve	3
domenedê	3
domesteghesci	3
dominaçioin	3
dond'anesse	3
dosse	3
doveime	3
doveimene	3
doviâ	3
dramaturgo	3
drissava	3
duate	3
ducchesse	3
ducchi	3
duesse	3
duganê	3
duxenteximo	3
duxentovintisëi	3
dâ-	3
dâle	3
dîmele	3
dòllao	3
dòmmi	3
dôsue	3
dôçessa	3
e-e	3
ebreo	3
eccellente	3
ecologista	3
ecològica	3
edema	3
edifiçi	3
ediliçie	3
editoî	3
effettiva	3
egiçiaña	3
egoisti	3
elaborâ	3
elementari	3
elezzemmo	3
elice	3
eliminâlo	3
emarginou	3
emerzendo	3
energico	3
epico-çivile	3
epidemia	3
equivalense	3
equivoco	3
era	3
ereditemmo	3
eretichi	3
ermitti	3
erxi	3
erzi	3
erzo	3
eròiche	3
eròico	3
esattamente	3
escluxiva	3
escluxivo	3
esploraçioin	3
esprimmeivan	3
esprimmighe	3
essendose	3
esterne	3
estinta	3
estraçion	3
estremmo	3
etiopi	3
euggezzavan	3
evidense	3
exeguio	3
exemplare	3
exemplari	3
exibîse	3
existemmo	3
existense	3
existo	3
fabricanti	3
fabricava	3
fabricavan	3
fadigava	3
fadigoxi	3
fainæ	3
faiâ	3
fammene	3
fanne	3
fantasticava	3
fantinægo	3
fastidioso	3
fatti	3
favorisce	3
faxan	3
façilitava	3
façilitou	3
femine	3
ferindolo	3
ferisce	3
ferle	3
fermavan	3
fermesci	3
fermiâ	3
ferpa	3
ferriòlli	3
festezziò	3
fiamanghilla	3
fiezzando	3
figuan	3
figuâvelo	3
fiite	3
filippiñe	3
filtrâla	3
finançiatoî	3
finiei	3
finiscime	3
finissan	3
finiö	3
finti	3
finzan	3
finîlo	3
firmamento	3
firman	3
firmiemo	3
firmià	3
fissiò	3
fissâla	3
fissâme	3
fixicâve	3
flòtta	3
foetti	3
foettæ	3
foffa	3
fogon	3
folclorismo	3
folcloristica	3
follani	3
follæ	3
fondan	3
fondeghe	3
fondeghi	3
formaggiæ	3
formalizza	3
formato	3
formesse	3
formâse	3
fortô	3
fotografou	3
fotovoltaica	3
fotteivan	3
fottifigua	3
fottua	3
foxen	3
fracassou	3
framassoin	3
fraseològico	3
fregoggiæ	3
frenava	3
frettan	3
frettâghe	3
frettæ	3
frexa	3
frizzemmo	3
frouxadoî	3
frouxou	3
frusciate	3
frustavan	3
frustâme	3
fughetti	3
fummâse	3
furbixe	3
fusa	3
fuxoin	3
fuzzî	3
fâvela	3
fâvele	3
fäsummi	3
fæli	3
gabibbo	3
gaggiardi	3
galiçien	3
gallezzavan	3
galusci	3
ganeufano	3
gangai	3
garantian	3
garantii	3
garbi	3
garbuggi	3
gattòrbia	3
generalizza	3
generatoî	3
generatô	3
genessan	3
geneæ	3
gentetta	3
genâlo	3
geografie	3
gestiemo	3
geògrafi	3
gh'abbessiva	3
gh'accattava	3
gh'accompagnieiva	3
gh'accompagno	3
gh'accostæ	3
gh'adattava	3
gh'affermo	3
gh'ammio	3
gh'ammuggia	3
gh'anavan	3
gh'andiemo	3
gh'anessan	3
gh'aniësci	3
gh'appartëgne	3
gh'appensavi	3
gh'apposso	3
gh'appösa	3
gh'appösava	3
gh'arraggiava	3
gh'arrampinava	3
gh'arrampiña	3
gh'arrappa	3
gh'arrembava	3
gh'arrivià	3
gh'arriviò	3
gh'arröbe	3
gh'arvisse	3
gh'arvivan	3
gh'ascädava	3
gh'assegua	3
gh'assomeggian	3
gh'assumeggiava	3
gh'attraversa	3
gh'attrovemmo	3
gh'attuscegavan	3
gh'aumentava	3
gh'avesci	3
gh'aviei	3
gh'azzonzeiva	3
gh'açendi	3
gh'erzeiva	3
gh'incarregavan	3
gh'inricchisce	3
gh'inspiava	3
gh'obediva	3
gh'occorriva	3
ghepardo	3
ghicci	3
ghimiña	3
ghinni	3
ghirindoin	3
giacòbbe	3
giancaie	3
giande	3
giandonava	3
giano-moælo	3
giano-rosso	3
giansenistiche	3
giappessan	3
giasciando	3
giasciâlo	3
giassiña	3
giastemmavan	3
gioana	3
giordan	3
giraffa	3
giudican	3
giudicava	3
giudichià	3
giudichiæ	3
giudicâlo	3
giudicâme	3
giudicâte	3
giungla	3
giurie	3
giustificava	3
giustifiche	3
giusvalla	3
giòstre	3
goriçia	3
governavan	3
governiemo	3
governo-scindacati	3
grandestiñe	3
grandiscimi	3
granetta	3
grasce	3
grattâla	3
grattâve	3
grebani	3
greghe	3
gremenia	3
grigheu	3
grillassa	3
grimadi	3
grotteschi	3
guante	3
guardiañe	3
guastava	3
guastâte	3
guersezzâ	3
guiddâte	3
gustessan	3
gustieiva	3
guägniæ	3
guägnâli	3
gämisto	3
gæli	3
gödi	3
gödimento	3
gödimmosela	3
identitäia	3
ideologia	3
ideològica	3
idratâ	3
ignifuga	3
illuminâ	3
imaginabile	3
imaginâselo	3
imagiña	3
imagiñan	3
imbabollâ	3
imbagio	3
imbarcâla	3
imbellinæ	3
imbeviâ	3
imbeçille	3
imbottiggiæ	3
imbozzonâ	3
imbrattou	3
imbriæghe	3
imbriægon	3
imbriægæ	3
imbroggioin	3
imbroggiâme	3
imbræga	3
imbræghi	3
imböse	3
impaggiæ	3
imparçialitæ	3
impasta	3
impaçiente	3
impedii	3
impedivan	3
impesta	3
impiccio	3
impiccou	3
impieghi	3
impioxi	3
impottou	3
imprendiæ	3
imprescionanti	3
impromisci	3
improvisâ	3
impue	3
imputaçion	3
impëieise	3
impîlo	3
impòrtan	3
incaghite	3
incagniscian	3
incandescente	3
incannellan	3
incannellou	3
incarassæ	3
incarnan	3
incarnaçion	3
inciastro	3
inciödou	3
incoraggia	3
incoraggiæ	3
incroxan	3
incroxatô	3
indefinii	3
indefinio	3
indennitæ	3
indennizzo	3
indennizzou	3
indeçisa	3
indeçixon	3
indigestion	3
indignaçioin	3
indoviniei	3
indovinâla	3
indoviña	3
indoâghe	3
induan	3
indubitâ	3
indubitæ	3
infainâse	3
infiandose	3
infinitæ	3
influensan	3
influensâme	3
influensæ	3
influenti	3
informâli	3
infranchî	3
infrequente	3
infriccitelo	3
infricciæ	3
inganni	3
ingannæ	3
ingheugge	3
ingheuggi	3
ingombio	3
ingrandio	3
ingrandîne	3
ingrediente	3
ingrosciâ	3
inlassemmo	3
inluminan	3
inmanegavan	3
inmateriale	3
inmersa	3
inmonegâ	3
inmorale	3
inmortalizzâ	3
inmæximan	3
inneuvativi	3
innovaçion	3
innovâ	3
inondian	3
inorbisce	3
insci	3
insciamman	3
inscistia	3
inscistii	3
insciæ	3
inscriçion	3
insediou	3
insegna	3
insegnamenti	3
insegnâghe	3
inseie	3
insi	3
insordiva	3
inspeçion	3
inspia	3
inspiraçioin	3
instabili	3
installaçioin	3
instangou	3
instigaçioin	3
institutoa	3
instruia	3
instruii	3
instruttoî	3
insugæ	3
insòlite	3
intaffoo	3
intaffoæ	3
intaggiadoî	3
intaggio	3
intanâse	3
intatta	3
intatte	3
intatti	3
integraçioin	3
intendei	3
intendeiva	3
intenscificaçion	3
intenscive	3
intermedi	3
intermedia	3
intermedie	3
interprete	3
interrompan	3
intervistan	3
intime	3
intrata	3
intravegnîghe	3
intressou	3
intrian	3
intriemo	3
introversa	3
intrâme	3
invase	3
invegimento	3
invegî	3
inveninâ	3
invernixâ	3
inversci	3
inversâlo	3
invescigâlo	3
investigatô	3
invexenda	3
invidioxi	3
invitâlo	3
inzegni	3
inzegnoso	3
inzenoggian	3
inçenso	3
inçente	3
ipnotizzæ	3
ipocrexie	3
ipotizzemmo	3
ipotizzæ	3
ippopòtami	3
ipòcrite	3
iran-stati	3
irregolari	3
irrigou	3
irritâlo	3
irònichi	3
iscrito	3
islamiche	3
islamichi	3
islandeise	3
isoamenti	3
isoen	3
isræle-libano	3
italia-arbania	3
iònio	3
l'1-1	3
l'85-87	3
l'abbarlugava	3
l'abbellinou	3
l'abboccamento	3
l'abbrassava	3
l'abeto	3
l'abisso	3
l'aboliemo	3
l'abröga	3
l'accapiscio	3
l'accapita	3
l'accapitià	3
l'accattieiva	3
l'accattià	3
l'acciappava	3
l'accoega	3
l'accommoddava	3
l'accorzeiva	3
l'accotellava	3
l'accuggeiva	3
l'accòrda	3
l'accòrdo	3
l'accòsta	3
l'acquixisce	3
l'addescesse	3
l'addescio	3
l'addrissa	3
l'adora	3
l'affascinante	3
l'affeçionava	3
l'affia	3
l'affiava	3
l'affumma	3
l'aggiuste	3
l'aggiuttan	3
l'aggiuttâte	3
l'aggronda	3
l'agorà	3
l'allaga	3
l'allagamento	3
l'allarghe	3
l'alleita	3
l'alleitacogge	3
l'allevava	3
l'alliamma	3
l'allighisce	3
l'allonghisce	3
l'allontaña	3
l'alternansa	3
l'ambienta	3
l'ambon	3
l'amelia	3
l'ammagoña	3
l'ammassemmo	3
l'ammava	3
l'ammiemmo	3
l'ammiraggio	3
l'ammià	3
l'ammo	3
l'ammobilia	3
l'ammuggiava	3
l'ampolletta	3
l'ananas	3
l'angosciava	3
l'angosciosa	3
l'ania	3
l'animava	3
l'antennia	3
l'antiçipava	3
l'antiçipo	3
l'anæ	3
l'ançian	3
l'appascionava	3
l'appaña	3
l'apperlengua	3
l'appicca	3
l'appixonava	3
l'applicava	3
l'appossa	3
l'approfondisce	3
l'approvava	3
l'aragoña	3
l'arbenganeise	3
l'archeologia	3
l'archeòloga	3
l'archeòlogo	3
l'archivia	3
l'archivòtta	3
l'ardiciòcca	3
l'aritmetica	3
l'armezzava	3
l'arrampinâ	3
l'arrampiña	3
l'arranchià	3
l'arrangiâ	3
l'arrecampa	3
l'arresegava	3
l'arriava	3
l'arrogansa	3
l'arroinava	3
l'arruzzenisce	3
l'arva	3
l'arçidiao	3
l'asbrian	3
l'ascado	3
l'ascciaña	3
l'ascciæiva	3
l'ascistente	3
l'ascordemmo	3
l'ascoso	3
l'ascurtisce	3
l'ascurtiva	3
l'asmortesse	3
l'asmòrte	3
l'aspio	3
l'aspresciava	3
l'assemeña	3
l'assotterrava	3
l'assummià	3
l'astimmava	3
l'astrenzeiva	3
l'astræto	3
l'attastavan	3
l'atterra	3
l'attesta	3
l'atteuscega	3
l'attrovemmo	3
l'atòmica	3
l'avescimo	3
l'avvegniva	3
l'avven	3
l'avverto	3
l'avveña	3
l'avviava	3
l'avvisava	3
l'avvocou	3
l'avvoxava	3
l'avöio	3
l'axa	3
l'açendiò	3
l'açerta	3
l'açertava	3
l'açette	3
l'açettià	3
l'açettiò	3
l'açimenta	3
l'ebraiximo	3
l'elefante	3
l'elezzeiva	3
l'emigrou	3
l'emoscioña	3
l'entuxasma	3
l'equilibra	3
l'era	3
l'ereditesse	3
l'eròico	3
l'esaltava	3
l'espande	3
l'esploraçion	3
l'esponente	3
l'essençiale	3
l'estenscion	3
l'estetica	3
l'estraçion	3
l'euggin	3
l'exaltaçion	3
l'executivo	3
l'exiggeiva	3
l'existeiva	3
l'ideale	3
l'idealizza	3
l'ideologia	3
l'imbarassavan	3
l'imboccatua	3
l'imbägiava	3
l'imitava	3
l'immigraçion	3
l'impaginaçion	3
l'impatto	3
l'impeatoa	3
l'imperatoa	3
l'impiega	3
l'impostaçion	3
l'impremua	3
l'imprende	3
l'imprendià	3
l'impresäio	3
l'imprinçipio	3
l'impromisso	3
l'impronta	3
l'improvisto	3
l'imputo	3
l'impëieise	3
l'impòrto	3
l'incanta	3
l'incanto	3
l'incarregava	3
l'incasciava	3
l'inclinaçion	3
l'incontravan	3
l'indennizza	3
l'indennizzià	3
l'indiche	3
l'indoa	3
l'indoentâ	3
l'informatica	3
l'informava	3
l'infriccia	3
l'ingancio	3
l'ingarbuggia	3
l'ingheugge	3
l'ingianche	3
l'ingiarmava	3
l'ingoa	3
l'ingomba	3
l'inibiçion	3
l'iniçio	3
l'inlassa	3
l'inlustra	3
l'inlustratoa	3
l'inmobilitæ	3
l'innamoou	3
l'innovaçion	3
l'insacca	3
l'insciava	3
l'inscistià	3
l'inso	3
l'insostegnibile	3
l'inspettoa	3
l'inspeçioña	3
l'inspiraçion	3
l'instrumento	3
l'instruttoa	3
l'intaffoa	3
l'intaggia	3
l'intaggiava	3
l'intenscitæ	3
l'interessià	3
l'interpretava	3
l'interrogan	3
l'interrogava	3
l'interçetta	3
l'intesta	3
l'intoppemmo	3
l'intravegniva	3
l'intraven	3
l'introduxe	3
l'inventava	3
l'investan	3
l'investivan	3
l'investià	3
l'inzegneuia	3
l'inzëgna	3
l'istamiña	3
l'istruçion	3
l'obediensa	3
l'obrigava	3
l'occore	3
l'odiava	3
l'oeiva	3
l'orgoggioso	3
l'orma	3
l'ormezzava	3
l'ormezzo	3
l'orzeu	3
l'osservatô	3
l'ostaggio	3
l'uman	3
l'umilia	3
l'uniforme	3
l'uruguay	3
l'uverno	3
l'ägno	3
l'öfeuggio	3
l'önoa	3
la7	3
labardê	3
laboratöi	3
lagnæ	3
lamentan	3
lappâghe	3
lardi	3
larghee	3
lasciandolo	3
lasciante	3
lascighe	3
lasciâghelo	3
lasciâseli	3
lasciæve	3
lastregavan	3
laureâ	3
laureæ	3
lavadente	3
lavemmose	3
lavâlo	3
laxerti	3
leccaie	3
leccardaie	3
leccæsi	3
legalitæ	3
leitæ	3
lenguistiche	3
lenguistichi	3
leonöa	3
leppeghi	3
lepra	3
leprosa	3
lesche	3
letteralmente	3
lettiatue	3
letton	3
levemmose	3
leviæ	3
levâghela	3
levâmelo	3
levâmene	3
levâne	3
lezili	3
lezzendo	3
leçite	3
liammi	3
liberan	3
liberemmo	3
licensiæ	3
ligamme	3
lighi	3
limitan	3
limonetto	3
liquidaçion	3
liquide	3
liquidi	3
liriximo	3
lisce	3
livi	3
liçensia	3
longhessa	3
lottou	3
louæ	3
luganeghe	3
luou	3
lussao	3
lustrime	3
lutto	3
luxernæ	3
læxina	3
lògiche	3
löda	3
m'abbandonæ	3
m'abbarluga	3
m'accoego	3
m'accommòdda	3
m'accompagni	3
m'accompagniësci	3
m'accorzeiva	3
m'accorziò	3
m'aggei	3
m'aggiuttià	3
m'allestisce	3
m'alleva	3
m'ammassiæ	3
m'ammie	3
m'anava	3
m'angosciava	3
m'appartegniva	3
m'appartoiva	3
m'appaxentesse	3
m'appægiava	3
m'arrampinava	3
m'arregordava	3
m'arreisego	3
m'arrembo	3
m'arrescioo	3
m'arrivan	3
m'arronsavan	3
m'arröbessan	3
m'aspeti	3
m'assettan	3
m'assettava	3
m'assette	3
m'attrovæ	3
m'avansava	3
m'aviei	3
m'aviësci	3
m'avvarda	3
m'açetta	3
m'açimento	3
m'exerçite	3
m'imbarche	3
m'imboccava	3
m'impi	3
m'impoñe	3
m'imprestiësci	3
m'incarrego	3
m'inciastro	3
m'informieiva	3
m'infriccio	3
m'ingambava	3
m'insciamma	3
m'insegnava	3
m'intende	3
m'intendeiva	3
m'interesse	3
m'interessieivan	3
m'intrava	3
m'irriti	3
m'òbriga	3
macabre	3
macacchi	3
macaie	3
maccaron	3
macciâve	3
machiniste	3
machinisti	3
macramê	3
maganzin	3
maggio	3
maggioranse	3
maghi	3
magie	3
magnetica	3
magnetiche	3
magnetiximo	3
magri	3
maiesse	3
mainaia	3
mainæe	3
maiçie	3
maiçiose	3
malanni	3
malediçioin	3
maledî	3
malincòniche	3
malincònichi	3
mampæ	3
mancando	3
manchi	3
manchiò	3
mandando	3
mandillæ	3
mangiussou	3
mangiâla	3
mangiæsi	3
manoela	3
manoscrita	3
manovrava	3
manoæla	3
mantegnivan	3
mantegnue	3
manuali	3
maratoñe	3
marchessan	3
marchite	3
marchitelo	3
marea	3
margaita-camoggi	3
margaita-portofin	3
margaitiña	3
marmella	3
marroñe	3
marçisci	3
mascarsoin	3
maschere	3
massacræ	3
mastruga	3
mastrusson	3
mastrussoñe	3
mastrussæ	3
matematico	3
mattinea	3
mattëia	3
maxellan	3
maxina	3
mea	3
medi	3
megan	3
megioava	3
megioæ	3
meitessan	3
meitâ	3
melanconie	3
melon	3
membraña	3
menassæ	3
menavan	3
meneghin	3
menissâ	3
mensuñan	3
mentîghe	3
merlussi	3
mescciâla	3
mescià	3
mesciâghe	3
mesciâlo	3
mesciâne	3
mesuâve	3
metafixiche	3
metalli	3
metrico	3
mettemmoghe	3
mettimene	3
mettitelo	3
meuii	3
meuiou	3
micche	3
miemmo	3
miggio	3
migna	3
mignanego	3
miime	3
milioin	3
milionäia	3
millequattroçentoquaranta	3
millequattroçentottantun	3
milleximo	3
mincionaia	3
mincionæ	3
misea	3
miseicòrdie	3
misteiose	3
mitigâ	3
mitraggia	3
miägno	3
moccolòtto	3
modernizzou	3
modifica	3
modiggioin	3
mogognavimo	3
moinello	3
moinæ	3
moiò	3
mollieiva	3
mollæ	3
monarchi	3
monarchico	3
mondou	3
montagniña	3
montessan	3
montià	3
montâla	3
montâsene	3
moriagi	3
mormoa	3
mormoou	3
morteui	3
mortificæ	3
mortöi	3
mosce	3
moscoloso	3
mosconava	3
mossarelle	3
mossulmaña	3
mostrandoghelo	3
mostrâmelo	3
motorizzâ	3
moælo-giano	3
mue	3
mummie	3
muou	3
mäfæta	3
märeduta	3
mätrattæ	3
mòrscio	3
n'accorzemmo	3
n'addescia	3
n'aggiuttava	3
n'aggiutte	3
n'aggiuttæ	3
n'anessan	3
n'arve	3
n'ascädava	3
n'assegua	3
n'assemeña	3
n'attaccan	3
n'avaa	3
n'aviëscimo	3
n'impediscian	3
n'impoñe	3
n'incontrava	3
n'indubita	3
n'indubitava	3
n'infocciarava	3
n'informe	3
n'innamoa	3
n'insegna	3
n'interessan	3
n'intra	3
n'intrava	3
n'investe	3
n'invita	3
n'òffre	3
nana	3
nascemmo	3
naturalessa	3
navegatoî	3
naxi	3
naçionalista	3
naçionaliximo	3
negan	3
negoçiæ	3
nettezzan	3
neuveçentosette	3
nevee	3
no-standard	3
no-territoriale	3
no-tæra	3
nobilita	3
noe	3
noela	3
noele	3
noeliña	3
noezzo	3
nominava	3
nominavi	3
norvegeixi	3
nottieiva	3
novantetræ	3
novanteutt'anni	3
novantun	3
novara	3
nuava	3
nutriva	3
nutriçion	3
nuæ	3
nònne	3
nödi	3
obrigando	3
obsolete	3
occidentali	3
occidente	3
occiten	3
occupâlo	3
occupâve	3
offendan	3
offendise	3
offendite	3
offiçializzou	3
offiçian	3
offrivan	3
oggettivi	3
oggettivo	3
oinâ	3
olandeixi	3
omaggi	3
ombrighi	3
ombrissallo	3
ombriñe	3
omònima	3
ondezzæ	3
ongareixi	3
onze	3
opportun	3
orchesta	3
organizzâli	3
organizzâme	3
oräia	3
ospitava	3
osservemmo	3
ossescion	3
ostacoli	3
ottantetrei	3
ottanteçinque	3
ottegnindo	3
ottegnîne	3
otton	3
ouco	3
oæ	3
pacciuga	3
padan	3
pagandoghe	3
paggiæn	3
paghemmoghe	3
paghessan	3
paghiemo	3
pagâla	3
pagâte	3
paisaggistico-naturalistico	3
paisañe	3
paiscian	3
palestre	3
pali	3
paliña	3
pandemie	3
panse	3
paralitichi	3
paralleli	3
parchezzi	3
parechi	3
parisseue	3
parlandone	3
parlighene	3
parlâghene	3
parlâla	3
parlæne	3
parma-spezza	3
parmixaña	3
parodie	3
parpellette	3
parpellou	3
parteçipan	3
partian	3
particole	3
partivan	3
parçiale	3
pasce	3
pasqualiñe	3
pasquâ	3
passaggian	3
passaggiavan	3
passaggiavi	3
passaggiæ	3
passatempi	3
passavimo	3
passetti	3
passiæ	3
passâla	3
passâlo	3
passæme	3
pateche	3
patii	3
patisse	3
pavoin	3
peava	3
pecondrie	3
pediatri	3
pedon	3
peemmo	3
pendalòcchi	3
pendeivan	3
pendense	3
penetrou	3
penezzâ	3
penitense	3
pennarelli	3
pennello	3
pensamentoxi	3
penscionæ	3
pensesci	3
pensiteghe	3
pensiësci	3
pensâlo	3
pensâne	3
pensâse	3
pensâte	3
pensæghe	3
pensæve	3
pentisse	3
pentiva	3
percorriva	3
perdiei	3
perdigiorni	3
perdonià	3
perdoniæ	3
perdoniò	3
perdonâghela	3
peregriñe	3
permanensa	3
permanenti	3
permettendo	3
permettian	3
permettiei	3
permisse	3
perscistesse	3
perscisti	3
pertega	3
perverscion	3
perçentuale	3
perçepia	3
peschea	3
pescheuia	3
pescima	3
pescime	3
pescæ	3
pesemmo	3
pesou	3
pessou	3
pestissæ	3
pesâla	3
pesâme	3
pesæ	3
pezoan	3
pezoe	3
piattaforma	3
piaxian	3
piaxieiva	3
picchesse	3
picchiò	3
piccinette	3
picciniña	3
piccâme	3
piggemmoli	3
piggigheo	3
pigiami	3
pigne	3
pigoggioxi	3
pille	3
pimpinella	3
pinta	3
pinte	3
pioneristichi	3
pipì	3
pisaggiava	3
piscian	3
pisciavan	3
pitti	3
pittoe	3
pittuâle	3
pittâ	3
pittæ	3
poeile	3
poeiseghe	3
polente	3
policlinichi	3
ponente-meistro	3
ponentiñe	3
pontefiçi	3
pontemmo	3
pontezzi	3
pontià	3
pontue	3
ponzæa	3
porchetti	3
porpe	3
porpettoin	3
portandolo	3
portandose	3
portogâ	3
portâle	3
portâveli	3
portæve	3
porzeivimo	3
porzui	3
porçellañe	3
poxiçionæ	3
poxiçioña	3
poâ	3
pratticava	3
pratticâ	3
preboggiva	3
precauçioin	3
precäia	3
precäie	3
precäio	3
predeçessô	3
predicâghe	3
predicæ	3
prefondesse	3
prefondià	3
prefondæ	3
pregandose	3
prelevou	3
premian	3
premonia	3
prendi	3
preparan	3
preparaçioin	3
preparite	3
preparæ	3
preparæve	3
prepoxiçion	3
prescidi	3
presentandoghe	3
presentemmo	3
pretendiò	3
prevegnîla	3
prevegnîlo	3
prevegnîte	3
preçixi	3
preòccupo	3
prinçipiante	3
prinçipiâ	3
probabili	3
proclammæ	3
procuan	3
procuiemo	3
produta	3
produte	3
profanaçion	3
profete	3
profittava	3
progresciste	3
proibiçioin	3
prolonghe	3
promeuvan	3
promòsse	3
promòssi	3
prononçian	3
propoñighe	3
propòsti	3
protestante	3
protestava	3
protettoa	3
protettoe	3
protezzue	3
provavan	3
provegniva	3
proveniense	3
provensa	3
provista	3
provocava	3
provâme	3
provëgne	3
proçescioin	3
pscichiatrico	3
pscicologia	3
puadda	3
pubriçitäi	3
purifica	3
puritæ	3
päi	3
päpeti	3
päten	3
pæntou	3
pæzou	3
pëtenæe	3
pöchiscima	3
pösemmo	3
pösæla	3
quagia	3
quand'accatto	3
quant'en	3
quarantedoieximo	3
quaranteximo	3
quattroçenteximo	3
quattroçentodexe	3
quattroçentoquarantequattro	3
quell'accusa	3
quell'amoa	3
quell'andio	3
quell'aradio	3
quell'ardiciòcca	3
quell'arrivo	3
quell'articolo	3
quell'attivitæ	3
quell'avertua	3
quell'ereditæ	3
quell'invexendo	3
quell'ombra	3
quell'operaçion	3
quell'opçion	3
quell'òsso	3
quell'öxellin	3
quest'accòrdio	3
quest'amigo	3
quest'argento	3
quest'assascin	3
quest'operaçion	3
quest'un	3
quest'äia	3
quæa	3
rabbaddaia	3
radiaçion	3
ralle	3
rampante	3
rampin	3
ranga	3
ranghe	3
ranghezzava	3
rapio	3
rapresenta	3
rapresentou	3
rapresentæ	3
rasccemmose	3
rase	3
rassegnava	3
rassegno	3
rasâme	3
rattellessan	3
rattellosa	3
raxonavi	3
raxoneive	3
raxonemmo	3
razze	3
razzismo	3
reagisce	3
realistiche	3
realizzan	3
realizzava	3
realizzaçioin	3
realizzâli	3
rebattue	3
rebotto	3
recammâve	3
recampæ	3
recangiou	3
recavou	3
recavâ	3
recavâne	3
recheuggila	3
recheutti	3
reciammava	3
recillâmene	3
reclammou	3
reconosci	3
reconoscila	3
reconçiliou	3
recorriæ	3
recuggei	3
recuggeite	3
redimmite	3
redoggia	3
reduiva	3
reduxeiva	3
reflesci	3
reflesso	3
regigoa	3
registrâse	3
regiæ	3
regnan	3
regolamenti	3
regolamentæ	3
regolava	3
regoliò	3
regordâselo	3
regordæ	3
regòrdan	3
relasciâve	3
releui	3
relevan	3
religioxi	3
remediava	3
remenâ	3
remesciavan	3
remettighe	3
remexa	3
remiscioin	3
remman	3
remoinâ	3
remorco	3
remòrchi	3
renascioin	3
rendie	3
rendila	3
rendo	3
renego	3
reneuvan	3
repassa	3
repassando	3
repassâ	3
repertöi	3
repetan	3
repeteiva	3
repetiçion	3
repetua	3
repicchi	3
repiggiandose	3
repiggiemo	3
reportava	3
reportià	3
representæ	3
reprico	3
repubriche	3
requixio	3
resacche	3
rescattou	3
rescigna	3
rescignâse	3
rescignæ	3
rescioâse	3
rescisteiva	3
rescistente	3
rescistia	3
rescistio	3
resciuscita	3
rescädâse	3
rescädæ	3
reservava	3
resolui	3
respettian	3
respiaçioin	3
respondeivan	3
respondemmo	3
respondessan	3
respondieiva	3
respondine	3
respondiò	3
responsabilizzæ	3
restavan	3
restieiva	3
resurreçioin	3
resòlti	3
resòlvan	3
retaggiou	3
retegnià	3
retençion	3
retëgnan	3
reunio	3
reveddise	3
revellâ	3
revellâse	3
reverio	3
reverisce	3
revixonemmo	3
revixonâ	3
rexistense	3
rezzeiva	3
rezzuo	3
reæ	3
reçeivila	3
reçeivilo	3
reçercâ	3
rianelli	3
rianetti	3
ribellion	3
ribellâse	3
ricava	3
ricoa	3
riconosceiva	3
riconoscio	3
riconosciua	3
riescian	3
riescivimo	3
riescià	3
riflesso	3
riflette	3
righinagge	3
rimòrso	3
rinforsando	3
rinforsava	3
rinfòrsan	3
ringhee	3
ringraçiâli	3
ringraçiâte	3
rinvëgne	3
rionde	3
risorse	3
risparmia	3
risparmime	3
rispettan	3
rispòste	3
rissetti	3
risso	3
ristoranti	3
ritrae	3
ritræto	3
rivalitæ	3
roggiou	3
rognon	3
romansê	3
romantiçiximi	3
rompîghelo	3
rompîsela	3
ronfavan	3
ronsan	3
roscin	3
rosiggi	3
rosiggiou	3
rostii	3
rosæ	3
rotaçioin	3
ruffien	3
rumoî	3
ruscia-euröpa	3
ruspa	3
ruzzenenti	3
rägno	3
rætin	3
ròso	3
ròsti	3
s'abbegan	3
s'abberravimo	3
s'accabanna	3
s'accattesse	3
s'accaxonavan	3
s'acciappavan	3
s'acciappo	3
s'accobbiavan	3
s'accoeghemmo	3
s'accusa	3
s'addenta	3
s'addescemmo	3
s'addescessan	3
s'affiña	3
s'aggiuttava	3
s'allonghisce	3
s'allontanava	3
s'allontañan	3
s'allägne	3
s'alternian	3
s'amman	3
s'ammassan	3
s'ammerman	3
s'anessan	3
s'anesse	3
s'annastavan	3
s'appensemmo	3
s'appontava	3
s'arma	3
s'armonizzan	3
s'arranca	3
s'arrasa	3
s'arrasava	3
s'arrecovia	3
s'arregordesse	3
s'arremban	3
s'arrendeiva	3
s'arrendiemo	3
s'arrentiscian	3
s'arrentissan	3
s'arriescisse	3
s'arrive	3
s'arrivià	3
s'arriëscio	3
s'arroiña	3
s'arröba	3
s'arvivan	3
s'asbasciava	3
s'asbria	3
s'asbriavan	3
s'ascidia	3
s'ascondeivan	3
s'ascuiva	3
s'aspeto	3
s'aspëtavimo	3
s'aspëtesse	3
s'assunnava	3
s'astimman	3
s'attacchiæ	3
s'avansan	3
s'avvixinesse	3
s'açervella	3
s'erzan	3
s'imbevian	3
s'imbròggia	3
s'impegnià	3
s'impetta	3
s'imprescionava	3
s'inara	3
s'incallan	3
s'incallavan	3
s'incallavimo	3
s'incontrian	3
s'indubitan	3
s'indubitava	3
s'indubitemmo	3
s'informava	3
s'infriccia	3
s'ingarbuggia	3
s'inluddan	3
s'innamoa	3
s'innamoià	3
s'inscian	3
s'inspaxima	3
s'inspessisce	3
s'intaffoava	3
s'intoppavan	3
s'invexendan	3
s'inzenoggian	3
s'inzëgna	3
s'inzëgnan	3
s'occupava	3
s'opponeiva	3
s'ögua	3
sacchezzi	3
saccilo	3
sagrificou	3
sagrinieiva	3
sai	3
saluime	3
saluâse	3
sanou	3
sançioña	3
sapiensa	3
sappavan	3
sardeña	3
sardi	3
sarpæ	3
sarvan	3
sarvie	3
sarviæ	3
sarvâne	3
sascellin	3
sascello	3
sassoa	3
satisfava	3
satisfesse	3
savatte	3
saveisela	3
savieivan	3
savoiardo	3
saxi	3
saxo	3
saæ	3
sballi	3
sbandëtâ	3
sbattua	3
sbiasci	3
sborravan	3
sbrattâ	3
scaffi	3
scagagge	3
scampieivan	3
scampiæ	3
scampiò	3
scandalizzâse	3
scanna	3
scannellou	3
scappando	3
scarabascio	3
scarpenta	3
scartòcci	3
scassava	3
scassâte	3
scavan	3
scavarcâ	3
scavissa	3
scazzan	3
scazzeivan	3
sccianchemmo	3
sccianco	3
scciappavan	3
sccioisci	3
sccionfa	3
scciuppavan	3
scenezzatô	3
scentesse	3
scentieivan	3
scentià	3
scettica	3
scheiti	3
scheuvan	3
schissan	3
schittava	3
sciaccadda	3
sciaccando	3
sciaccâla	3
sciarrâ	3
sciate	3
sciava	3
scigillo	3
scignificava	3
scimbòlichi	3
scincronizze	3
scincronizzou	3
scindicâ	3
scinedri	3
scingapô	3
scingolaritæ	3
scinistre	3
scinistri	3
scinçëi	3
sciollæ	3
sciorbii	3
sciorbîle	3
sciorbîne	3
sciorbîve	3
scioâse	3
scioæ	3
sciugæ	3
sciusciantesett'anni	3
sciusciantesëi	3
sciusciantetræ	3
sciuscianteximo	3
sciusciâse	3
scivertâ	3
scivertâse	3
sciòppoe	3
sciòppoo	3
sciöchi	3
sciöpi	3
scolioxi	3
scombatteiva	3
scombriosa	3
scombrioxi	3
scompartimmo	3
scompartivan	3
scompartîli	3
scompassava	3
scompassi	3
scompassià	3
scompassâlo	3
scompassæ	3
scompio	3
scontemmo	3
sconto	3
scontra	3
sconzua	3
scorrattavan	3
scorrezzan	3
scorria	3
scorrussæ	3
scorrîse	3
scottizzo	3
scottizzou	3
scriveime	3
scriveivimo	3
scrivendo	3
scrivieivan	3
scrivitelo	3
scrollando	3
scrollian	3
scropolo	3
scroscia	3
scroscivan	3
scroviva	3
scrovivi	3
scuddo	3
scuggiâte	3
scultoî	3
scusandose	3
scusi	3
scösæ	3
scötria	3
scöxia	3
scöxian	3
scöxii	3
scöxiscio	3
scöxîle	3
seccan	3
segava	3
segnala	3
segnan	3
segnandoghe	3
segonde	3
segou	3
segretäi	3
sellâ	3
semoa	3
senatoe	3
seneise	3
senscibilizzaçion	3
sensoî	3
sentime	3
sentivo	3
separaçioin	3
separâme	3
separâse	3
serafin	3
serrando	3
servieiva	3
servitù	3
sescioin	3
settanteximo	3
settanteña	3
settembre-dexembre	3
severi	3
sexie	3
sexisce	3
sexiva	3
sezz'oe	3
sezzemia	3
sforsâle	3
sfrettou	3
sfrouxâle	3
sfruta	3
sfummæ	3
sgarbellæ	3
sgranfigni	3
sgranfignâ	3
sgreiâ	3
sguasci	3
sguassava	3
simogge	3
simoggia	3
smerado	3
sobacca	3
sobaccou	3
soddisfæta	3
soffite	3
soffiti	3
soffrizze	3
soffrizzi	3
soffriò	3
soffrîli	3
soiñe	3
solacche	3
solennizzan	3
solitava	3
solitäie	3
sollevan	3
sollevi	3
somministra	3
somministran	3
somministrou	3
soppresso	3
soppòrte	3
sopravisciuo	3
sopravive	3
sorfo	3
sorvegge	3
sorvenaturali	3
sorvevisciua	3
sorvin	3
sorviña	3
sospettava	3
sospettosa	3
sospiando	3
sostantivi	3
sostegnue	3
sottoliniou	3
sottomettiò	3
sottomisso	3
sovvegnua	3
sovvegnîse	3
soî	3
spaiscian	3
spalanchemmo	3
spandesse	3
spantegando	3
sparavan	3
sparma	3
sparmighe	3
spartimmo	3
spassin	3
spassoâ	3
spaximæ	3
spediva	3
spediçioin	3
spendighe	3
spendigheli	3
speremmolo	3
sperma	3
sperou	3
spezziña	3
speçia	3
speçializzaçion	3
speçializzæ	3
spiccan	3
spicco	3
spiddi	3
spiegava	3
spieghi	3
spinoxi	3
spioin	3
spionezza	3
spioñe	3
spippoo	3
spiti	3
sponciâve	3
sponti	3
sporzeivimo	3
sporzemmo	3
sposagge	3
sposandone	3
sposemmose	3
sposi	3
sposiësci	3
sposiò	3
spuava	3
spuian	3
spuâghe	3
spægan	3
spæghe	3
spëtavimo	3
spëtâse	3
spòrzise	3
spòrzo	3
squarsou	3
st'angiou	3
st'angosciosa	3
st'appontamento	3
st'arrecuggeita	3
st'atro	3
st'avertua	3
st'avventua	3
st'açidente	3
st'imbroggion	3
st'iniçiativa	3
st'inno	3
st'oggetto	3
st'usansa	3
st'öo	3
stagnoin	3
stampava	3
stancâve	3
standardizza	3
stannime	3
stato-naçion	3
stemmi	3
stemmolo	3
stiassa	3
stie	3
stimmava	3
stimolan	3
stiägnou	3
stoccæso	3
straboccâ	3
stracche	3
stracoava	3
strafia	3
straggiâme	3
straggiæ	3
stralabio	3
straman	3
strambo	3
stramuan	3
stramui	3
stranesse	3
strangoessan	3
strangoi	3
stranni	3
stranua	3
stranuou	3
strasci	3
strasciñan	3
strassan	3
strassonâ	3
stremia	3
strenzesse	3
strenzise	3
streppaballe	3
streppila	3
strigge	3
striggiava	3
strofoggio	3
strofoggiâle	3
stroscesse	3
stròffe	3
stucchi	3
studiando	3
studiâsela	3
stæo	3
stòrico-econòmico	3
stòrico-soçiale	3
stòrti	3
stölon	3
succedua	3
successa	3
succhi	3
succæ	3
sud-sud	3
suggeriscian	3
suggerivan	3
sughi	3
sunnavi	3
superstiçioin	3
supponei	3
suppoxiçioin	3
suppòrti	3
supricâ	3
sussava	3
sussæ	3
sviluppava	3
svissere	3
sväiæ	3
sätæli	3
særite	3
sæte	3
sòsia	3
t'abbrassava	3
t'abbæro	3
t'accatto	3
t'acciappi	3
t'accoeghi	3
t'acconseggio	3
t'aggiutte	3
t'aggrondi	3
t'aggueiti	3
t'allamenti	3
t'alloavan	3
t'ammosto	3
t'andiæ	3
t'apponti	3
t'arresta	3
t'arrestan	3
t'arriviësci	3
t'arruxentan	3
t'arruxente	3
t'arve	3
t'ascidia	3
t'astimmo	3
t'attroviò	3
t'avansa	3
t'avesse	3
t'aviò	3
t'avvisiò	3
t'en	3
t'imbròggia	3
t'impegni	3
t'impremuo	3
t'ingheuggi	3
t'inmaneghi	3
t'intendi	3
t'intissa	3
t'offendesci	3
tacuin	3
taggiacosti	3
taggiainadda	3
taggiando	3
taggiasquarsa	3
taggiâme	3
taggiæle	3
tambañan	3
tancoa	3
tancoe	3
tangente	3
tappan	3
tappe	3
tappollæ	3
taretti	3
tarpe	3
taxiësci	3
taxui	3
tecciandose	3
tecciavan	3
tecnològica	3
tedesche	3
tegnindome	3
tegnivo	3
tegniësci	3
tegnîghela	3
tegnîsele	3
tegnîvene	3
telecommandi	3
telefonan	3
telefònichi	3
temmesse	3
temmià	3
temmui	3
tendemmo	3
tendieiva	3
tentava	3
tenzaia	3
tenzesse	3
tenzime	3
teologie	3
terapeutiche	3
termico	3
terrorismo	3
tesciua	3
tessie	3
testimònie	3
teâ	3
teòrico	3
tianetto	3
tifosaia	3
tignoxi	3
timbrava	3
timbro	3
tipografia	3
tipògrafo	3
tirabuscioin	3
tiraña	3
tiâghelo	3
tiâteli	3
tiò	3
toccandoghe	3
tocchiò	3
toccâve	3
tolleranse	3
tonnæa	3
tontoñan	3
tormente	3
tormentâ	3
tormentæ	3
tornemmosene	3
tornian	3
tortuou	3
toscian	3
tracianta	3
tracianti	3
tradisce	3
tradiçionæ	3
traduiò	3
traduxemmo	3
tragiche	3
tralasce	3
tramandâle	3
transcrivemmo	3
tranxitâ	3
tranxiçioin	3
trapeçio	3
trascriçioin	3
trascuansa	3
trascue	3
trasfiguesse	3
trasformava	3
trasformâlo	3
trasmettan	3
trasmissi	3
trategnîli	3
trattemmo	3
trattezzou	3
trattezzæ	3
trattâle	3
tratugoa	3
tratëgnan	3
traverse	3
traversâla	3
traversæ	3
tremmaxoin	3
trentamia	3
trenteneuv'oe	3
trentetræ	3
trentuneximo	3
treppou	3
treuvime	3
trexentodozze	3
trexentotrentun	3
tribollaçion	3
trillante	3
trionfou	3
tritollava	3
tritolli	3
triçiclo	3
troncou	3
trottâ	3
trovando	3
trovandoghelo	3
trovavi	3
trovæve	3
troñan	3
truffe	3
truffâ	3
truppa	3
tròtta	3
tröni	3
tumai	3
tuniche	3
turbolenta	3
turchiñe	3
tònni	3
tòst'oua	3
ucraina-ongaia	3
umanitäio	3
umiliâve	3
umoriximo	3
uniscio	3
universci	3
unn'ancia	3
unn'antenna	3
unn'appascionâ	3
unn'appòxita	3
unn'artista	3
unn'asccianatua	3
unn'ascidua	3
unn'assoluçion	3
unn'attenta	3
unn'autorizzaçion	3
unn'eccellensa	3
unn'eclisci	3
unn'effettiva	3
unn'emoscion	3
unn'esteisa	3
unn'etæ	3
unn'exilarante	3
unn'existensa	3
unn'indigestion	3
unn'infeliçe	3
unn'inluminaçion	3
unn'innoçente	3
unn'insegna	3
unn'inçixon	3
unn'italiaña	3
unn'obediensa	3
unn'oratoa	3
unn'oâ	3
unn'udiensa	3
unn'universcitæ	3
unn'æxia	3
unn'òttima	3
urgense	3
utente	3
uxuräio	3
v'abbandonieivan	3
v'affondæ	3
v'aggiuttava	3
v'ammiava	3
v'ammio	3
v'ammo	3
v'arresta	3
v'ascondo	3
v'assegua	3
v'attaste	3
v'attreuve	3
v'avesci	3
v'imbarassesse	3
v'ingannæ	3
v'inspio	3
v'interrompo	3
vaccinava	3
vaimmo	3
vaisan	3
valixee	3
valorizzaçioin	3
valuan	3
valuava	3
vantaggi	3
vanto	3
vantâse	3
variou	3
varsavia	3
vasetto	3
veddeivo	3
veggetta	3
veggetto	3
veggiâla	3
vegnîmela	3
vegnîte	3
vegnîvelo	3
vendeime	3
vendiei	3
vendite	3
venerou	3
ventoele	3
verderammo	3
verdon	3
vergheugnou	3
vergognoxi	3
vergognæ	3
verifichiemo	3
verificâse	3
verificæ	3
vernixâlo	3
vernixæ	3
verriña	3
versighe	3
versâghe	3
vestetta	3
vestivan	3
vestîlo	3
viagi	3
villezzi	3
vimmo	3
vint'euro	3
vintage	3
vinteximi	3
vinvære	3
violentan	3
violentæ	3
viovette	3
vire	3
viviësci	3
vixibilitæ	3
vixitan	3
vixito	3
vixivo	3
viægiemo	3
viægiësci	3
viöle	3
voeixi	3
volontäie	3
vonzeiva	3
vorpon	3
vorriâ	3
votan	3
votâne	3
vuæve	3
xanno	3
xattæ	3
xoemmo	3
zambiaña	3
zazzuña	3
zazzuñan	3
zembe	3
zena-pòrto	3
zenni	3
zenzigge	3
zenziggi	3
zermoggia	3
zingo	3
zinzañan	3
zonzuro	3
zugavo	3
zugheuie	3
zughian	3
zugâghe	3
zuiæ	3
çelebrava	3
çelebremmo	3
çelebri	3
çenava	3
çenge	3
çengia	3
çenteximi	3
çentilitri	3
çentovintitrei	3
çentralizzâ	3
çentro-meridion	3
çentuneximo	3
çercavimo	3
çerchie	3
çerchilo	3
çercâme	3
çercæve	3
çerneggia	3
çernive	3
çervi	3
çessava	3
çessou	3
çigno	3
çinquant'euro	3
çinquantedoî	3
çinquantequattr'anni	3
çinqueçentodexe	3
çiprie	3
çivilizza	3
ësile	3
ësiselo	3
ësive	3
ïsavan	3
ïsâlo	3
òmmo-fonzo	3
òpera	3
òrfane	3
òsservan	3
òçio	3
ödaçia	3
ödaçiosa	3
öguou	3
örian	3
102mia	2
109mia	2
11mia	2
124mia	2
235mia	2
250mia	2
270mia	2
341mia	2
3a	2
53mia	2
62mia	2
92mia	2
a0i	2
aa-i	2
abbaccioccæ	2
abbagasciou	2
abballottoâlo	2
abbandonâla	2
abbandonâse	2
abbandoñan	2
abbarlugavan	2
abbastan	2
abbattite	2
abbavaggiou	2
abbigoelâ	2
abbigoelæ	2
abbonassou	2
abbossou	2
abbossâ	2
abbou	2
abbranco	2
abbrassan	2
abbrassila	2
abbrassilo	2
abbrassime	2
abbreviou	2
abbreviâ	2
abitante	2
abolîle	2
abondan	2
abordio	2
abrammo	2
abòrdo	2
academiche	2
accanaggiæ	2
accaparranti	2
accapiæ	2
accattâte	2
accheuggi	2
accheuggio	2
acciammæ	2
acciantan	2
acciantâghe	2
acciappâne	2
accobbiamento	2
accobbiâ	2
accoegan	2
accommoddâme	2
accommoddæ	2
accommòddan	2
accompagnamenti	2
acconsentî	2
accontentâ	2
accontentâse	2
accordandome	2
accordandose	2
accordava	2
accostummâ	2
accostæve	2
accotellan	2
accresciuo	2
accuggendo	2
accurtia	2
accòrzan	2
acquixian	2
adattan	2
adattando	2
addentan	2
addentæ	2
addesciâte	2
addesciælo	2
addeuttou	2
addeuviemo	2
addeuviâlo	2
addormiscian	2
addormîme	2
addrissâlo	2
addrissæ	2
adeliña	2
adolescenti	2
adorâla	2
adressou	2
adulta	2
affadigou	2
affannou	2
affannâ	2
affermaçioin	2
affermo	2
affermâme	2
affeçioñan	2
affian	2
affiggioæ	2
afflito	2
affronti	2
affrontâse	2
affummæ	2
affusi	2
agevole	2
aggaiban	2
aggeine	2
aggettivi	2
aggiornamenti	2
aggiudicou	2
aggiustando	2
aggiuttavimo	2
aggiutte	2
aggraçiæ	2
aggredîlo	2
aggreppie	2
aggrescivi	2
aggressoî	2
aggrondou	2
aggroppou	2
aggroppâte	2
agguantandome	2
aggueitâla	2
agia	2
agilitæ	2
agogginou	2
agogginâ	2
agricoltô	2
agro-alimentare	2
agräio	2
agussa	2
agussâ	2
alimentian	2
allagnou	2
allamentan	2
allamentou	2
allarghiemo	2
allargâlo	2
allascou	2
alleccan	2
alleccæ	2
alleitugâ	2
alleou	2
allerte	2
allestiscio	2
alleve	2
allevemmo	2
allevæ	2
alliammou	2
allighio	2
allighiscian	2
allighî	2
allivellou	2
allonghia	2
allonghisce	2
allonghîse	2
allontanamenti	2
allughemmo	2
allugâli	2
allusa	2
alterou	2
alterâ	2
ambasciæ	2
ambiguitæ	2
ambiçioin	2
ammagagnou	2
ammagonâse	2
ammainou	2
ammaloccâ	2
amman	2
ammanchian	2
ammassavan	2
ammerso	2
ammieiva	2
ammii	2
amministratoa	2
amministro	2
ammiratô	2
ammissi	2
ammiâseghe	2
ammiâselo	2
ammiæghe	2
ammoccâlo	2
ammuggia	2
ammòrto	2
amoa	2
amoezzan	2
amoezzavan	2
analoghe	2
analoghi	2
ance	2
ancioa	2
ancoan	2
ancoâla	2
andando	2
andæghe	2
anesci	2
angonie	2
angosciava	2
angoscioxi	2
angosciâme	2
animaliste	2
annaixou	2
annaixæ	2
annotaçioin	2
annottou	2
ansa	2
anscietoxi	2
antidemocratico	2
antisemita	2
antiçipando	2
antiçipemmo	2
antologie	2
antropòloghi	2
anòmala	2
anòmali	2
appanou	2
appartegnue	2
appascionâme	2
appaxentâse	2
appellâse	2
appensan	2
appensite	2
appensâve	2
appensæve	2
apperlenguou	2
apperlenguæ	2
appillile	2
appillo	2
appissou	2
appreuvan	2
apprexâle	2
approfondii	2
appropiâ	2
appropiæ	2
apòcrifo	2
araba	2
arbe	2
arcaichi	2
ardenti	2
argentiñe	2
argeriña	2
arioplan	2
armanaccou	2
armanaccâ	2
armesse	2
armezzou	2
arraggiavan	2
arranchitelo	2
arrangemmose	2
arrangian	2
arrangiâli	2
arrappâ	2
arrappæ	2
arrasâ	2
arrecommanda	2
arrecommandandome	2
arrecommandavan	2
arrecuggeivan	2
arredossou	2
arredossâ	2
arregnoccou	2
arregnoccæ	2
arregordâme	2
arreixæ	2
arrembâte	2
arrescoxi	2
arrestava	2
arrestessan	2
arrestiò	2
arrestâsene	2
arretian	2
arreventæ	2
arreversou	2
arrezighe	2
arrezise	2
arrigoelou	2
arrigoelæ	2
arrigoou	2
arriou	2
arrissæ	2
arriviësci	2
arroinavan	2
arroiñan	2
arronsou	2
arronsâme	2
arruxenti	2
arruxentite	2
arruzzenia	2
arrëlou	2
arrëlâ	2
arröso	2
arrösâla	2
arsenâ	2
artefæto	2
arviei	2
arvite	2
arvîme	2
arçiprævi	2
asbascian	2
asbasciâne	2
asberruffou	2
asbrivo	2
asbriâli	2
asbriâseghe	2
ascciæii	2
ascette	2
ascidioxi	2
ascordavan	2
ascrito	2
ascurtia	2
ascòrdo	2
asili	2
aspertoin	2
aspie	2
aspirou	2
aspëtavimo	2
assavoio	2
assazoei	2
assazzila	2
assegnâle	2
assegnâli	2
asseguite	2
asseguâmene	2
asseguâne	2
assesto	2
assettavan	2
assetto	2
assettâmeghe	2
asseunnan	2
assobaccâ	2
assoluçioin	2
assonta	2
assotterræ	2
assuccæ	2
assuefâla	2
assumeggiâse	2
assuppou	2
assòlti	2
astallou	2
astallâlo	2
astegnîme	2
astimmâse	2
astissou	2
astrassonæ	2
astreita	2
astrològica	2
ate	2
ati	2
atlantiche	2
atmosferichi	2
attaccâme	2
attaccâne	2
attappan	2
atterraggi	2
atterro	2
attichi	2
attissan	2
attiâme	2
attorniavan	2
attortignâ	2
attraccou	2
attraversan	2
attraversando	2
attraversæ	2
attribuie	2
attribuii	2
attrovandose	2
attrovavan	2
attrovian	2
attrovâte	2
attræta	2
attuscegæ	2
atòmichi	2
audiçioin	2
australia	2
austro-piemonteixi	2
autobiografichi	2
automòbile	2
autoritäi	2
autoritäie	2
autògrafa	2
avansemmo	2
avaro	2
aveighea	2
aveighele	2
aveise	2
aviâ	2
avvantaggiou	2
avvardo	2
avvardâte	2
avvegiornio	2
avvegnian	2
avvegnimento	2
avvegnivan	2
avvertivan	2
avvexinâla	2
avvexinæve	2
avvexiñan	2
avvian	2
avvilii	2
avvisan	2
avvisava	2
avviscou	2
avvistæ	2
avvixinandose	2
avvoxan	2
axime	2
aximæ	2
azzerbou	2
azzonzila	2
açendeime	2
açendighe	2
açendise	2
açertan	2
açetti	2
açimentose	2
açimentoxi	2
açimentâme	2
aòsta	2
bagian	2
bagnan	2
bagnava	2
bagnemmo	2
bagon	2
baifarde	2
baleuistro	2
balletto	2
ballæñe	2
bambordiva	2
banastra	2
bancäi	2
bancäia	2
bandete	2
banse	2
barbacio	2
barbea	2
barbouti	2
barbòtte	2
barbòtti	2
bardasciamme	2
baroin	2
barrâ	2
bassorilievi	2
bastieivan	2
basâse	2
battan	2
batteivan	2
battemmo	2
battezzan	2
battila	2
battimeghe	2
battistëi	2
battosaia	2
battuggiava	2
battuggiou	2
battuggiâ	2
baussava	2
baussou	2
baxan	2
baxavan	2
baxâghe	2
baxâghela	2
baxâla	2
beate	2
beccassa	2
becchelleuia	2
beccian	2
beguddou	2
bell'affare	2
bell'aggiutto	2
bell'angeo	2
bell'idea	2
belòtta	2
benexia	2
benexie	2
benexiscian	2
benexiva	2
beniamin	2
berbexin	2
besagniñe	2
bestentæ	2
besughe	2
betòrdi	2
beuili	2
beussai	2
bevesci	2
bevieiva	2
bevià	2
bevue	2
bevui	2
bicarbonæ	2
biografiche	2
bloccou-pe-çinque-oe-into-deserto-mescican	2
boccui	2
boei	2
boffi	2
boggi	2
boggian	2
boggivan	2
bolicci	2
boliña	2
bollemmo	2
bologneixi	2
bombardavan	2
bombezzava	2
bonifaçin	2
bonòmmi	2
borboggi	2
borboggian	2
bordadde	2
borde	2
bordelli	2
bordigòtti	2
boridde	2
bosticcava	2
botaniche	2
botanichi	2
botanico	2
bottiggioin	2
botton	2
brae	2
braghettoin	2
brano	2
brassalli	2
braxee	2
braxiliañe	2
brega	2
bregan	2
bregantin	2
bregava	2
bregou	2
brevettou	2
brillanti	2
britannichi	2
briñe	2
brocca	2
brughee	2
brumma	2
brustolii	2
brustoliva	2
bruxemmo	2
bruzzio	2
bruzziva	2
bruzzou	2
bröchin	2
buddiximo	2
bugatte	2
burgae	2
burlâme	2
burlâte	2
buròcrati	2
busche	2
busci	2
buteghinê	2
butegæa	2
buxi	2
bätava	2
bæxinâ	2
böe	2
cacavai	2
caccezzava	2
cacchi	2
cacciandose	2
caccile	2
caccià	2
cacciâte	2
cacciæve	2
cacciò	2
cafettee	2
cagando	2
caghià	2
caigæ	2
caistie	2
calesci	2
callæ	2
calummâ	2
calunnie	2
camallava	2
camallette	2
camioniste	2
camionisti	2
camminià	2
camoava	2
camon	2
campanette	2
campanou	2
campanâ	2
campava	2
campezzi	2
canapê	2
cannelle	2
cannocciæ	2
cannoezzi	2
canottee	2
cantadô	2
cantegoe	2
cantià	2
cantiö	2
cantâghele	2
canòtti	2
capaçi	2
capie	2
capiscime	2
capitalista	2
capitalisti	2
capitania	2
capite	2
capitolou	2
capitolâ	2
cappetreno	2
cappitreno	2
cappussiñe	2
caratterizzava	2
carcasse	2
cardiache	2
carman	2
carmâve	2
carnesæ	2
carpe	2
carrattea	2
carregava	2
carregæ	2
carrette	2
carretto	2
carreu	2
carroggea	2
cartaveddro	2
cartezzou	2
cartezzâ	2
cartiñe	2
cartonetti	2
cartæ	2
caschetti	2
cassai	2
caste	2
castiga	2
castigan	2
castigava	2
castrevegio	2
castöi	2
casængo	2
catalettico	2
catechizzâlo	2
cattâme	2
cavagne	2
cavalletti	2
cavalliña	2
cavan	2
cavava	2
caviâ	2
cavâte	2
caxonava	2
caxonâlo	2
caxoño	2
cazzessan	2
cazziæ	2
caòtica	2
ce	2
cegâme	2
cente	2
ceuvo	2
ch'addeuviemmo	2
ch'aise	2
ch'ammiemmo	2
ch'ammiæ	2
ch'andavan	2
ch'andemmo	2
ch'arrembe	2
ch'ascondan	2
ch'aviemo	2
ch'avvardava	2
ch'avvoxiò	2
ch'avvëgne	2
ch'impediscian	2
ch'insce	2
ch'intravan	2
ch'investimmo	2
ch'ëi	2
ch'òffran	2
cherosen	2
cheufani	2
cheulloa	2
cheuxo	2
chillogrammo	2
chintañe	2
chinze-dixeutto	2
chitti	2
ciaciara	2
ciaciaravan	2
cialumma	2
ciammandola	2
ciammate	2
ciammavi	2
ciammila	2
ciammâle	2
cianelle	2
ciantâghe	2
ciantâse	2
cianzeivo	2
cianzui	2
cianzussou	2
ciappava	2
ciappetta	2
ciappussan	2
ciappæ	2
ciarbòttan	2
ciarbòtto	2
ciassata	2
ciassate	2
ciassæ	2
ciavâle	2
ciavæñe	2
ciañe	2
ciccioezi	2
cioccando	2
ciocche	2
ciocco	2
ciongi	2
cioñi	2
ciummoin	2
ciuveivan	2
ciuvieiva	2
ciuvue	2
civile	2
ciæoscui	2
ciætezzosa	2
ciöde	2
ciömo	2
ciöse	2
ciötou	2
cocaiñe	2
coegâ	2
coerense	2
coerenti	2
coggioin	2
coggion	2
cogheuo-otri	2
colandro	2
collabora	2
collaboratô	2
collaboraçioin	2
collocava	2
colonizza	2
colonnelli	2
colorava	2
colore	2
coltivaçioin	2
combattià	2
combattua	2
combaxou	2
combiñi	2
comensiemo	2
comm'aggimo	2
comm'arrivavan	2
comm'aviësci	2
comm'emo	2
commandezzo	2
commetto	2
commoçioin	2
communicæ	2
communiste	2
communisti	2
compara	2
compatibili	2
compensava	2
compensiò	2
competua	2
compiaxei	2
compiaxua	2
compiaxuo	2
compimenti	2
compiscio	2
complemento	2
completava	2
complica	2
complòtti	2
comportando	2
comportâlo	2
comportâme	2
comprendemmo	2
comprendo	2
comprenscivo	2
comprica	2
comprican	2
compromettan	2
comprometteiva	2
comprovou	2
conche	2
concluddan	2
concluddise	2
concordava	2
concretizza	2
condannavan	2
condannesse	2
condanniæ	2
condiviso	2
conduime	2
confederaçioin	2
confermo	2
confessesse	2
confessæ	2
confeto	2
confeçioin	2
confeçionemmo	2
confeçioña	2
confiemmo	2
confinâ	2
confiæ	2
confrontemmo	2
confòrti	2
congelou	2
congresci	2
conlaboraçioin	2
conlaboremmo	2
conliga	2
connesse	2
connesso	2
connettise	2
conquistatoî	2
conquistava	2
conquiste	2
consacrâ	2
consapeivi	2
consciderando	2
consciderevoli	2
conscisteiva	2
conscistense	2
conseggieivan	2
consegnando	2
consegniemo	2
consegno	2
consegnâve	2
consentia	2
consentisse	2
consentiva	2
conservæle	2
consolato	2
constanse	2
constatava	2
constellaçion	2
constippi	2
constituçioin	2
construeivan	2
construo	2
consultiò	2
consummæ	2
consurtaçioin	2
consurtâ	2
consurtâse	2
contadiñe	2
contamicce	2
contandoli	2
contegnimmo	2
contegnitoî	2
contegnîle	2
conteise	2
contemplativo	2
contemplæ	2
contentin	2
contezzou	2
contezzâ	2
contila	2
continuando	2
contornou	2
contracangiava	2
contradito	2
contradî	2
contradîle	2
contradîlo	2
contraiâ	2
contrapeixi	2
contrasta	2
contrattava	2
contrattou	2
contrattâ	2
controffenscive	2
controllâlo	2
controversci	2
contræta	2
convalidâ	2
conversava	2
conversou	2
converti	2
convertisse	2
convertîse	2
convinsise	2
convinçioin	2
convocava	2
conzonti	2
conçentrava	2
cooperaçioin	2
coraggiose	2
cordoin	2
cornabugge	2
corpiscio	2
corpivan	2
corpiò	2
correa	2
correspondenti	2
correspòsti	2
correzzeiva	2
corrispondensa	2
corrispondenti	2
corrissan	2
corrotti	2
corroxive	2
corrîse	2
corse	2
cortexie	2
cortezza	2
cortezzou	2
cortiva	2
corzeu	2
cosciense	2
costipâ	2
costiæ	2
costoxi	2
costreite	2
costrenzendo	2
costruia	2
costruiva	2
costruti	2
costruçioin	2
cotelette	2
covertue	2
coxinavan	2
coxinâle	2
coxiñan	2
creava	2
creddesci	2
creddui	2
cremmoxi	2
cremoneise	2
crenatua	2
crenou	2
creo	2
creppatue	2
creppoin	2
cresci	2
crescianse	2
crestallizzæ	2
cretiñe	2
creuvi	2
creuxi	2
criavi	2
cricche	2
criticava	2
criâghe	2
croata	2
croccou	2
cronològica	2
cronològico	2
crovieiva	2
cruçiou	2
cruçiâ	2
cræta	2
cræti	2
cræto	2
crövi	2
cuatô	2
cuavan	2
cuesse	2
cuggei	2
cui	2
cuo	2
curcuma	2
curricula	2
cursoa	2
curvatua	2
custòdia	2
cuxie	2
cuâlo	2
cuâme	2
cädue	2
cäsafrusti	2
cäsâla	2
cäçinasso	2
cæzou	2
cæzâ	2
còrse	2
cô-o	2
cônetta	2
d'abbandonâme	2
d'abborrascou	2
d'abeti	2
d'abitaçioin	2
d'accapîme	2
d'accattâghe	2
d'accattâghene	2
d'accattâsela	2
d'acciammâghe	2
d'acciappâli	2
d'accompagnâ	2
d'accompagnâla	2
d'accompagnâme	2
d'accusa	2
d'adattâ	2
d'affinâ	2
d'affiâse	2
d'aggiustâ	2
d'aggiuttâte	2
d'agguantâ	2
d'aggueitâ	2
d'aggueitâme	2
d'agrecco	2
d'aleppo	2
d'allontanâve	2
d'allugâli	2
d'alluminio	2
d'allögi	2
d'ambiente	2
d'ambiçioin	2
d'ambra	2
d'ammagonâse	2
d'ammancâ	2
d'ammassâlo	2
d'ammassâme	2
d'ammiâle	2
d'ammiâli	2
d'ammiâme	2
d'ammâ	2
d'ananas	2
d'angæzi	2
d'animaçion	2
d'annette	2
d'annonçio	2
d'ansolle	2
d'antepoñe	2
d'antiçiclon	2
d'anâme	2
d'appissâ	2
d'applicaçioin	2
d'apprexâlo	2
d'approvâ	2
d'appösâ	2
d'arcangeo	2
d'armonia	2
d'arrangiâse	2
d'arrebellâ	2
d'arroinâle	2
d'arröbâghe	2
d'asbasciâ	2
d'asbriâseghe	2
d'ascistî	2
d'ascondilo	2
d'aspertixe	2
d'assascinamenti	2
d'assegnâ	2
d'assensa	2
d'assotterrâla	2
d'assunnâme	2
d'assunnâse	2
d'aste	2
d'asti	2
d'attaccamento	2
d'attoî	2
d'attrovâla	2
d'attrovâve	2
d'avansâ	2
d'avansâve	2
d'aviditæ	2
d'avviso	2
d'açido	2
d'ebrëi	2
d'edificâ	2
d'eleçion	2
d'erbo	2
d'ereditæ	2
d'erroî	2
d'esprimme	2
d'esprimmise	2
d'estrema	2
d'evaxon	2
d'exammi	2
d'execuçion	2
d'exempi	2
d'exerçitâla	2
d'exerçiçio	2
d'imbastî	2
d'imbatto	2
d'impaçiensa	2
d'impedîmelo	2
d'impegno	2
d'impreise	2
d'imprescionâ	2
d'impæntâse	2
d'impî	2
d'inandiâme	2
d'incontrâse	2
d'incoraggî	2
d'indiaña	2
d'indicâme	2
d'indigestion	2
d'indipendensa	2
d'indovinâ	2
d'informatica	2
d'ingleise	2
d'ingrasciâ	2
d'inguenti	2
d'inmòbili	2
d'innamoâse	2
d'innovaçion	2
d'inricchîse	2
d'insciste	2
d'intelletto	2
d'intendise	2
d'interpretâ	2
d'intervento	2
d'inventäio	2
d'investigatoî	2
d'invexendâ	2
d'invidia	2
d'invitâne	2
d'inviâ	2
d'istöia	2
d'italian	2
d'o	2
d'oegia	2
d'offiçiâ	2
d'offiçiæ	2
d'onestæ	2
d'organizzaçion	2
d'organizzâme	2
d'ortografia	2
d'ortoneuvo	2
d'oscigeno	2
d'osservâ	2
d'otri	2
d'union	2
d'urtima	2
d'uverno	2
d'æghe	2
d'ænin	2
d'òrdio	2
d'òrgano	2
da-	2
daggæxi	2
dalla	2
damixañe	2
danna	2
debitoe	2
decantou	2
dechiñi	2
deciaran	2
deciarià	2
deciarâle	2
decollou	2
decompoñe	2
decompòsto	2
decorso	2
decöro	2
dedichiâ	2
dediçioin	2
deduta	2
deduxe	2
defendan	2
defendemmo	2
defenscivi	2
defilâ	2
definindo	2
definivan	2
definîla	2
definîse	2
definîte	2
degenera	2
degiffrou	2
deliggiava	2
delinia	2
deliniou	2
demiscion	2
democratiche	2
democraçie	2
demoesse	2
demostran	2
demostrou	2
deneghià	2
denegâte	2
denegæ	2
dentæ	2
depeixi	2
dependense	2
deprimmise	2
derenæ	2
deruesse	2
desandiava	2
desarmemmo	2
desarmâla	2
desastrosa	2
desavvantaggia	2
desavvantaggiosa	2
desballa	2
desbarassava	2
desbarassæ	2
desbarcan	2
desbloccou	2
desblòcca	2
desbreuggia	2
descadenâ	2
descancasciava	2
descancasciæ	2
descangiou	2
desccega	2
descciöso	2
descheiti	2
desciou	2
desciâ	2
desconoscensa	2
descorpâse	2
descorrissan	2
descoverciou	2
descriveivan	2
descrivila	2
descuxii	2
descäse	2
desentegâlo	2
desfan	2
desfascia	2
desfasciæ	2
desfiemmo	2
desfiguæ	2
desfregoggiou	2
desgaggiou	2
desgheuggili	2
desgranava	2
desgranou	2
desguggeita	2
desgustâne	2
desimpegnava	2
desimpegnou	2
desinsciou	2
deslenguo	2
deslenguæ	2
deslogou	2
deslögi	2
desmascara	2
desmisse	2
despiaxue	2
despixoña	2
despontæ	2
despuggiâsene	2
despëtenava	2
desreixâ	2
destaccæla	2
destanava	2
destappâ	2
destappâlo	2
destegava	2
destegou	2
destendilo	2
destettou	2
destillaçion	2
destinan	2
destomagoxi	2
destonou	2
destonâ	2
destruan	2
destruçioin	2
desturbava	2
desturbâle	2
desumaña	2
desvellâ	2
desventega	2
desvian	2
desviava	2
desviluppou	2
desviluppâ	2
desviluppâse	2
desviæ	2
detaggiou	2
detaggiâ	2
detaggiæ	2
detegnue	2
determinanti	2
dettâ	2
deuo	2
deurte	2
deurti	2
deutte	2
deuvieiva	2
deviaçioin	2
dexidera	2
dexigrammi	2
dexime	2
dezeou	2
dezeâ	2
deçiddiæ	2
deçise	2
diacolon	2
dialogou	2
diañe	2
dibattiti	2
dicce	2
difendan	2
difendeivan	2
difendine	2
difendise	2
differençian	2
differençiæ	2
diffuso	2
digerisce	2
dignitäi	2
dimettan	2
dimettise	2
dimiscionäia	2
dimiscionäio	2
dimissi	2
dimostraçion	2
dinamichi	2
dinamico	2
dinamiximo	2
dipendesse	2
diplomatiche	2
dirizzime	2
discimulou	2
disciprinou	2
disciprinæ	2
discoro	2
discreçioin	2
discriminaçioin	2
discusci	2
discuttan	2
discutteivan	2
disegnan	2
disegualianse	2
dispera	2
disperæ	2
disponei	2
disponeivan	2
dispoñan	2
disputou	2
disseccou	2
dissuadilo	2
distinti	2
distinçioin	2
distribuisci	2
distribuiva	2
disturbi	2
divaga	2
divagâse	2
diverscifica	2
dividdeiva	2
dividdise	2
divixibili	2
diviñe	2
divurga	2
divurgatoa	2
divurgaçioin	2
divòrçia	2
dixeivan	2
dixendogheo	2
doamiaçinque	2
doie	2
doivan	2
domandite	2
domandâla	2
dond'anava	2
donnâ	2
dormie	2
dormiggioso	2
dormiggiou	2
dott	2
doveighele	2
doveimeghe	2
doveine	2
doviæn	2
dozz'euro	2
dragoñe	2
dramatichi	2
dramaturgia	2
drisse	2
drui	2
drïtoña	2
dubie	2
dughi	2
duxentoeutto	2
duxentosciuscianta	2
duxentoun	2
duxessa	2
dâmei	2
dâmelo	2
dælo	2
dæmeo	2
dëi	2
dîghele	2
dîghene	2
dòrmie	2
ebraiximo	2
eccellensa	2
economista	2
ecuadoriaña	2
educativi	2
effettive	2
effettivi	2
egiçiañe	2
egoiste	2
egoiximo	2
eivei	2
elaborou	2
elastiche	2
elettriçista	2
elettròniche	2
elevâ	2
emançipâse	2
emblematica	2
emersa	2
emilia-romagna	2
emiliañe	2
emoscionanti	2
emotivo	2
energetica	2
enfaxi	2
enormi	2
ensi	2
ente	2
entuxasmante	2
entuxasmi	2
entuxasmou	2
entuxasmæ	2
entuxasti	2
epoche	2
equivoca	2
erfê	2
erlie	2
eròtica	2
esatto	2
esclusa	2
escluse	2
escluxoin	2
espanscioin	2
esperimenti	2
esperte	2
esponemmo	2
esportaçion	2
esportæ	2
estinte	2
estinçion	2
estremi	2
eterni	2
etimològica	2
euggezzan	2
evaxon	2
eventuale	2
eventuali	2
evoluçioin	2
examinavan	2
exatto	2
executiva	2
executivi	2
exerçitâ	2
exilio	2
existençiali	2
existii	2
eçellenti	2
fabricaçioin	2
fabrichi	2
fade	2
fadigælo	2
fagghene	2
faiæn	2
fallià	2
familiarizzâ	2
familiarizzâse	2
fannitelo	2
fanti	2
farchi	2
farmacia	2
fasceue	2
fattorie	2
favorio	2
faxeivi	2
faxendose	2
façilitaçioin	2
feministi	2
femmoselo	2
fermâmeghe	2
fermâte	2
fermâveghe	2
festecco	2
festezzava	2
festezzavan	2
festezzian	2
festezzæ	2
festivitæ	2
figgettiñe	2
figuandose	2
figuavan	2
figuesse	2
figuete	2
figuâsela	2
figuâselo	2
filosofie	2
filoña	2
filtra	2
finançian	2
finiscimo	2
fiorentiñe	2
fissesse	2
fissian	2
fixico-morale	2
fixime	2
flauti	2
foenti	2
fogosa	2
fogoso	2
folcloristiche	2
folcloriximi	2
folla	2
folli	2
fondee	2
fondeivan	2
fondilo	2
fonetiche	2
fonçionäia	2
formaggetta	2
formaggiæa	2
formalizzâlo	2
formule	2
fornian	2
fornicaçion	2
forniva	2
fortiscime	2
fotocòpie	2
fotografico	2
fotovoltaichi	2
fotovoltaico	2
fottigniña	2
fotògrafe	2
foxaña	2
fracassa	2
franche	2
franchesse	2
franella	2
franto	2
franzoei	2
frazza	2
frazzava	2
frazzou	2
frazzâ	2
frecce	2
frenan	2
frenæ	2
frequentavan	2
frequentæ	2
fresse	2
frette	2
frigognou	2
frigognâ	2
frigognâse	2
frilli	2
frisciolæ	2
frizzan	2
frizzile	2
frollato	2
frouxi	2
frustava	2
frustieiva	2
frute	2
fuccaa	2
fummatoî	2
fummavan	2
fummo	2
fummæ	2
furba	2
furbi	2
furgoin	2
furiosa	2
furlen	2
fuzze	2
fâghele	2
fâteli	2
fäscificou	2
fäsoei	2
færimòrti	2
fëi	2
fïferretti	2
fòddro	2
gabriælo	2
gaggiarde	2
galantiña	2
galiçiaña-portogheise	2
galleise	2
galoppava	2
galoppou	2
gancetti	2
gangao	2
garantie	2
garantivan	2
gastado	2
gastrite	2
gattiña	2
gazzabuggio	2
gazzan	2
generava	2
genâme	2
geografiche	2
geometria	2
gessi	2
gestiscian	2
gh'abbastan	2
gh'acciappava	2
gh'accompagnava	2
gh'accòsta	2
gh'adatti	2
gh'addentava	2
gh'afferman	2
gh'aggi	2
gh'alleva	2
gh'allontanava	2
gh'allögia	2
gh'ammie	2
gh'ammiemmo	2
gh'ammuggian	2
gh'appensan	2
gh'appresentan	2
gh'arrecoviava	2
gh'arrestavan	2
gh'arreste	2
gh'arrestesse	2
gh'arrestian	2
gh'arröban	2
gh'ascistià	2
gh'assettavan	2
gh'astrenzeiva	2
gh'attacco	2
gh'attasta	2
gh'attastava	2
gh'attreuvo	2
gh'attrovesse	2
gh'aveivi	2
gh'aviemo	2
gh'aviëscimo	2
gh'azzonzemmo	2
gh'azzonzià	2
gh'azzonziò	2
gh'açende	2
gh'exibiscio	2
gh'impiva	2
gh'impoñan	2
gh'impoñe	2
gh'ingrasciava	2
gh'intravan	2
gh'intravëgne	2
gh'occorrivan	2
gh'offriæ	2
gh'ordinava	2
ghian	2
ghiggion	2
ghirba	2
ghise	2
giachetton	2
giacobiña	2
giaminæ	2
giamiñi	2
giandoñan	2
giappava	2
giappou	2
giardinea	2
giascian	2
giasciugava	2
giasciugou	2
giastemmando	2
giavimo	2
giemmo	2
ginnastiche	2
giornaliste	2
giornalæ	2
gipponetti	2
giudicavan	2
giudichiemo	2
giustificaçioin	2
giâlo	2
giâse	2
globalizzou	2
globalizzâ	2
gnische	2
gomiæ	2
gosse	2
governan	2
gradîlo	2
grandiscime	2
granfi	2
granfigneuie	2
grasciue	2
grattan	2
grattâme	2
grattæme	2
griffon	2
grifon	2
grisantemo	2
gritte	2
grottesche	2
gruzzi	2
guariva	2
guastæ	2
guerrezzee	2
guersezzavan	2
gustando	2
gustemmo	2
gustâte	2
guägnando	2
guägnâlo	2
guägnâne	2
gòffe	2
gòffi	2
gòtichi	2
gödan	2
gödimenti	2
gödîve	2
göghe	2
göza	2
icònica	2
icòniche	2
icònichi	2
identica	2
identico	2
identificavan	2
identificâse	2
identitäi	2
identitäie	2
idiomatica	2
idiomatico	2
idratou	2
idroelettrica	2
ignoranse	2
illuminæ	2
imaginaçioin	2
imaginemmose	2
imaginâseli	2
imaginäie	2
imaginæ	2
imbabollou	2
imbarasci	2
imbarassan	2
imbarcæ	2
imbatti	2
imbellinou	2
imbibinou	2
imbreuggian	2
imbreuggio	2
imbriægoin	2
imbròggian	2
imbuzzarou	2
imbösâme	2
imparçiale	2
impassiscian	2
impastâlo	2
impeccabili	2
impedie	2
impegnâli	2
imperturbabile	2
impestæ	2
impiccâ	2
impiegâme	2
impiegâve	2
impimmo	2
impioso	2
implicâ	2
impo	2
imponeiva	2
imponeivan	2
imponendo	2
importandoghe	2
importâ	2
impostemmo	2
impostoî	2
impoñighe	2
impremuâme	2
imprendeivan	2
imprendemmo	2
imprendilo	2
imprestesse	2
imprexoñan	2
improviste	2
improvisti	2
impëi	2
impòstan	2
impòste	2
inandiando	2
inandiavan	2
inatteise	2
incappellou	2
incarassou	2
incarassâ	2
incarassâle	2
incarregan	2
incasciando	2
inciastron	2
inciastrou	2
inciòstri	2
includdan	2
incombense	2
incomensan	2
incomenso	2
incomensâ	2
incontrava	2
incontravan	2
incoraggî	2
incoraggîlo	2
incorpâ	2
incredibili	2
incroxi	2
incroxou	2
incroxâ	2
incòmmodi	2
indagavan	2
indegnitæ	2
indemoniâ	2
independense	2
independenti	2
indeçixi	2
indican	2
indicâli	2
indigena	2
indiscrete	2
indiscreti	2
individuou	2
indovinavan	2
indubitou	2
induou	2
induâ	2
infami	2
inferni	2
infettou	2
infiavan	2
inflaçion	2
infonde	2
infondighe	2
informan	2
informava	2
infranchio	2
infranchîse	2
infricciava	2
infriccio	2
infuso	2
ingambâ	2
ingannando	2
inganne	2
ingannâlo	2
ingannâse	2
ingessou	2
ingiarma	2
ingiarman	2
ingiänia	2
ingleise-australiaña	2
ingoe	2
ingombia	2
ingrascian	2
ingraviou	2
ingraviâ	2
inguanno	2
inguggeite	2
iniçiali	2
inlardonou	2
inlezzibili	2
inlustre	2
inlustrâme	2
inmattio	2
inmattî	2
inmobiliou	2
inmobiliâ	2
inmoneghi	2
inmonegou	2
inmortalizzou	2
inno	2
innovou	2
inquaddræ	2
inquixitoî	2
inresponsabili	2
inroccou	2
insavonâse	2
insavonæ	2
insavoî	2
inscemmio	2
inscemmî	2
insciammaçioin	2
insciammæ	2
insciou	2
inseggiâse	2
insegne	2
insellou	2
insetti	2
insetto	2
insordio	2
insospettio	2
inspaximan	2
inspaximâla	2
inspettoî	2
inspian	2
inspirâ	2
inspiræ	2
instangâ	2
instituî	2
instraddava	2
instruîse	2
insugou	2
insultan	2
insultou	2
insuppa	2
insuppo	2
insuppæ	2
insâlo	2
insònnia	2
intaggian	2
intaggiâne	2
intelligense	2
intelligenti	2
intendemmo	2
intendesse	2
intendisela	2
interaçioin	2
internaçionæ	2
interpretan	2
interpretemmo	2
interrogaçioin	2
interrompîne	2
interræle	2
intervegnià	2
intervëgnan	2
intimi	2
intimisti	2
intravegniva	2
intresso	2
intressâle	2
introduta	2
intromettise	2
intromissa	2
introspettiva	2
invegio	2
inventan	2
invernixou	2
invernixæ	2
inversan	2
inverse	2
inversâse	2
investi	2
investigan	2
invexendan	2
invidie	2
invidiosa	2
inviscou	2
invitan	2
involontäi	2
invrea	2
inzegnæ	2
inzenoggia	2
inzëgnan	2
inäi	2
inäiâ	2
inçidde	2
inçiso	2
iperbarica	2
ipòcriti	2
iraniañe	2
istruio	2
italia-stati	2
l'81eximo	2
l'84	2
l'86	2
l'89	2
l'abachin	2
l'abbandoña	2
l'abbastià	2
l'abbatteiva	2
l'abbellisce	2
l'abbòsso	2
l'abimma	2
l'abonda	2
l'accapian	2
l'accattiësci	2
l'accaxoniò	2
l'accaxonou	2
l'accheuggian	2
l'accheuggio	2
l'acciamme	2
l'acciantià	2
l'acciappan	2
l'acciappo	2
l'accompagnan	2
l'acconto	2
l'accordato	2
l'accostava	2
l'accotella	2
l'accresce	2
l'accurtisse	2
l'addentava	2
l'addeuvi	2
l'addeuviava	2
l'addormiva	2
l'addrissava	2
l'adduxe	2
l'adige	2
l'adottava	2
l'affogava	2
l'affronto	2
l'affummava	2
l'aggibba	2
l'aggradisse	2
l'aggradî	2
l'aggravava	2
l'agilitæ	2
l'agitaçion	2
l'agretta	2
l'aivo	2
l'allargava	2
l'allena	2
l'alloava	2
l'allongava	2
l'allontanâse	2
l'alluga	2
l'alterna	2
l'amaa	2
l'ambiva	2
l'ammagonava	2
l'ammassieivan	2
l'ammassià	2
l'ammassâ	2
l'ammerma	2
l'ammetteiva	2
l'ammeua	2
l'amministra	2
l'ammobiliava	2
l'ammodernamento	2
l'ammortava	2
l'amore	2
l'analizzava	2
l'andania	2
l'anessan	2
l'anestetizzià	2
l'annette	2
l'annonçiava	2
l'anteguæra	2
l'apparta	2
l'appartegnî	2
l'appendeiva	2
l'appicco	2
l'appissa	2
l'appossava	2
l'apprexa	2
l'apprichiemo	2
l'approfitta	2
l'approfondimento	2
l'approvesse	2
l'appægia	2
l'appösava	2
l'arboa	2
l'arcançê	2
l'ardio	2
l'ariopòrto	2
l'armava	2
l'armella	2
l'arpin	2
l'arrampinâse	2
l'arrancava	2
l'arrappava	2
l'arrecampava	2
l'arrecommandâ	2
l'arreixava	2
l'arremediava	2
l'arrestieiva	2
l'arriessan	2
l'arriga	2
l'arrionda	2
l'arroinavan	2
l'arronsava	2
l'arruxentava	2
l'arrösâlo	2
l'arsenâ	2
l'artexaña	2
l'articola	2
l'arvisse	2
l'arvo	2
l'ascetta-pippa	2
l'ascisteiva	2
l'ascistisse	2
l'asciurdo	2
l'ascondan	2
l'asgreia	2
l'asmortava	2
l'asperto	2
l'assasciña	2
l'assazza	2
l'assazzava	2
l'assegnava	2
l'assobacca	2
l'assolveiva	2
l'assummeiva	2
l'astimma	2
l'astrofoggia	2
l'ata	2
l'attaccante	2
l'attaccava	2
l'attastava	2
l'attaxenta	2
l'attende	2
l'atterraggio	2
l'atterrava	2
l'attiava	2
l'attivo	2
l'attribuisce	2
l'attrà	2
l'avanso	2
l'avvista	2
l'açendesse	2
l'açimento	2
l'e-mail	2
l'ecologiximo	2
l'edifica	2
l'educava	2
l'effiçiensa	2
l'egoista	2
l'emerze	2
l'episòdio	2
l'equatô	2
l'ermitto	2
l'eroiña	2
l'escluddeiva	2
l'escluxiva	2
l'espandeiva	2
l'esplorava	2
l'esploxon	2
l'esplöra	2
l'esponeiva	2
l'espòrta	2
l'estaxi	2
l'estimman	2
l'estimmou	2
l'estinçion	2
l'estrà	2
l'euggiâ	2
l'examinava	2
l'exegue	2
l'existesse	2
l'exita	2
l'exitava	2
l'idrògeno	2
l'ignöra	2
l'imagiña	2
l'imbarassava	2
l'imbarcava	2
l'imbarco	2
l'imbottiggiava	2
l'imbragatua	2
l'imbrago	2
l'imbriægava	2
l'imbriægon	2
l'imita	2
l'impastava	2
l'impiegava	2
l'imponensa	2
l'imponente	2
l'imponesse	2
l'impostava	2
l'imprescioña	2
l'imprestava	2
l'imprexonava	2
l'impænta	2
l'inandi	2
l'inandià	2
l'incallava	2
l'incantava	2
l'incarna	2
l'incascia	2
l'incascieiva	2
l'includde	2
l'includdeiva	2
l'incomprenscion	2
l'incontriò	2
l'incornixava	2
l'incrosta	2
l'incurscion	2
l'indemoniou	2
l'indichesse	2
l'indico	2
l'indirissa	2
l'indovinesse	2
l'infinia	2
l'influensava	2
l'infæña	2
l'ingranaggio	2
l'ingrascia	2
l'iniçiale	2
l'inlarghisce	2
l'inlassava	2
l'inluminava	2
l'inmagrisce	2
l'innamoâ	2
l'inonda	2
l'inricchiva	2
l'inscistensa	2
l'inscrive	2
l'inspiava	2
l'installa	2
l'instaurâse	2
l'insultesse	2
l'intaña	2
l'intendei	2
l'intendià	2
l'interrompiva	2
l'interruttô	2
l'interven	2
l'intervistatô	2
l'intratëgne	2
l'intravegnià	2
l'intressava	2
l'intæra	2
l'invadde	2
l'inventa	2
l'inverdugava	2
l'inversava	2
l'invesciga	2
l'investigava	2
l'invitava	2
l'inzegnava	2
l'inzenoggiatöio	2
l'inzenoggiava	2
l'ipocrexia	2
l'iraniaña	2
l'irlandeise	2
l'isoava	2
l'istòrica	2
l'italianiximo	2
l'occorreiva	2
l'occorriva	2
l'occupava	2
l'offendeiva	2
l'offriva	2
l'onnipotente	2
l'operava	2
l'ordina	2
l'organismo	2
l'ormezza	2
l'ormezzou	2
l'orribile	2
l'oròscopo	2
l'ossescion	2
l'ottavo	2
l'ouco	2
l'umidisce	2
l'umiliava	2
l'univa	2
l'urgensa	2
l'uxuräio	2
l'ïsava	2
l'òmmo-mosca	2
l'öchin	2
laccioin	2
lambiccæ	2
lamentava	2
lamentite	2
lamentou	2
lamentâme	2
lammette	2
lappou	2
lapro	2
larghesse	2
lasagna	2
lascessan	2
lasciandose	2
lasciavimo	2
lascile	2
lasciti	2
lasciæmela	2
lastego	2
lastima	2
lavagnin	2
lavemmo	2
lavile	2
lavâsele	2
lavâtene	2
leccardoin	2
leccâte	2
legati	2
legionäi	2
leitæe	2
lelloe	2
lenguisti	2
lensin	2
leppegoxi	2
lerfo	2
lescicografia	2
letali	2
lettee	2
leudi	2
levian	2
levâve	2
levæme	2
lezite	2
lezzendäi	2
lezzesse	2
liberâve	2
ligatua	2
ligâghe	2
ligâne	2
ligâse	2
ligâve	2
linde	2
liopardi	2
lisciava	2
lisciou	2
lituaña	2
liturgica	2
liçensiamenti	2
locciæ	2
lomelliña	2
longanie	2
louavi	2
louëi	2
lustravan	2
luxerne	2
luxii	2
lòbbia	2
lòccite	2
lògichi	2
löri	2
m'abberruffa	2
m'abbrassava	2
m'acciamma	2
m'accompagna	2
m'addentava	2
m'affio	2
m'aggiuttiësci	2
m'allighisce	2
m'allontanava	2
m'ammanchesse	2
m'ammassan	2
m'ammasso	2
m'anesse	2
m'angoscian	2
m'appensesse	2
m'appöso	2
m'arrangio	2
m'arregordiò	2
m'arriëscio	2
m'ascidia	2
m'ascidio	2
m'ascordava	2
m'ascädava	2
m'assegui	2
m'attacchi	2
m'avansa	2
m'avvexinesse	2
m'açendesse	2
m'imbriægan	2
m'impiva	2
m'inorbisce	2
m'invexendo	2
m'offendan	2
m'oppoño	2
m'osservava	2
m'òbrigo	2
m'öguian	2
m'önoa	2
maggioritæ	2
magistrale	2
magnifiche	2
maiavan	2
maieiva	2
maleite	2
maleiti	2
malexie	2
malexii	2
malinteisa	2
mandatäia	2
mandatäio	2
mandimelo	2
mandâmela	2
manezzemmo	2
manezzilo	2
manezzæ	2
mangiâsene	2
mangiæsa	2
manifeste	2
manifestemmo	2
manipolou	2
mannæa	2
manovrando	2
mantegniemo	2
mantegnui	2
mantegnîme	2
mantellezza	2
mantëgni	2
marchemmo	2
marciavi	2
marcon	2
marcâli	2
margini	2
marocchiñe	2
marsci	2
marseggin	2
marseggiña	2
marçella	2
marçia	2
marçiva	2
masccetto	2
mascoliñe	2
massa-energia	2
massacra	2
massaggi	2
massaprævi	2
massisce	2
massisci	2
massâ	2
mastrugou	2
mastrugâ	2
mastrussava	2
matematiche	2
matematichi	2
maxellæ	2
mazziniaña	2
mediatiche	2
mediaçioin	2
medita	2
meditando	2
mediterranee	2
mediterranei	2
meditou	2
megioan	2
meistraladda	2
meitiæ	2
melodia	2
memorabili	2
mena	2
menassando	2
menestroin	2
menissâghe	2
mensunavan	2
mensunâli	2
mensuño	2
mentia	2
mentivan	2
mersæ	2
mescciemo	2
mescciâli	2
mesciavimo	2
mescican	2
mesciâle	2
mesciâte	2
mesuava	2
mesuaçioin	2
metafixico	2
mete	2
meteorològichi	2
mettemmolo	2
mettendone	2
mettighele	2
mettimeli	2
meuiæ	2
mezzen	2
migræ	2
miite	2
milan-turin	2
miliardäia	2
milion	2
milleduxentoquarantequattro	2
milleduxentoçinquanteneuve	2
milleeuttoçentonovanteneuve	2
millequattroçentonovanta	2
millevintitrei	2
milleçentodixineuve	2
minatô	2
mincionessan	2
mira	2
misce	2
miscionäio	2
mitigou	2
miägette	2
miägna	2
mocci	2
mocciaccio	2
moccolòtti	2
modeste	2
modificava	2
mogognando	2
mogogne	2
mogognæ	2
moimo	2
moinæe	2
moiñe	2
monarche	2
monda	2
mondâte	2
moneghette	2
monscignoî	2
montechiña	2
montiò	2
mormoavan	2
mormoggian	2
mortuäia	2
mostrandoli	2
mostriemo	2
mostrighe	2
mostrâle	2
mostrâvele	2
mostrâvene	2
motiva	2
motorizzou	2
moæli	2
mutte	2
mäfianse	2
mäfæte	2
mäpagou	2
mäpagâ	2
mätrattou	2
mäveggian	2
mëgon	2
mëgoña	2
mëzeluñe	2
mòdera	2
mòrsce	2
n'accatto	2
n'accaxoña	2
n'accorzessan	2
n'aggueitava	2
n'aggueitavan	2
n'ammassa	2
n'ammiesse	2
n'andessan	2
n'appresentan	2
n'approfittava	2
n'approfittavan	2
n'arregordiò	2
n'arrezan	2
n'arrivemmo	2
n'arriësce	2
n'asconde	2
n'aspeto	2
n'assazzava	2
n'attreuvan	2
n'attreuvi	2
n'avvanta	2
n'avvarda	2
n'avvisan	2
n'espoñan	2
n'imbellinemmo	2
n'impippa	2
n'importava	2
n'impresta	2
n'imprexoña	2
n'impòrte	2
n'inandia	2
n'incarregan	2
n'intoppavan	2
naixa	2
nanâ	2
nasceivan	2
nascio	2
nascià	2
nastussou	2
nastussâ	2
natton	2
naturaliximo	2
navegan	2
naveganti	2
naçionalizzou	2
necrològio	2
negaçioin	2
neghi	2
neghiemo	2
negiæ	2
negroî	2
negòçian	2
neia	2
nescioî	2
nettezzâmela	2
nicci	2
nissi	2
noeli	2
noezzou	2
noiatre	2
nommiagi	2
norvegiñe	2
nostròmmi	2
notaçioin	2
novanten	2
novantetrei-novantequattro	2
novanteçinque	2
noveñe	2
nuavan	2
nueuie	2
nutrio	2
nutrîse	2
næga	2
nëi	2
nònni	2
nòrd-atlantica	2
nòrd-orientale	2
nòttan	2
obedia	2
obediscio	2
obieçion	2
obrigatöie	2
occorriva	2
occorrià	2
occorsa	2
oegiña	2
offrindose	2
oggettive	2
oinou	2
oivæo	2
ombrissalli	2
omosessuali	2
omòfoni	2
ondezzou	2
onnipotenti	2
onoräi	2
onto	2
opponessan	2
oppoñe	2
opçionali	2
oratoî	2
orbetto	2
ordinâ	2
ordinäia	2
orgoggiose	2
orgoggioxi	2
oräie	2
oscigenou	2
oscigenâ	2
osservandoli	2
ostentaçion	2
ottegnivan	2
otteña	2
ottëgne	2
ottëgno	2
oçidente	2
paggei	2
paieiva	2
paii	2
paisce	2
palaçiata	2
panella	2
panisse	2
pansæ	2
pantomiñe	2
papavai	2
paradde	2
paradòsci	2
paragonava	2
paralitiche	2
parcheggiou	2
parcheggiâ	2
parchezzan	2
parmixen	2
parmê	2
parpellan	2
parteçipante	2
parteçipavimo	2
parteçipo	2
particola	2
particolari	2
partieivan	2
partivimo	2
pasciue	2
pascive	2
passaggin	2
passaliçi	2
passandole	2
passâselo	2
pastette	2
pastezzou	2
pastezzâ	2
pastissaia	2
patanue	2
patanui	2
patarasci	2
patiei	2
patisci	2
patià	2
patològico	2
patriòtte	2
patriòttiche	2
patron-a	2
pattezza	2
pavimenti	2
paxi	2
pedagogia	2
pedallou	2
pedallâ	2
pediatre	2
peian	2
peiæ	2
pellamme	2
pellandroña	2
peloton	2
peluccava	2
penetraçion	2
penezzou	2
peniçilliña	2
pennacchi	2
penne	2
pensamentose	2
pensatoî	2
penscionâ	2
pensâli	2
pensâve	2
pentimenti	2
pentî	2
penòlla	2
percoran	2
percorria	2
perdine	2
perdonâlo	2
perdonæghe	2
perleccan	2
perleccâla	2
permettemmo	2
permettesse	2
perplescitæ	2
perplesso	2
perrucchee	2
perscisteiva	2
perscistia	2
perseguite	2
personalizzava	2
pertocchieiva	2
perturba	2
pertusa	2
perversa	2
perverso	2
perçepivan	2
pescava	2
pescavan	2
peschesse	2
pescimiximi	2
pesciæe	2
pesoñe	2
pessigou	2
pestan	2
pestando	2
pestella	2
pestello	2
pestæle	2
petrolê	2
pettezzon	2
petton	2
piani	2
pianofòrti	2
piaxemmo	2
piaxesse	2
piaxiæ	2
piaxo	2
piaxue	2
piccâla	2
piccâle	2
piggemmola	2
piggemmosea	2
piggiei	2
piggitene	2
pignatte	2
pigoggiose	2
pilottou	2
pippou	2
pirolitte	2
pisagge	2
pisaggiou	2
pisci	2
pisserie	2
pittava	2
pittou	2
pittuan	2
pittuava	2
pixonante	2
plastiche	2
plurali	2
poatua	2
poeimeghe	2
poeimela	2
poelæ	2
poetezzou	2
poinâ	2
poistæ	2
policliniche	2
poliçiesca	2
poneivan	2
pontâlo	2
ponçeviasca	2
ponçeviasche	2
popolarizzâ	2
popolava	2
porriæn	2
porteuio	2
portiæ	2
portoliaña	2
portâmea	2
portæghela	2
possedeiva	2
possedile	2
possedua	2
possesciva	2
possescivi	2
postiçipemmo	2
postiçipâ	2
postiçipæ	2
pratticou	2
pratticâse	2
preboggioin	2
predico	2
prefondâse	2
pregavan	2
preiso	2
preluxio	2
prenottemmo	2
prenottæ	2
preoccupava	2
preoccupâte	2
preoccupâve	2
prescisso	2
prescrita	2
prescrite	2
presentatoî	2
presençia	2
prestigiosa	2
preteixi	2
pretendente	2
prevegnui	2
prevëgnan	2
preçisaçion	2
preçisou	2
preçisâ	2
prinçipale	2
prinçipiou	2
privan	2
privaçion	2
privilegio	2
processi	2
procui	2
produise	2
produiva	2
produttoa	2
profescioniste	2
profeçie	2
profittemmo	2
profittine	2
progettæ	2
programmava	2
progrescive	2
proibiçionista	2
proibiçioniximo	2
proietti	2
proieçioin	2
prolongamenti	2
prolongava	2
prolongæ	2
prometteivan	2
promettendo	2
promeuvise	2
promontöi	2
prononçiâli	2
proponei	2
proponemmo	2
propoñilo	2
proprietäia	2
protezan	2
protezi	2
protezite	2
protezzeivan	2
protòtipi	2
proveddighe	2
provesci	2
provisöi	2
proviësci	2
provocanti	2
provocaçioin	2
provocâlo	2
pròvocan	2
pscicanalisti	2
pscichiatriche	2
pscicològichi	2
pseudònimi	2
pubricava	2
pubrico-privou	2
pubricâle	2
punitiva	2
pätia	2
pæza	2
pëgin	2
pëteneuie	2
pëtenâve	2
pòrta-barcon	2
pòrta-lavello	2
pòrtili	2
pòrtimela	2
pòrtitelo	2
pòrzighelo	2
pöchiscime	2
pösavan	2
pösemmose	2
pösi	2
pösâlo	2
pösæme	2
pötronaia	2
quaddran	2
quaddrou	2
qualificativi	2
qualificâ	2
qualificæ	2
quand'anemmo	2
quand'anesse	2
quantificou	2
quarantequattro-quaranteçinque	2
quarantesett'anni	2
quarchiduña	2
quarso	2
quattorzeximo	2
quell'abimmo	2
quell'anima	2
quell'arfê	2
quell'arneise	2
quell'arpon	2
quell'arregòrdo	2
quell'aspeo	2
quell'attentato	2
quell'autô	2
quell'avviso	2
quell'açion	2
quell'episòdio	2
quell'epoca	2
quell'euggiâ	2
quell'existensa	2
quell'imprenditô	2
quell'investimento	2
quell'ipòtexi	2
quell'isoa	2
querela	2
quest'agra	2
quest'imbarasso	2
quest'intençion	2
quetan	2
quintâ	2
quæo	2
radde	2
raffinâ	2
raffinæ	2
ramassa	2
rammette	2
rampanti	2
rande	2
rantega	2
ranteghe	2
rapide	2
rasccin	2
rasoî	2
raspou	2
rassegnaçioin	2
rassegne	2
rattellâme	2
ravattan	2
ravattâghe	2
ravaxi	2
raxe	2
raxoño	2
razzonti	2
razzonzan	2
razzonzo	2
raçionali	2
reagia	2
reagiemo	2
reagiva	2
reagiæ	2
reali	2
realizzavan	2
reaçionäi	2
rebassa	2
rebassæ	2
rebattua	2
rebecca	2
rebecucchi	2
recamman	2
recampa	2
recava	2
recazzan	2
recco-zena	2
recheito	2
reclamma	2
recomensa	2
recompensiò	2
reconstrueiva	2
reconstruta	2
recore	2
recorria	2
recorriva	2
recovei	2
recuggeiva	2
recòveran	2
recòveri	2
redimmise	2
redoggiæ	2
reduile	2
reduo	2
reduçioin	2
refiosa	2
reflessa	2
reflettan	2
reflettei	2
refletteivan	2
refreidou	2
refuggiâ	2
refuâte	2
regaggie	2
regallilo	2
regallâghelo	2
regallâli	2
regallâve	2
reganissi	2
regattou	2
registrâme	2
regnâ	2
regnæ	2
regolite	2
regolâla	2
relatoe	2
releva	2
relevaçion	2
relevo	2
relichie	2
reluxio	2
reluxî	2
remaccia	2
remanda	2
remansiñe	2
remborsci	2
remedian	2
remescioin	2
remettimele	2
remisse	2
remmessan	2
remoinavan	2
remoinou	2
remonda	2
remondava	2
remontava	2
remontæ	2
rendesse	2
rendive	2
rendiësci	2
renegava	2
renoela	2
renonçiemmo	2
renovamenti	2
renovava	2
reobarbao	2
reparaçioin	2
repessin	2
repessiña	2
repeteivan	2
repiggiavan	2
represcioin	2
representâlo	2
represso	2
reprimme	2
reproduçioin	2
requaggi	2
requixii	2
resca	2
rescada	2
rescado	2
rescampou	2
rescioâ	2
resciuscitava	2
resciöi	2
resegonda	2
reservan	2
resolue	2
respettivi	2
respettâse	2
respiâla	2
responsabilizzou	2
restauratoî	2
restaurava	2
restauraçion	2
restauri	2
restaurou	2
restavimo	2
restesci	2
restreita	2
restrenzià	2
restâsene	2
resultava	2
resurtato	2
resuscitou	2
resuscitâ	2
retarda	2
retegnua	2
retià	2
retornava	2
retornià	2
retorniò	2
reuiti	2
revellaçion	2
revellæ	2
revixoña	2
rexilienti	2
rexistan	2
rexistenti	2
rexistii	2
rexistiva	2
rezzui	2
reçeivi	2
reçercatoe	2
reçevimenti	2
reçiclo	2
reçioin	2
reçipienti	2
reçitaçioin	2
reçitâghe	2
ricattou	2
ricattâ	2
ricavou	2
riconoscime	2
riconoscimenti	2
riconosciuo	2
ricostruio	2
ridicole	2
ridicoli	2
riei	2
rien	2
riendotene	2
righette	2
rigiditæ	2
riguardi	2
rimborse	2
rimborsou	2
rimborsâ	2
rincresceivan	2
rincrescio	2
rincresciue	2
rincresciæ	2
rinfresca	2
rinfrescou	2
ringraçia	2
ringraçiava	2
ringraçiâme	2
ringraçiâve	2
rinvegnua	2
ripetua	2
rise	2
riserve	2
rispettava	2
rispondeivan	2
rispòsti	2
risòtti	2
riunii	2
riuniscian	2
rivali	2
riveaschi	2
riverîla	2
rivoluçioin	2
rivoluçionäio	2
rivòlto	2
rivòlze	2
riæn	2
riçeivan	2
riçeveiva	2
robaliçio	2
rompiò	2
rompîne	2
ronfo	2
ronsou	2
ronsâ	2
rosceise	2
rosiggiandome	2
rosiggiâlo	2
rosiggiâse	2
rostîla	2
rovie	2
rummou	2
ruralitæ	2
ruspe	2
ruxenta	2
ruxentava	2
ruzzenenta	2
s'a-o	2
s'abbastava	2
s'abimma	2
s'accapimmo	2
s'acciamman	2
s'accianto	2
s'accompagne	2
s'accorzeivimo	2
s'accorzian	2
s'accòste	2
s'addrissan	2
s'addrissavan	2
s'affamiggian	2
s'affermian	2
s'affia	2
s'aggiuttan	2
s'aggravesse	2
s'aggueita	2
s'allamentesse	2
s'allenava	2
s'allonghiva	2
s'alterna	2
s'alternan	2
s'ammie	2
s'ammòrta	2
s'anniccia	2
s'appensavan	2
s'appresentava	2
s'appreuva	2
s'armavan	2
s'arragge	2
s'arrangemmo	2
s'arrecommandiemo	2
s'arregordià	2
s'arrigoa	2
s'arrösesse	2
s'articola	2
s'asbriva	2
s'ascädavan	2
s'asgreia	2
s'asmortavan	2
s'asprescemmo	2
s'assettiemo	2
s'assomeggieivan	2
s'assumegge	2
s'astegniva	2
s'astrenze	2
s'attian	2
s'attrovià	2
s'avansesse	2
s'avieivan	2
s'avvexinian	2
s'emoscioñan	2
s'erzeivan	2
s'espande	2
s'esprimme	2
s'exibisce	2
s'identifican	2
s'incalle	2
s'incontriemo	2
s'indoviñan	2
s'indôçivan	2
s'infie	2
s'inquaddra	2
s'insciamma	2
s'intenscifica	2
s'interessan	2
s'intestava	2
s'intoppemmo	2
s'intoppiemo	2
s'intortigna	2
s'intromettan	2
s'organizzesse	2
sabaude	2
sabaudi	2
sabotaxi	2
saccemmo	2
sacchezza	2
sacciue	2
sacramentou	2
sagoggia	2
sagre	2
sagresten	2
saini	2
sampette	2
sant'iläio	2
sappava	2
sappettou	2
sappettâghe	2
saragossa	2
sarde	2
sardeñe	2
sargenti	2
sarmaxi	2
sarpa	2
sarvæme	2
sarçii	2
sarçio	2
sarçiscian	2
satire	2
satisfan	2
satisfià	2
saturaçioin	2
saveile	2
saveili	2
savie	2
savoii	2
savonette	2
sbandëtava	2
sbandëtou	2
sbattisela	2
sbatto	2
sbavussi	2
sbiasce	2
sboffi	2
sbraggian	2
sbraggiæ	2
sbratti	2
sbrattou	2
sbæra	2
scacchee	2
scaggia	2
scambelli	2
scamorra	2
scamorræ	2
scampe	2
scandaggi	2
scandaggiâ	2
scangiando	2
scangiâle	2
scangiâlo	2
scangiò	2
scappâmene	2
scappâse	2
scappæme	2
scarpenadde	2
scartava	2
scartâla	2
scassâla	2
scavarcou	2
scavava	2
scavæ	2
sccianandola	2
scciappan	2
scciattamaii	2
scciattou	2
sccioii	2
sccioiscian	2
scciummasci	2
scciuppià	2
scciuppâghe	2
scemmellañe	2
scemmellen	2
scerbou	2
scerbâ	2
scerni	2
scheletri	2
schersava	2
scheuggioe	2
scheusci	2
scheuvi	2
scheuvo	2
schiffiva	2
schiffivan	2
schiffo	2
schinfiosa	2
schissava	2
schivavan	2
schive	2
sciacca-e-trâ	2
sciaccâte	2
scialletto	2
sciallæ	2
scialòtte	2
sciammenga	2
sciampradda	2
scianche	2
sciarrou	2
sciavan	2
sciberia	2
sciensiato	2
scigoelava	2
scigoesse	2
scilençioxi	2
scillabou	2
scimulou	2
scindicou	2
scinfonie	2
scingola	2
scingolari	2
scintattica	2
scintattiche	2
scintetichi	2
scinçee	2
scioccheriña	2
scioiscio	2
scioivan	2
sciorbettê	2
sciorbi	2
sciorbîmela	2
sciorbîte	2
scippe	2
sciugamoen	2
sciugate	2
sciugavan	2
sciughe	2
sciugo	2
sciuscianteçinque	2
sciuscion	2
sciusciâte	2
sciverta	2
scixerboe	2
sciätandome	2
sciätavan	2
scoava	2
scolorio	2
scombattan	2
scombattui	2
scommetteiva	2
scompartisci	2
scompartiscian	2
scompartiscio	2
scontan	2
scontrou	2
scontrâ	2
scordiemo	2
scordiò	2
scordâte	2
scori	2
scorpie	2
scorpisce	2
scorrattou	2
scorriatte	2
scorrissan	2
scorriæ	2
scricchia	2
scricchisce	2
scricchiva	2
scrivania	2
scrivei	2
scriviemo	2
scroccaia	2
scrollâlo	2
scrollæ	2
scrosci	2
scroscii	2
scròlli	2
scuggio	2
scòrdan	2
scòsse	2
scòtta	2
scòtto	2
seccava	2
seduçioin	2
segmenti	2
segnalava	2
segnâseli	2
segæ	2
selle	2
sellæ	2
semenäi	2
semiscui	2
sempiterne	2
sempiterni	2
semplificou	2
senape	2
senscibilizzou	2
sentisci	2
sentîghelo	2
sentîsele	2
sençiente	2
separava	2
separâli	2
sereue	2
serravimo	2
serreuie	2
serrâseghe	2
serræveghe	2
servitoa	2
servitoe	2
serviæ	2
servîli	2
sestriñe	2
severe	2
seviçiou	2
sexiscian	2
sfeuggiou	2
sfeuggiâ	2
sfoddrando	2
sforsæ	2
sfrixou	2
sfrouxa	2
sfòrsi	2
sgarbella	2
sgarbellâ	2
sghindan	2
sghindavan	2
sghindo	2
sgranfignan	2
sguandriñe	2
sguare	2
sguassa	2
sguassavan	2
siasci	2
siassou	2
singaa	2
sio	2
siou	2
siçilien	2
slavasson	2
slaviñe	2
slerfe	2
sloven	2
sloveña	2
smalto	2
smangiaxoin	2
smangiâme	2
smeradi	2
smetteiva	2
smettesse	2
smeuggia	2
smòrte	2
sobbaccan	2
sobbaccou	2
sobbaccâlo	2
sobbaccæ	2
sobrilli	2
sobrillo	2
soccorrio	2
soccorrî	2
sofferta	2
soffochi	2
soffriti	2
sofistica	2
solidarizzou	2
solidarizzâ	2
sollevâ	2
sommäi	2
sopportaçioin	2
sopportâlo	2
sopravisciua	2
sorfanin	2
sorfaniña	2
sorvevivan	2
sorveviveiva	2
sospendighe	2
sostegnibili	2
sostegnimmo	2
sostegnitoe	2
sostegniò	2
sostituçioin	2
sotterranei	2
sottolinia	2
sottoliniava	2
sottopasci	2
sottopòste	2
sottoscriveiva	2
sottoscriçioin	2
soulou	2
soverci	2
sovercian	2
soverciava	2
sovvegniei	2
spaghi	2
spalancavan	2
spallee	2
spalloin	2
spallon	2
spanta	2
spante	2
spantegavan	2
spanteghià	2
spantego	2
spanti	2
sparagnin	2
sparan	2
spartiva	2
spartivan	2
spartiçioin	2
spartîme	2
spassafummaieu	2
spassava	2
spassoou	2
spattarou	2
spaventaggio	2
spaxima	2
spediscio	2
spegassan	2
spellinsegava	2
spellinsegæ	2
spendile	2
spendiselo	2
sperdeiva	2
sperimenta	2
sperâghe	2
speçializzava	2
speçifichi	2
speçificâ	2
speçiæa	2
spiccavan	2
spiccou	2
spiegan	2
spieghesci	2
spiegâmeli	2
spiegâne	2
spiegæ	2
spigoa	2
spinta	2
spionezzava	2
spirituali	2
spirti	2
spoiose	2
sponcian	2
spontan	2
spontià	2
sposando	2
sposavan	2
sposiemo	2
sposæla	2
sproinæ	2
spuan	2
spuando	2
spussolenti	2
spëtemmo	2
spëtesse	2
spëtâla	2
spòrte	2
spòrti	2
spòrzan	2
spòrzua	2
squaddrandolo	2
squaddrâ	2
squarsa	2
squæi	2
st'abeto	2
st'aggettivo	2
st'amministraçion	2
st'applicaçion	2
st'armâ	2
st'arneise	2
st'ascensô	2
st'assessoa	2
st'attacco	2
st'equaçion	2
st'etæ	2
st'incredibile	2
st'influensa	2
st'informaçion	2
st'interaçion	2
st'inçenta	2
st'offeisa	2
stabilîveghe	2
staffî	2
stagne	2
stagneua	2
stagni	2
stampan	2
stanchià	2
stancâ	2
stanga	2
statistichi	2
statistico	2
statuti	2
sterilizzou	2
stessan	2
stian	2
stilettava	2
stilettæ	2
stissinin	2
stitica	2
stivan	2
stivava	2
stiägna	2
stiæ	2
stoccava	2
stocchemmo	2
storbi	2
strabocca	2
straboccæ	2
stracheutta	2
stracoæ	2
strafoou	2
straggieivan	2
straggiâli	2
stralunâ	2
straluxenti	2
stramba	2
stramuemmo	2
stramuâse	2
strangoan	2
stranscie	2
stranuâ	2
strascinæ	2
strassea	2
strassi	2
strassonæ	2
strassê	2
strenziemo	2
strenzighe	2
strenziseghe	2
streppelli	2
streppello	2
streppin	2
streppâ	2
striassa	2
strionezzi	2
strisciavan	2
strixellavan	2
strixellou	2
striña	2
strofoggiou	2
strofoggiâ	2
stronelli	2
stronsci	2
stroppia	2
strusso	2
stucco	2
studiavan	2
stuffe	2
stupiditæ	2
stâle	2
stâteghe	2
stòrico-artistichi	2
subconscia	2
subtropicale	2
succedeivan	2
succedo	2
succedui	2
succeduo	2
succescioin	2
successi	2
suiçiddi	2
sumeggeivi	2
sunaggia	2
sunnando	2
sunnâghea	2
superfiçiale	2
supponeiva	2
suppòste	2
suppòsti	2
suæ	2
svampisce	2
sväia	2
sväiou	2
sväiâ	2
sätetti	2
sëniscima	2
sòdio	2
sòffre	2
sòlide	2
sòppo	2
sòçio-sanitäio	2
t'abbandoña	2
t'accattieiva	2
t'acciamma	2
t'accontenti	2
t'aggiusto	2
t'allevi	2
t'ammassa	2
t'ammassava	2
t'ammiësci	2
t'ammo	2
t'ammoutisci	2
t'anavi	2
t'appartëgni	2
t'appresenti	2
t'arrecovià	2
t'arrende	2
t'arrezo	2
t'assettiæ	2
t'assumeggi	2
t'attreuvo	2
t'ingheugge	2
t'integriæ	2
tabaccanti	2
tabaro	2
tacchigni	2
tagge	2
taggiasca	2
taggitela	2
taggitelo	2
taggià	2
taggiâle	2
taggiâli	2
taicia	2
tanabeuso	2
tanarde	2
tappâghe	2
tappâse	2
tappæ	2
tardio	2
tasciou	2
tastee	2
tatuâ	2
taxeivimo	2
teccia	2
teccio	2
tegniei	2
tego	2
teivii	2
televixive	2
temmeivo	2
tempiximo	2
temporanei	2
tendeivan	2
tentæ	2
tenzan	2
tenzilo	2
tenzou	2
teocratichi	2
termica	2
terminan	2
terminian	2
termòmetri	2
terroriste	2
tesceiva	2
testarde	2
testimoniava	2
tette	2
teòlogo	2
tieiva	2
tiemmola	2
tiemo	2
tiggi	2
timbrou	2
tinta	2
tinto	2
tipologia	2
titolari	2
tiâsela	2
tiâselo	2
tocchian	2
tocchite	2
toccâli	2
tolleranti	2
tombava	2
tombiggiou	2
tombiggiâ	2
tornue	2
tornâli	2
toæ	2
tra-a	2
traduise	2
traduiva	2
traduxeiva	2
traduxilo	2
traghettâ	2
tralasciou	2
tramando	2
tramezzañe	2
transcriti	2
transcrito	2
transferie	2
transferio	2
transmetteiva	2
tranxitou	2
trapassa	2
trappellavi	2
trascrito	2
trascuan	2
trascuava	2
trascuo	2
trasferî	2
trasfiguou	2
trasforman	2
trasformando	2
trasportava	2
trasportou	2
trattati	2
trattessan	2
trattezza	2
trattezzan	2
tratto	2
trattô	2
tratëgno	2
travaggiemo	2
traversan	2
traverscia	2
travisa	2
treifeuggi	2
treitoe	2
treitoî	2
tremendi	2
tremmou	2
trenettiñe	2
trenteçinqu'anni	2
tresto	2
treua	2
trexentoçinquantequattro	2
trexöo	2
tribolla	2
tribollan	2
tribollava	2
trilla	2
trimestri	2
trincee	2
trio	2
trionfava	2
tritollou	2
tronca	2
trottavan	2
trottou	2
trovandone	2
trovavimo	2
trovessan	2
troviæ	2
trovâseghe	2
trovâveghe	2
trucchi	2
truffa	2
trâ	2
turcheixi	2
turineise	2
turiximi	2
tòrci	2
tòrte	2
ughe	2
uniformi	2
unioin	2
unisce	2
unn'aa	2
unn'ambiçiosa	2
unn'amministraçion	2
unn'ammoniçion	2
unn'ancoña	2
unn'anghilla	2
unn'archivòtta	2
unn'arte	2
unn'ascistensa	2
unn'ascosa	2
unn'aspertixe	2
unn'astræta	2
unn'autostradda	2
unn'ava	2
unn'avversäia	2
unn'axima	2
unn'elegansa	2
unn'exibiçion	2
unn'impostaçion	2
unn'indegnitæ	2
unn'indiaña	2
unn'industriale	2
unn'informaçion	2
unn'ingiustiçia	2
unn'inieçion	2
unn'inondaçion	2
unn'insurreçion	2
unn'interpretaçion	2
unn'intrata	2
unn'obrigaçion	2
unn'ordenäia	2
unn'originäia	2
unn'ottanteña	2
unn'utente	2
unîne	2
unîse	2
v'abbeseugna	2
v'accommòdda	2
v'accompagna	2
v'affadigæ	2
v'affiæ	2
v'aggiutto	2
v'amma	2
v'ammanca	2
v'arriva	2
v'arröbo	2
v'aspresciæ	2
v'avverto	2
v'ea	2
v'exerçitæ	2
v'offendiei	2
v'è	2
vaccinæ	2
vacciñan	2
vaddan	2
vaddi	2
vallavan	2
vallo	2
valorizza	2
valorizzava	2
valua	2
valutaçioin	2
valuâla	2
valuâlo	2
valuæ	2
vanti	2
vantou	2
variezzâ	2
variezzæ	2
varrian	2
varrieiva	2
varsciui	2
vascelli	2
vascellæe	2
vasetti	2
veddieiva	2
vegetali	2
vegetaçioin	2
veggee	2
vegnindoghe	2
vegniæn	2
vegnîle	2
velocitæ	2
vendei	2
vendeivan	2
vendicava	2
vendieiva	2
vendile	2
vendià	2
veneçiañe	2
vengansa	2
ventilaçioin	2
ventilou	2
verde-bruña	2
verdexin	2
vergheugnan	2
vergheugne	2
vergheugnià	2
vergini	2
vergognâmene	2
verifican	2
verificava	2
vernixâ	2
versiësci	2
verticali	2
vestissan	2
vestiäi	2
veteraña	2
veumiti	2
vexinati	2
vibra	2
vibrou	2
vibrâ	2
vieiva	2
vintitreieximo	2
vintuña	2
vinçitoe	2
violentatoa	2
violentatoî	2
violentava	2
violoncelli	2
viravan	2
virâghe	2
viræ	2
vittua	2
viviæ	2
vixibili	2
vixitâle	2
vixitâlo	2
viçedirettoî	2
viçescindiche	2
voeili	2
voeisene	2
vonzan	2
vonzi	2
vonzilo	2
vorriæn	2
vortava	2
vortâghe	2
vortæ	2
vosciue	2
votando	2
votavan	2
votessan	2
voxa	2
voæ-cuggen	2
vuemmo	2
vulnerabili	2
vulnerabilitæ	2
väzin	2
väziña	2
vòrte	2
xattan	2
xoiò	2
zazzunava	2
zazzunæ	2
zenei	2
zeuggio	2
ziardoe	2
zinzanæ	2
zinzaño	2
zoana	2
zoi	2
zonti	2
zuan	2
zuavan	2
zugâli	2
zugâve	2
zuighe	2
zuâse	2
zuâvelo	2
zuæ	2
zänelli	2
ägni	2
æga	2
æguâ	2
æo	2
çeivie	2
çellasca	2
çentimetro	2
çentoquaranteçinque	2
çentosettanteutto	2
çentotrei	2
çentottanteneuve	2
çentovintun	2
çentoçinquanta	2
çentra	2
çentralizzou	2
çentro-italien	2
çenturion	2
çeprien	2
çercâli	2
çercâte	2
çercâve	2
çerneivan	2
çernemmo	2
çernise	2
çernite	2
çerse	2
çertesse	2
çertificaçioin	2
çessesse	2
çimmou	2
çinquantesette	2
çinquanteçinqu'anni	2
çirconda	2
çirilliche	2
çitto	2
çiötaia	2
ësimeghe	2
ësimene	2
ësiseli	2
ïsesse	2
òmmo-dònna	2
òslo	2
òsservo	2
ödoou	2
öguemmo	2
öguâ	2
öguâse	2
öriæ	2
160mia	1
165mia	1
17en	1
18en	1
267mia	1
26mia	1
8o	1
a3	1
abbaccioccâ	1
abbagasciâ	1
abbandonavan	1
abbandoña	1
abbandoño	1
abbarlugan	1
abbattan	1
abbertoelâ	1
abbessie	1
abboccamenti	1
abboin	1
abborrascæ	1
abbrassando	1
abbrassavan	1
abbrassâlo	1
abbötii	1
abimmo	1
abimmou	1
abondanse	1
accapimmo	1
accapivan	1
accattemmo	1
accattighelo	1
accaxonava	1
accaxonavan	1
accaxoño	1
acciantavan	1
accobbiâse	1
accoega	1
accoegavan	1
accoego	1
accoegæve	1
accompagno	1
accompagnâmeghe	1
accompagnâne	1
acconsan	1
accotellæ	1
accreditæ	1
accuggeivimo	1
accòrzime	1
acquixia	1
adattavan	1
adatto	1
addeuvià	1
addeuviò	1
addobbo	1
addôçii	1
adeuttan	1
adressâ	1
aerospaçiali	1
affascinanti	1
affermativi	1
affermavan	1
affermâlo	1
affeugan	1
affrontavan	1
aggaibavan	1
aggibbæ	1
aggiustan	1
aggradie	1
aggradii	1
aggravan	1
aggraçiâ	1
aggreppia	1
agguantan	1
aggueitavimo	1
agiemo	1
agri	1
agrua	1
agräie	1
aiscimo	1
alfabetichi	1
algeriña	1
algeriñe	1
allagnâ	1
allargan	1
allargando	1
allembeia	1
allembeio	1
allenamenti	1
allestî	1
allevavan	1
allugâlo	1
allöan	1
amae	1
ambigua	1
ammagoñan	1
ammainâ	1
ammassemmo	1
ammassesse	1
ammassæla	1
ammegioou	1
ammersile	1
ammissa	1
ammiâli	1
ammortâse	1
ammòrta	1
amore	1
amorrou	1
amose	1
analizzæ	1
anatemi	1
ancoæ	1
andania	1
andiæ	1
anfitiatri	1
angioei	1
angosciâla	1
angæxi	1
annetti	1
anscietosa	1
anscietose	1
antigagge	1
antiçiclon	1
antropològichi	1
antropòfaga	1
antropòfago	1
anâle	1
anâli	1
anòmale	1
appagæ	1
appartoie	1
appascioñan	1
appatornia	1
appendan	1
appensavan	1
appissua	1
appixoñan	1
applican	1
applicæ	1
appommellæ	1
apprexa	1
approfittava	1
approvavan	1
appægiæve	1
appòxiti	1
appösan	1
apòcrifa	1
arabe	1
arabesco	1
araghen	1
arbaneixi	1
archeologia	1
archetipi	1
ardighê	1
ardimento	1
argerin	1
arman	1
aromatica	1
aromatiche	1
aromatichi	1
arpezzi	1
arraggieiva	1
arraggio	1
arraggiâte	1
arrancando	1
arrancâghelo	1
arrancâsela	1
arrangiamenti	1
arrangiavan	1
arrangio	1
arrecampâse	1
arrecheuggian	1
arregordâlo	1
arreise	1
arreisegou	1
arreisegæ	1
arreixi	1
arrembavan	1
arremedian	1
arrescose	1
arrestiei	1
arreversâ	1
arrezo	1
arroiño	1
arruxentâse	1
arruzzenii	1
arræii	1
arræî	1
arröbo	1
arrösæ	1
arsenæ	1
arviscimo	1
asbriavan	1
asbrii	1
asbriâlo	1
ascadan	1
ascciæiscian	1
ascidiavan	1
ascidui	1
ascistii	1
ascoacciæ	1
ascondeivan	1
ascondite	1
ascondo	1
ascordâlo	1
ascordâsene	1
ascuia	1
ascädâne	1
asiatichi	1
asmortava	1
asmortâse	1
asperte	1
asperton	1
asprescian	1
aspëtieiva	1
assascinamenti	1
assazzan	1
assegnan	1
asseguæ	1
assequæou	1
assestou	1
assettâve	1
assotterrâla	1
assottæran	1
assumeggian	1
asta	1
astalle	1
astegnindose	1
astemie	1
astemmi	1
astregæ	1
astrenzite	1
astrofoggiâlo	1
atlantichi	1
atmosferico	1
attastan	1
attasti	1
attaxentâlo	1
attentati	1
attentatô	1
attissando	1
attraversi	1
attraversiemo	1
attreuve	1
aumentan	1
australiaña	1
austriache	1
autorizzâlo	1
autònome	1
avansuggi	1
aveiselo	1
aviæn	1
avvardavan	1
avvertîve	1
avvischemmo	1
avvixiñime	1
avviçiæ	1
avvocæ	1
avvoxavan	1
avvoxo	1
avvëgno	1
axinelle	1
azzonzieivan	1
azzonzile	1
açendime	1
açertâlo	1
açertæ	1
açettavan	1
baciòcchi	1
bagarda	1
bagnâme	1
balenea	1
baleuistræ	1
balladda	1
ballià	1
banali	1
bançighi	1
bardasci	1
barista	1
barræ	1
bastæ	1
batan	1
battemmose	1
battieiva	1
battiò	1
battoezi	1
battugge	1
baxâme	1
bazara	1
beatificaçioin	1
becciò	1
beccua	1
beguddon	1
beli	1
bell'allevo	1
bell'effetto	1
bernissava	1
berte	1
besantiñe	1
besave	1
besinscia	1
besugniæ	1
beæ	1
biografie	1
bitegæ	1
bleuastra	1
bloccava	1
bloccavan	1
boggimmo	1
boicottava	1
boicòtti	1
bolan	1
bolicce	1
bollava	1
bollibæ	1
bollitigan	1
bombezzan	1
bonellen	1
bonifaçiña	1
borboñan	1
bossetti	1
bossetto	1
boñeman	1
boñemoen	1
bregavan	1
bresciaña	1
breviäio	1
broffava	1
brustolie	1
bruxavan	1
bruxâli	1
bruzzon	1
bruzzâ	1
bruzzî	1
bròddi	1
buffi	1
bätemmo	1
bæâ	1
bëlesecche	1
caccezzan	1
caccieiva	1
caccila	1
cacciâmeghe	1
cagava	1
caistioxi	1
calanca	1
calicutte	1
callavan	1
callo	1
calvi	1
camallâse	1
camallâve	1
camminieiva	1
campan	1
cancæti	1
candia	1
candidavan	1
cangiei	1
cangiæme	1
cannioei	1
cantandosea	1
canæn	1
cançellaie	1
canòneghi	1
canònica	1
capitoli	1
capoæ	1
caravaggesca	1
caravaggio	1
carcolan	1
carcolava	1
carega	1
carlevæ	1
carmelitan	1
carmelitaña	1
carmæ	1
carpentê	1
carregando	1
carreghesse	1
carregâme	1
carrossin	1
casciñe	1
castighe	1
catalettica	1
cattan	1
cattiva	1
cattivi	1
cauçioin	1
cavagni	1
cavalle	1
cavâla	1
cavâsela	1
caxonavan	1
caxonâle	1
cazzemmo	1
cegâlo	1
cegæxi	1
ceppi	1
ceuvan	1
ch'abbastan	1
ch'accattan	1
ch'aggiuttava	1
ch'aggueitæ	1
ch'arrecheuggian	1
ch'arregordavan	1
ch'arrestiei	1
ch'asmòrtan	1
ch'avvëgnan	1
ch'açettæ	1
ch'interessian	1
ch'intoppavan	1
ch'occore	1
cheuggio	1
chinavi	1
chinavimo	1
ciaciaræ	1
ciammavimo	1
ciammine	1
cianzesse	1
cianzili	1
cianziæ	1
ciappan	1
ciappettava	1
ciappon	1
ciappâte	1
ciarbottava	1
ciattelle	1
ciavava	1
ciccioan	1
ciocchi	1
ciollo	1
cionava	1
ciongiâ	1
ciuse	1
ciuvui	1
ciætezzava	1
ciömava	1
coaliçioin	1
coavan	1
cobelletti	1
coegâse	1
coi	1
cointæ	1
colera	1
colletti	1
collettive	1
collâme	1
colombien	1
colori	1
combattei	1
combatto	1
combattue	1
combaxa	1
comm'arrivan	1
comm'arrivava	1
commentæ	1
commetteivan	1
commoveiva	1
communicâme	1
commæli	1
compensan	1
compensci	1
compensou	1
competeiva	1
complescivi	1
completan	1
completià	1
componeiva	1
componeivan	1
comportià	1
compricavan	1
concordæ	1
concorriva	1
condanno	1
condimenti	1
condimmo	1
condisci	1
condiva	1
condividde	1
condiçionatoî	1
conduxan	1
conferio	1
confessava	1
confesse	1
confessâmeghe	1
confian	1
confondan	1
conforteivi	1
confrontava	1
congoleixi	1
conlaborava	1
conligava	1
connetti	1
connotaçion	1
conquistan	1
conquistæ	1
consagrou	1
conscideravan	1
conscistii	1
conseggian	1
consegnan	1
consegnavan	1
consentii	1
conservatoe	1
conservatöi	1
conservaçioin	1
conservâne	1
consolan	1
consolæ	1
constituenti	1
construte	1
consultâse	1
consummavan	1
consummaçioin	1
contabili	1
contegnimenti	1
contegnîme	1
contemplan	1
contemplo	1
contemplâla	1
conten	1
contentâve	1
continuesci	1
contornæ	1
contrabandi	1
contradixan	1
contradiçioin	1
contradîte	1
contrastæ	1
contribuiscian	1
controverso	1
conturbava	1
contâse	1
convegniei	1
convertio	1
convertivan	1
convinseivan	1
convinsiemo	1
convinso	1
conviou	1
convëgni	1
conzonzise	1
conçeçioin	1
coo	1
copiâle	1
cormi	1
cornette	1
corretti	1
correzzemmo	1
costezzæ	1
costose	1
costrenzilo	1
costriçion	1
cottre	1
coxeivan	1
creavan	1
creddeime	1
creddila	1
creddive	1
credense	1
cremexi	1
cremmose	1
crescesci	1
creuse	1
creuvo	1
critican	1
crià	1
criâla	1
croati	1
cronològiche	1
cræte	1
cròniche	1
cuava	1
cuggeite	1
cuggeivan	1
cuxià	1
cuâghe	1
cäsoin	1
cäçinasci	1
còcchi	1
còrbe	1
còrsci	1
cös'aivan	1
cös'aviëscimo	1
cös'ea	1
d'abòrdo	1
d'accaxonamenti	1
d'accaxonâ	1
d'accettâ	1
d'accheugge	1
d'accompagnamento	1
d'accusâlo	1
d'acquixî	1
d'addesciâse	1
d'addivinâ	1
d'addiçion	1
d'adexon	1
d'amigo	1
d'angeinin	1
d'angosciâla	1
d'appartegnî	1
d'appaxentâla	1
d'applicâ	1
d'apprexâ	1
d'araddi	1
d'arbô	1
d'ardî	1
d'arfê	1
d'arrangiâte	1
d'arregòrdi	1
d'arrestâghe	1
d'arriescîghe	1
d'ascetta	1
d'asgreiâ	1
d'aspresciâ	1
d'assumme	1
d'attençioin	1
d'attressi	1
d'attresso	1
d'aveighela	1
d'aveise	1
d'aviatô	1
d'avvantaggio	1
d'avvardâlo	1
d'avvenâlo	1
d'açendise	1
d'açienda	1
d'effetti	1
d'egitto	1
d'equilibrio	1
d'espeiensa	1
d'espoñise	1
d'estende	1
d'estræto	1
d'evoluçion	1
d'impromisso	1
d'incallâme	1
d'incontrâla	1
d'incontrâme	1
d'indefinio	1
d'indignaçion	1
d'industria	1
d'ingambâme	1
d'instabilitæ	1
d'installaçion	1
d'intelligensa	1
d'interçettâle	1
d'intoppâ	1
d'investî	1
d'ironia	1
d'isoe	1
d'offeisa	1
d'onda	1
d'oppoxiçioin	1
d'uspiâ	1
d'ïsâse	1
d'òbrigo	1
d'öxello	1
daggæse	1
dannezzan	1
dannezze	1
davimo	1
debæ	1
decadense	1
decadente	1
decafeinâ	1
deciariò	1
decollâ	1
decorâlo	1
decöi	1
decöran	1
dedicava	1
dedichiò	1
dedicâme	1
defendemmose	1
defendià	1
defendo	1
defenscive	1
defilian	1
definitive	1
defonte	1
defonti	1
delegava	1
deliri	1
demoiei	1
demostraçioin	1
demostræ	1
denegavan	1
denonçiavan	1
depeise	1
dependeivan	1
dependo	1
depenta	1
depoxiçion	1
depòsto	1
deruavan	1
desandia	1
desandian	1
desarmava	1
desarrembava	1
desaugiadda	1
desbarassan	1
desbloccâ	1
desbroggiava	1
desbròggia	1
descarregan	1
descarregæ	1
descaxoñan	1
descciantæ	1
descidiâ	1
desconoscenti	1
desconseggiou	1
descoro	1
descorrie	1
descorrià	1
descrivile	1
descrovivan	1
descuxie	1
desdentou	1
desdentâ	1
desentega	1
desentegan	1
desentegava	1
desentegæ	1
desertou	1
desfemmo	1
desfiguava	1
desfiguâli	1
desfiâse	1
desfondoava	1
desfortunæ	1
desfregoggian	1
desfæ	1
desfæti	1
desgaggiâ	1
desgaibou	1
desgenæ	1
desgranâse	1
desguggeiti	1
desimpegnâ	1
desinvòlta	1
deslengue	1
deslenguieiva	1
deslögio	1
deslögion	1
desmantellâ	1
desmettan	1
desoccupâ	1
desoccupæ	1
despeava	1
despiaxeive	1
despiaxià	1
despiaxo	1
despontava	1
desprexâne	1
despëtadda	1
desreixæ	1
destabilizzâne	1
destacchi	1
destañan	1
destendea	1
destonava	1
destrigavan	1
desturban	1
desturbâme	1
desvalixa	1
desvellâse	1
deurta	1
deuviemo	1
deuvilo	1
deuvià	1
deuviò	1
deçiddan	1
deçiddeivan	1
diagonali	1
diarree	1
diete	1
diffondan	1
dinastie	1
dindanâme	1
dindanâse	1
dindome	1
dipinze	1
dirizzan	1
discorrie	1
discorrindo	1
discreti	1
discuttià	1
discutto	1
disegnatoî	1
disinvòlta	1
disnià	1
disponian	1
dissan	1
distinguan	1
distingueivan	1
distintive	1
distrava	1
distraçion	1
distribuia	1
disturbâte	1
dittatue	1
dividdemmo	1
divo	1
dixeivimo	1
documentava	1
documentaçioin	1
documentäi	1
doggiava	1
doià	1
domestegan	1
domestegava	1
domestegæ	1
dommatoî	1
dormiggiosa	1
dormiggiâ	1
dormisci	1
dormissan	1
dormià	1
doveili	1
doxi	1
dozzeximo	1
duian	1
e-i	1
ebree	1
eclisci	1
ecològichi	1
ecoscistemi	1
educan	1
educative	1
effiçienti	1
elenchi	1
elettô	1
embrioin	1
emmaus	1
emotiva	1
energica	1
equilibri	1
erboeto	1
ereditava	1
erexie	1
eròtichi	1
esclamman	1
escluddan	1
escluxive	1
escurscioin	1
espanta	1
espoxiçioin	1
essensa	1
estetiche	1
estreme	1
esòtica	1
etnia	1
euggin	1
evangëi	1
examinou	1
examinæ	1
examiñan	1
exatta	1
exatti	1
exibiçioin	1
exigenti	1
exòrdi	1
facciate	1
fallie	1
falliva	1
fantastiche	1
fantinette	1
fantinæghi	1
fascian	1
fasciâme	1
favorî	1
faxeivimo	1
fermian	1
festecchi	1
festezzo	1
figuâsea	1
fillon	1
filoin	1
finançiatô	1
fintonaia	1
finçioin	1
firmavan	1
firmo	1
fissavan	1
fixoterapie	1
fixoterapisti	1
foddrava	1
fogoxi	1
folani	1
folcloristichi	1
fondatoe	1
fondavan	1
fondeiva	1
fonzoei	1
fonçionian	1
fonçionæ	1
forcafæri	1
formalizzava	1
formalizzæ	1
formati	1
formo	1
formuläi	1
fornaxe	1
fornimento	1
fortoî	1
fotografava	1
fotografichi	1
fotteiva	1
fottignin	1
fransa-isræle	1
franta	1
franzeiva	1
frasci	1
fraseològica	1
freñe	1
frigognâte	1
fuccae	1
fuggetti	1
furlañe	1
furmini	1
fâghene	1
fâgheo	1
fâtelo	1
fäscificâ	1
gabba	1
gabibba	1
galette	1
gallinasci	1
ganci	1
garibaldiñe	1
garsoniña	1
gassetta	1
ge	1
generalizzava	1
generan	1
gerarchie	1
gestisci	1
gexuite	1
geòmetri	1
gh'accattan	1
gh'accresceiva	1
gh'addescia	1
gh'allevan	1
gh'ammuggiavan	1
gh'appartëgnan	1
gh'appensi	1
gh'appontellavimo	1
gh'arrangesse	1
gh'arrangiava	1
gh'arrembi	1
gh'assette	1
gh'attaccan	1
gh'attaccavan	1
gh'attribuiscian	1
gh'attrovià	1
gh'impan	1
gh'incontrava	1
gh'inzenoggia	1
gh'obedivan	1
gh'occoran	1
gh'òffre	1
ghiccio	1
gianchetto	1
giandoña	1
giasci	1
giasciâse	1
giasciæ	1
giassan	1
giassava	1
gieiva	1
giornalæa	1
giuliaña	1
già	1
giänenti	1
glorificou	1
gnagnoe	1
gnao	1
gnecca	1
governava	1
grammatiche	1
grammixe	1
granfignava	1
graçioxi	1
groppâ	1
gru	1
gräie	1
guarii	1
guariscian	1
guariæ	1
guariò	1
guernîla	1
guerse	1
guiddatô	1
guiddavan	1
guägnâte	1
guæña	1
gämisti	1
gòtiche	1
gödii	1
gözi	1
identificâlo	1
ideològiche	1
ideâ	1
imaginavan	1
imaginâlo	1
imaginäi	1
imagiño	1
imbagian	1
imbarassa	1
imbarcan	1
imbastia	1
imbessii	1
imboscadde	1
imbottiggian	1
imbragou	1
imbriægan	1
imbroggemmo	1
imbroggiavan	1
imitan	1
imitæ	1
imminenti	1
impascibili	1
impastæ	1
impaçienti	1
impeatoî	1
impediscian	1
imperatoî	1
impermeabile	1
imponenti	1
importemmo	1
importou	1
imposcibili	1
impostæ	1
impottæ	1
impoxiçion	1
impremuâghe	1
imprendesse	1
imprendila	1
imprestan	1
imprestâme	1
impromisse	1
impronta	1
improvisæ	1
inandieiva	1
inandiemo	1
inandite	1
inaro	1
inaspëtæ	1
inaugurâ	1
incallan	1
inciastra	1
inclusa	1
inconscienti	1
incorpou	1
incòmmode	1
indaghiemo	1
indago	1
indicavan	1
indichessan	1
indirissi	1
indispòsto	1
indua	1
infainou	1
infestou	1
infettâ	1
influente	1
informali	1
infornou	1
infrequenti	1
ingannavan	1
ingessâ	1
ingheuggighe	1
inghignonou	1
ingianchia	1
ingiäniscian	1
ingombæ	1
ingrandia	1
inlardonâ	1
inlassou	1
inluddiemo	1
inluminâme	1
inmortale	1
inmortalitæ	1
innamoavan	1
inoscidabili	1
inquaddrâ	1
insavonou	1
inscian	1
inscinua	1
insegnamento	1
insenscibili	1
insugâ	1
insòliti	1
intaggi	1
intendi	1
interrogan	1
interrogæ	1
interrompîla	1
interrompîte	1
interruttoî	1
interræ	1
intervegnue	1
intoppan	1
introversci	1
inveddrou	1
inventäi	1
inverdugan	1
inverdugæ	1
inversæ	1
invescigan	1
investan	1
invexendoin	1
invia	1
invitavan	1
involontäia	1
inçerte	1
irlandeixi	1
ironie	1
isacco	1
islandeixi	1
isoan	1
isoanti	1
isterichi	1
istruçioin	1
l'82	1
l'83	1
l'abaco	1
l'abimmava	1
l'abordisse	1
l'abrogava	1
l'acca	1
l'accapitava	1
l'accapià	1
l'accompagne	1
l'accompagnesse	1
l'acconsava	1
l'accordava	1
l'acquixiva	1
l'addesciâse	1
l'addestra	1
l'affronte	1
l'aggiva	1
l'aggranfia	1
l'agguantava	1
l'agiva	1
l'alimentava	1
l'allarghià	1
l'allasca	1
l'alleitava	1
l'allonghiva	1
l'allontanava	1
l'allontanâme	1
l'alluddeiva	1
l'allögiava	1
l'altera	1
l'ammancava	1
l'ammassavan	1
l'anfitiatro	1
l'angosciæ	1
l'animaçion	1
l'antenna	1
l'anâsene	1
l'appartegnisse	1
l'apparten	1
l'appaxentava	1
l'appiccava	1
l'appontava	1
l'appontellava	1
l'apprica	1
l'appricaçion	1
l'approfondiva	1
l'approvixonamento	1
l'appægiava	1
l'arcaico	1
l'ardiva	1
l'aringa	1
l'armanacco	1
l'arrampinava	1
l'arrangiava	1
l'arrappa	1
l'arrecovia	1
l'arregordiò	1
l'arrezan	1
l'arrigoelava	1
l'arrissatua	1
l'arrivieiva	1
l'arronsa	1
l'arröbe	1
l'asbascia	1
l'asbrivava	1
l'ascadi	1
l'asccianava	1
l'ascordià	1
l'asgreiava	1
l'assascinava	1
l'asseguià	1
l'assemenava	1
l'assesto	1
l'assettià	1
l'asseunnan	1
l'assunnava	1
l'astallava	1
l'astrenze	1
l'atelié	1
l'attacche	1
l'attacchià	1
l'attorniava	1
l'attrava	1
l'attraversava	1
l'attuscegava	1
l'aumentava	1
l'avansià	1
l'aviësci	1
l'avvantava	1
l'avvenava	1
l'avvia	1
l'axima	1
l'azzonzià	1
l'azöto	1
l'ebraismo	1
l'egualiansa	1
l'eleze	1
l'eliminava	1
l'emerzeiva	1
l'emette	1
l'ensi	1
l'equilibrava	1
l'erze	1
l'eu	1
l'exeguisse	1
l'idealizzava	1
l'idrata	1
l'imagiñi	1
l'imbarsama	1
l'impremuava	1
l'imprescionante	1
l'inara	1
l'incoroña	1
l'indaghe	1
l'indemoniâ	1
l'indennizzava	1
l'indichià	1
l'indignaçion	1
l'indoava	1
l'indoavan	1
l'inforna	1
l'infricciava	1
l'ingannava	1
l'ingarbuggiava	1
l'ingianchiva	1
l'ingrasciava	1
l'insava	1
l'inspeçionava	1
l'instigava	1
l'intaffoava	1
l'intenscifica	1
l'intenscificava	1
l'intestava	1
l'intoppa	1
l'intravëgne	1
l'intrega	1
l'intæro	1
l'ipòcrita	1
l'irrita	1
l'isrælian	1
l'obediva	1
l'ongia	1
l'oraçion	1
l'originäio	1
l'ormon	1
l'ospitià	1
l'osservià	1
l'ultras	1
l'umô	1
l'utente	1
l'æga	1
l'önoava	1
l'öriæ	1
lambicchi	1
lamentâsene	1
lamentæ	1
laschi	1
lastega	1
lavagne	1
lavagniña	1
laveuia	1
lavià	1
leccâla	1
lenguiste	1
leproxi	1
lescicògrafi	1
letterali	1
levadoî	1
levandoghe	1
levandolo	1
levantadda	1
levieiva	1
levime	1
levæve	1
lezzià	1
leçita	1
liberalizzaçion	1
liberavan	1
liguri-piemonteixi	1
lionfanti	1
liquida	1
lisciâ	1
liçense	1
liçensiâve	1
liçensiò	1
locciâlo	1
locomotoî	1
locutoa	1
locutô	1
louo	1
luan	1
lunette	1
lupin	1
luxingou	1
luxöo	1
luæ	1
lägni	1
læxinavan	1
lòffe	1
lödeivi	1
lödo	1
m'abbandonesse	1
m'accapisci	1
m'accordæ	1
m'aise	1
m'ammasse	1
m'ammassessan	1
m'apparten	1
m'arrestiæ	1
m'arrezzeiva	1
m'arrivian	1
m'arrivià	1
m'asciste	1
m'ascurtiësci	1
m'avvoxan	1
m'impoño	1
m'inandie	1
m'indubito	1
m'ingheugge	1
m'inlasso	1
m'inscia	1
m'interessesse	1
maggi	1
magnetichi	1
magnòlia	1
maiâte	1
maleita	1
mandiæ	1
mandâne	1
mandæmeli	1
manezzila	1
mangiæso	1
manisse	1
manoscrite	1
mantellezzâse	1
marcatô	1
marcavan	1
marciæ	1
marcâme	1
marmellan	1
marmotton	1
marmottoña	1
martinpescou	1
marçiscian	1
marçiæ	1
mastrussan	1
mattoî	1
maxellavan	1
mediatichi	1
meditava	1
megioavan	1
megioi	1
megioo	1
meisie	1
meistro-tramontaña	1
meistrâ	1
menasso	1
menissæ	1
mentiò	1
mentoa	1
mentonasca	1
mentonasco	1
mescieiva	1
mesciâseghe	1
mesuavan	1
mettimeghe	1
mettiveghe	1
meuiava	1
meñabellin	1
mi-e	1
miavan	1
migrante	1
miliardäi	1
miliçia	1
milleduxento	1
milleneuve	1
millenäia	1
milligrammi	1
mimosa	1
mincionaie	1
mincioñe	1
misei	1
miödiñe	1
modesti	1
moeña	1
moltiplica	1
monarchica	1
mondiâ	1
montua	1
monumentali	1
monòtone	1
mormoggi	1
mormoæ	1
moroin	1
moscigoe	1
moscolosa	1
mossulmañe	1
mostriæ	1
motorizzæ	1
moæ-figgio	1
muan	1
muatea	1
multilengue	1
multinaçionali	1
muxiçista	1
mäfiadde	1
mäfiaddi	1
mäfæti	1
mäpiggiæ	1
märeduti	1
mätrattâ	1
mëgava	1
mötosappe	1
n'accorziemo	1
n'accorzià	1
n'andesse	1
n'arregordavan	1
n'arregordiemo	1
n'arrivan	1
n'arrive	1
n'arvissan	1
n'asfixava	1
n'aspetan	1
n'assobacca	1
n'avescimo	1
n'avvardan	1
n'impe	1
n'inluminava	1
n'inorbiva	1
n'intoppo	1
n'invitian	1
n'oeiva	1
narratoî	1
naçionalizzâ	1
negavan	1
negavi	1
negoçiavan	1
negâghele	1
neiou	1
nerviña	1
nespoa	1
nettezzavan	1
nettezzâlo	1
neuveçentoçinquanta	1
nevava	1
nissæ	1
niæ	1
nobilitava	1
nominià	1
nomiñan	1
nostalgica	1
nostalgie	1
nuando	1
nuclei	1
obrigatöi	1
obsoleta	1
oegioin	1
offendine	1
offerti	1
offiçiavan	1
offiçieiva	1
offiçio	1
offrimmo	1
omònimi	1
onoräie	1
onzi	1
opportuña	1
ordinäi	1
organiximo	1
organizzavan	1
orizzontali	1
ormezzan	1
ormezzi	1
ormezzoei	1
ortografiche	1
ospitali	1
osservatô	1
ottimiste	1
ottonäi	1
oçeano	1
paggiæña	1
pagâne	1
paisanusse	1
panee	1
papæ	1
paradixi	1
paragonou	1
paragoñan	1
parmæe	1
parriæ	1
parriæn	1
parteçipa	1
paròcchie	1
passaggia	1
passaggiou	1
passavi	1
passessan	1
passiei	1
patanua	1
patentæ	1
patològica	1
pattezzava	1
paîle	1
peccetti	1
pellegramma	1
pendan	1
pendole	1
pentixon	1
pentià	1
pentîve	1
percorrii	1
perdesse	1
perdiæ	1
perdonavan	1
perdonâghe	1
perdonâme	1
perdoñan	1
permettessan	1
permettine	1
perplessa	1
personalizzan	1
personæ	1
perçepisce	1
perçepiva	1
perù	1
pescando	1
pescheuie	1
pescimo	1
pessæ	1
pestava	1
pestegadde	1
petanca	1
petenan	1
peâle	1
picchemmo	1
picchià	1
piggemmose	1
piggiandolo	1
piggiavimo	1
piggiâmene	1
piggiâvene	1
pilottâ	1
pippâ	1
pisaña	1
pivetti	1
platòniche	1
platònichi	1
poetezzâ	1
poetichi	1
poidisnâ-seia	1
polari	1
pompermi	1
ponsoin	1
pontando	1
pontuali	1
ponzan	1
popolou	1
porcussa	1
porpoezzava	1
porriâ	1
portolien	1
portâghene	1
portâsene	1
portâvela	1
porzeivan	1
porzendolo	1
porzue	1
possedan	1
possæ	1
potençiale	1
poxitue	1
poxiçionava	1
poxiçionâse	1
poxiçioño	1
preboggi	1
preboggii	1
prefondan	1
pregandove	1
preghià	1
preindustriali	1
prenottava	1
preoccupæ	1
preparava	1
preparemmo	1
preparian	1
preparâme	1
presbitëi	1
prescriveiva	1
presentesse	1
presentian	1
presentâmeghe	1
preuvila	1
preveddià	1
preveddo	1
prevegnivan	1
preòccupan	1
primmoî	1
privavan	1
privo	1
priñe	1
procuâse	1
produttivi	1
produttoe	1
profittan	1
profittæ	1
profumman	1
progettan	1
progettava	1
promeuvila	1
promeuvo	1
promotoe	1
promoveivan	1
prononçiava	1
propenscioin	1
proponeivan	1
protestæ	1
protette	1
protezo	1
protezzeiva	1
protezzui	1
proveddeiva	1
provensæ	1
provisöie	1
provià	1
præleu	1
pscicanaliste	1
pscichiche	1
pscicòloghi	1
pubricavan	1
pubriçitäie	1
pämento	1
pæ	1
pëgiña	1
pëtenavan	1
pòllini	1
pòlliçe	1
pòrtile	1
pòrzo	1
pöc'uga	1
qualitæ-prexo	1
quand'a-o	1
quand'anava	1
quand'arriviemo	1
quant'ean	1
quantificâ	1
quaterni	1
quattroçentonovanta	1
quattroçentottanta	1
quell'anello	1
quell'artexan	1
quell'attoa	1
quell'esperiensa	1
quell'imbarasso	1
quell'inguento	1
quell'uga	1
quest'assensa	1
quetæ	1
radiccioin	1
ranghezzi	1
rançia	1
rappusso	1
rapresentanti	1
rasccetta	1
rasccia	1
rasccian	1
raspe	1
rassegnan	1
rattalegua	1
rattello	1
ravattando	1
raxoneivi	1
razzonte	1
razzonzeivan	1
razzonzila	1
razzonzile	1
raçionalisti	1
reagii	1
reagiscian	1
realistichi	1
realizzo	1
reanimaçioin	1
reaçionäia	1
rebellioin	1
recampou	1
recangi	1
reciammæ	1
reclammâ	1
recompense	1
reconosceivan	1
reconstruan	1
recoran	1
refiose	1
refioxi	1
reflettighe	1
refrescava	1
refrescummi	1
refuggi	1
regallavan	1
regattâ	1
regiavan	1
registi	1
regoliçie	1
regordâlo	1
reincarnaçioin	1
reise	1
relatoî	1
remediæ	1
remetto	1
remeña	1
remissi	1
remmo	1
remmæ	1
remöta	1
rendimene	1
rendiæ	1
renoelâle	1
renonçian	1
renonçiava	1
renonçiæ	1
rensenin	1
renseniña	1
reparpæ	1
repassava	1
repentii	1
repentin	1
repetili	1
repetui	1
repigge	1
repiggieiva	1
repiggiâve	1
replichiemo	1
reportiemo	1
reportiâ	1
represento	1
reprican	1
repòrti	1
rescatti	1
rescattâse	1
rescidençiali	1
rescignava	1
rescistan	1
rescistii	1
resciuscitan	1
resegondan	1
resegondo	1
resoluta	1
resoluto	1
resolveivan	1
respettemmo	1
respetti	1
respiavan	1
respondendo	1
restanti	1
restaura	1
restian	1
resurtati	1
resòlte	1
resòlvite	1
resòlvo	1
retribuio	1
rettoe	1
retëgno	1
reunii	1
reventa	1
revocava	1
revoluçionäia	1
rexiliente	1
rexisteivan	1
rexistian	1
rezzeivan	1
reçeiveivan	1
reçeivile	1
reçiclaggi	1
reçitan	1
rieivimo	1
rigoroxi	1
rinforsâselo	1
rinfòrse	1
rinvegniva	1
ripetiçion	1
ripöso	1
riscatti	1
risparmi	1
risparmiava	1
rispettæ	1
rispondan	1
rispondo	1
ritorni	1
rivoluçionäia	1
riçerche	1
roggiava	1
rolò	1
rompimmo	1
ronse	1
rossazze	1
rostisce	1
roviñe	1
rubriche	1
rudeghi	1
rurali	1
ruscia-ciña	1
ruspi	1
ruxentæ	1
rägnan	1
röche	1
röchi	1
s'acciammava	1
s'accianta	1
s'accompagnan	1
s'adatta	1
s'addesce	1
s'addesciavan	1
s'amma	1
s'ammagonava	1
s'ammuggessan	1
s'anavimo	1
s'appellan	1
s'applica	1
s'armonizzava	1
s'arrangiavimo	1
s'arreisega	1
s'arrensenisce	1
s'arrigoan	1
s'arrissava	1
s'arrivesse	1
s'arrivo	1
s'arroiñan	1
s'aspëtæ	1
s'assettavan	1
s'attacche	1
s'avià	1
s'impoñe	1
s'impua	1
s'incomensa	1
s'infranchisce	1
s'inlassa	1
s'insciava	1
s'inspaximan	1
s'inspira	1
s'integran	1
s'intra	1
s'inversa	1
s'invita	1
s'òccupe	1
saa	1
saccei	1
safren	1
sagrestie	1
sagrinâ	1
saiæn	1
saluemmo	1
saluesse	1
sambughi	1
sanguinose	1
sanremmasche	1
sançionava	1
sarmaxe	1
sarpava	1
sartô	1
sarvataggi	1
sarvavan	1
sarçia	1
sarçiva	1
sascelliña	1
satisfaçioin	1
satisfæte	1
saturno	1
saveighele	1
saviëscimo	1
saña-voæ	1
sbattui	1
sbiggia	1
sbraggiâghe	1
scandaggiava	1
scandalizzavan	1
scangian	1
scappian	1
scappià	1
scappussi	1
scarabòcci	1
scarta	1
scartan	1
scarti	1
scassavan	1
scavissi	1
scavissæ	1
scciancan	1
scciappo	1
scciattâ	1
sccioie	1
sccionfou	1
scecchi	1
scentavimo	1
scente	1
scerbamenti	1
scernie	1
scheusse	1
schiffie	1
schiffii	1
schinfioxi	1
schissi	1
schivià	1
sciabbre	1
sciacchiemo	1
sciacco	1
sciallâ	1
sciampraddan	1
scignoezza	1
scigoan	1
scigoelâ	1
scigoæ	1
scilençiose	1
scillabâ	1
scimulando	1
scincrona	1
scinònimi	1
scioià	1
scioou	1
sciorbie	1
sciortiemo	1
sciscia	1
sciughi	1
sciuscessan	1
sciòppoi	1
scombattuo	1
scontava	1
scontâla	1
sconzuava	1
sconzuâlo	1
scorpî	1
scorrezza	1
scorrîla	1
scoverti	1
scricchii	1
scricchiscian	1
scrimma	1
scrivemmo	1
scrivighene	1
scroscisse	1
scrovîla	1
scròllan	1
scuaie	1
scuggee	1
scurtoî	1
scusava	1
scuveivan	1
scötrio	1
scöxisci	1
scöxîme	1
segnava	1
segnavan	1
semestri	1
semeño	1
semifreidi	1
semplificava	1
senati	1
seneixi	1
sentian	1
serraggio	1
serrian	1
serræla	1
servixoso	1
serviò	1
settima	1
sexîghe	1
sezzeximo	1
sfacciadda	1
sfacciaddo	1
sfeugge	1
sforsâse	1
sfrenâ	1
sfrettâ	1
sfrütava	1
sfòrsan	1
sgarbellâse	1
sguarroin	1
sguassoxi	1
sia	1
smeriggiou	1
smissa	1
soccorrii	1
soddisfa	1
sofferti	1
soffocava	1
solisti	1
sollevemmo	1
somministraçioin	1
sonniferi	1
sopportæ	1
soppressa	1
sopprimmile	1
soppòrtan	1
sorveggia	1
sorvevisciui	1
sorvielevâ	1
sospettoxi	1
sostegnîne	1
sosten	1
sottan	1
sotterranee	1
sottolinian	1
sottoliniæ	1
sottomariñe	1
sottoscrite	1
soverce	1
sovietiche	1
soçialiste	1
spalancava	1
spampaggia	1
spampaggiavan	1
spampaggiâghe	1
spandan	1
spartiscian	1
spartiscio	1
spartîlo	1
spassoiette	1
spassoin	1
spassæ	1
spaximava	1
spaximavimo	1
spediscian	1
spendine	1
spennaggia	1
sperescimo	1
sperimentaçioin	1
spettiscian	1
speçiali	1
speçifico	1
spirali	1
spiscioeli	1
spontæ	1
sportiggeue	1
sposaliçi	1
sposava	1
sposià	1
spremman	1
spremmise	1
spremmo	1
spuavan	1
spuieiva	1
spuæ	1
spægavan	1
spægo	1
spòrzui	1
squaddræ	1
st'affare	1
st'alternansa	1
st'amô	1
st'appægio	1
st'azzonta	1
st'açienda	1
st'exerçiçio	1
st'inseguessa	1
st'interpretaçion	1
st'interrogatöio	1
st'investimento	1
st'invocaçion	1
st'isoa	1
st'oegê	1
st'ötunno	1
stabilisci	1
stabiliscio	1
stabilivan	1
stabilîlo	1
staccâghene	1
stampavimo	1
stanchiò	1
standardizzava	1
standoghe	1
stiavan	1
stilettan	1
stimmiei	1
stimoli	1
stissan	1
stitico	1
stoccan	1
stomegosa	1
stomegoxi	1
stondäie	1
stoppin	1
storbie	1
storseiva	1
stracoan	1
straddali	1
strafoâ	1
straggiavan	1
straluxia	1
stramua	1
stramuavan	1
strangoæ	1
stranui	1
straponte	1
strappi	1
strasso	1
strassâla	1
strenzendo	1
streppe	1
streppâghe	1
striggiou	1
strioin	1
strixellan	1
strixellâ	1
strosciâ	1
strosciâse	1
studieiva	1
studià	1
stuffâ	1
stæmela	1
stòrsilo	1
stöloin	1
suan	1
subconscio	1
succedià	1
succedue	1
sudafrican	1
sudafricaña	1
sunaggiava	1
sunnavan	1
sunnâse	1
suoî	1
superstiçiose	1
superstiçioxi	1
supervisoî	1
supponemmo	1
suppoñan	1
supricâlo	1
surrealisti	1
surten	1
suâvela	1
sòbrie	1
sòffran	1
sòppa	1
sòtte	1
t'abbandonian	1
t'addesciavi	1
t'aggiuttan	1
t'aisci	1
t'amma	1
t'appascioñe	1
t'appresento	1
t'arria	1
t'arriva	1
t'astrenzeiva	1
t'avvarde	1
t'avvardiò	1
t'azzonzi	1
t'açimenta	1
t'imbriæga	1
taccoin	1
taggia-arma	1
taggieiva	1
taggieivan	1
tangenti	1
tapano	1
tarlucche	1
taxue	1
tañe	1
tecciosa	1
teise	1
telefonavan	1
telefoni	1
telefòniche	1
temmo	1
temmue	1
tempoii	1
tentan	1
tenzeiva	1
tenzeuia	1
termino	1
termòstati	1
territoriali	1
testardi	1
testee	1
teæ	1
tinzeiva	1
tià	1
tiñe	1
topònimi	1
tordo	1
torseiva	1
tortuavan	1
toscia	1
traciantan	1
traciantava	1
traditoa	1
traduxan	1
trafegan	1
trafegæ	1
traghettou	1
tramandavan	1
transcrita	1
transmissa	1
tranxitöia	1
trapassava	1
trapassæ	1
trascrita	1
trascrivilo	1
trasformæ	1
trasmiscioin	1
trasparenti	1
traspòrtan	1
traten	1
tratti	1
trattià	1
trattâme	1
traumatiximo	1
traumi	1
travaggiavimo	1
travaggieiva	1
travaggià	1
traversadde	1
treggi	1
treiquartisti	1
tremmavan	1
tremmæ	1
trenteneuv'anni	1
trentequattr'anni	1
trezzeximo	1
tritollan	1
tronou	1
trovâghela	1
turbolensa	1
turiste	1
tämassi	1
tëgniteli	1
unii-venezuela	1
uniscian	1
unitäi	1
unn'ambasciatoa	1
unn'amixitæ	1
unn'angonia	1
unn'aspertoña	1
unn'autoritæ	1
unn'esploraçion	1
unn'espoxiçion	1
unn'ignorante	1
unn'imitaçion	1
unn'inmenscitæ	1
unn'instituçion	1
unn'ipòcrita	1
unn'osservatoa	1
unn'usansa	1
unn'òpera	1
v'accorzei	1
v'aggiutte	1
v'aggiuttiemo	1
v'aggradisce	1
v'arrecommandemmo	1
v'arvî	1
v'attreuvo	1
v'aviæ	1
v'intendo	1
v'ê	1
vaghi	1
vagiñe	1
valide	1
vallià	1
valuavan	1
valuemmo	1
valuo	1
vanilie	1
vao	1
variæ	1
vaste	1
vasti	1
veggiava	1
vegnîla	1
veloxitæ	1
vendicâve	1
vendine	1
vendiò	1
ventilatoî	1
ventilâ	1
ventri	1
vergognava	1
vermot	1
vernasseua	1
vernixava	1
vernixoei	1
veroña	1
versan	1
versâli	1
vertadëi	1
vescia	1
vestan	1
vestimmo	1
vestià	1
vibraçioin	1
vinteutt'anni	1
vintiquattreximo	1
viri	1
viròlla	1
vischi	1
vivian	1
viviei	1
viçedirettoe	1
voendoghe	1
vonzeivan	1
vote	1
votesse	1
vuiësci	1
vuæ	1
vòrtan	1
zaccaia	1
zebibbo	1
zena-busalla	1
zeneivi	1
zenestra	1
zenzai	1
zinzanavan	1
zizania	1
zodiaco	1
zughemmosela	1
æñe	1
çellaschi	1
çensue	1
çentotrentequattro	1
çentrocampisti	1
çerchite	1
çercâghe	1
çerneggiava	1
çernila	1
çertifica	1
çessando	1
çessâ	1
çetronata	1
çiettoe	1
çimmâ	1
çimmâle	1
çinquantuña	1
çinqueçent'euro	1
çircondava	1
çirillichi	1
çivilizzava	1
ïsi	1
ïsiemo	1
ïsæ	1
òccupa	1
òffro	1
òperan	1
òstreghe	1
ödaçioxi	1
öroe	1
ötöi	1
